{
  "type": "FeatureCollection",
  "name": "routing_product_lake_river",
  "crs": {
    "type": "name",
    "properties": {
      "name": "urn:ogc:def:crs:OGC:1.3:CRS84"
    }
  },
  "features": [
    {
      "type": "Feature",
      "geometry": {
        "type": "MultiLineString",
        "coordinates": [
          [
            [
              -80.27224795333053,
              43.86142883261345
            ],
            [
              -80.27236408600768,
              43.86008265872685
            ],
            [
              -80.2720152169274,
              43.859796618263914
            ],
            [
              -80.2720384443697,
              43.85952738394136
            ],
            [
              -80.27168958051706,
              43.85924134260649
            ],
            [
              -80.27171280932201,
              43.8589721085556
            ],
            [
              -80.27210812532904,
              43.858719681523205
            ],
            [
              -80.27213135185966,
              43.858450447566995
            ],
            [
              -80.27252666218341,
              43.858198019131756
            ],
            [
              -80.27254988643979,
              43.85792878527029
            ],
            [
              -80.27373578945117,
              43.857171491538544
            ],
            [
              -80.27378222500288,
              43.85663302410936
            ],
            [
              -80.27417751464081,
              43.856380590060105
            ],
            [
              -80.27420073002882,
              43.85611135648617
            ],
            [
              -80.27499129430264,
              43.85560648417677
            ],
            [
              -80.27536336173488,
              43.85562327947779
            ],
            [
              -80.27575863682638,
              43.85537083980558
            ],
            [
              -80.27687483571765,
              43.85542121355887
            ],
            [
              -80.27766536544756,
              43.85491632154408
            ],
            [
              -80.27775815471101,
              43.853839386815345
            ],
            [
              -80.27740929720532,
              43.85355336669157
            ],
            [
              -80.27778135145786,
              43.853570153362426
            ],
            [
              -80.27896708809268,
              43.85281280484841
            ],
            [
              -80.2793159490095,
              43.853098819503614
            ],
            [
              -80.27971118773698,
              43.852846365775875
            ],
            [
              -80.28082733890965,
              43.85289669726381
            ],
            [
              -80.28122256922892,
              43.85264423790432
            ],
            [
              -80.28159461848402,
              43.852661011017325
            ],
            [
              -80.28198984357634,
              43.85240854884375
            ],
            [
              -80.28236189146813,
              43.85242531922757
            ],
            [
              -80.2827571113335,
              43.852172854239974
            ],
            [
              -80.28312915786191,
              43.85218962189463
            ],
            [
              -80.28352437250032,
              43.85193715409306
            ],
            [
              -80.28389641766528,
              43.851953919018584
            ],
            [
              -80.28429162707674,
              43.8517014484031
            ],
            [
              -80.28466367087817,
              43.851718210599515
            ],
            [
              -80.28505887506267,
              43.85146573717016
            ],
            [
              -80.28543091750052,
              43.85148249663751
            ],
            [
              -80.28582611645804,
              43.85123002039434
            ],
            [
              -80.28805836631061,
              43.85133054101776
            ],
            [
              -80.28924391272987,
              43.85057307850279
            ],
            [
              -80.28961595039387,
              43.850589823092804
            ],
            [
              -80.29080145931552,
              43.84983234370768
            ],
            [
              -80.29117349243339,
              43.849849082751646
            ],
            [
              -80.29314925996157,
              43.848586581970565
            ],
            [
              -80.29317237898815,
              43.848317347007075
            ],
            [
              -80.29356751954143,
              43.84806484264039
            ],
            [
              -80.29359063629649,
              43.84779560777251
            ],
            [
              -80.29635650405737,
              43.846028037903174
            ],
            [
              -80.29647201287375,
              43.84468186507615
            ]
          ],
          [
            [
              -80.29647201287375,
              43.84468186507615
            ],
            [
              -80.2964951139571,
              43.84441263078653
            ],
            [
              -80.29689021111453,
              43.84416011521047
            ],
            [
              -80.296913309927,
              43.843890881016705
            ],
            [
              -80.2973084014049,
              43.843638364040196
            ],
            [
              -80.29735459426166,
              43.843099895936405
            ],
            [
              -80.29774967801599,
              43.84284737756349
            ],
            [
              -80.2978189594695,
              43.842039676109465
            ],
            [
              -80.29821403345647,
              43.84178715634421
            ],
            [
              -80.29842184718848,
              43.839364056986426
            ],
            [
              -80.29807297402253,
              43.83907811119589
            ],
            [
              -80.29814224596197,
              43.838270413606764
            ],
            [
              -80.297793381203,
              43.837984467304395
            ],
            [
              -80.29786265587616,
              43.83717677108413
            ],
            [
              -80.29751379952376,
              43.836890824270014
            ],
            [
              -80.29765235229843,
              43.835275435396774
            ],
            [
              -80.29730350912395,
              43.8349894886115
            ],
            [
              -80.29737278722513,
              43.83418179595896
            ],
            [
              -80.2977678067153,
              43.83392928053582
            ],
            [
              -80.2974189714934,
              43.83364333465134
            ],
            [
              -80.2974420632878,
              43.833374104135764
            ],
            [
              -80.29709323329027,
              43.833088157379656
            ]
          ],
          [
            [
              -80.29709323329027,
              43.833088157379656
            ],
            [
              -80.29674440692656,
              43.832802209571796
            ],
            [
              -80.29690606541091,
              43.83091760106654
            ],
            [
              -80.29730106356148,
              43.83066508850932
            ],
            [
              -80.29732415468142,
              43.830395859095866
            ]
          ]
        ]
      },
      "properties": {
        "SubId": 29003600.0,
        "DowSubId": 29016489.0,
        "RivSlope": 0.00221634287313,
        "RivLength": 5010.73159852,
        "BasSlope": 1.78705252158,
        "BasAspect": 166.388611009,
        "BasArea": 25047000.0,
        "BkfWidth": 43.7501297613,
        "BkfDepth": 0.797171701743,
        "Lake_Cat": 0.0,
        "HyLakeId": 0.0,
        "LakeVol": 0.0,
        "LakeDepth": 0.0,
        "LakeArea": 0.0,
        "Laketype": 0.0,
        "Has_POI": 0.0,
        "MeanElev": 470.723770837,
        "FloodP_n": 0.05,
        "Q_Mean": 35.9994623769,
        "Ch_n": 0.0352683912476,
        "DrainArea": 691536600.0,
        "Strahler": 3.0,
        "Seg_ID": 9283.0,
        "Seg_order": 3.0,
        "Max_DEM": 436.82598877,
        "Min_DEM": 427.652008057,
        "Obs_NM": "<NA>",
        "SRC_obs": "<NA>",
        "centroid_x": -79.9981314695,
        "centroid_y": 43.2762004193,
        "DA_Chn_L": 70511.1882582,
        "DA_Slope": 0.203613949105,
        "DA_Chn_Slp": 0.00197332787253,
        "outletLat": 43.83066509,
        "outletLng": -80.29730106,
        "k": 0.0653543025255,
        "c": 0.969084024429,
        "Region": "SW",
        "Sub_Reg": "02G",
        "Subregion": "SWS",
        "rvhName": "sub29003600"
      }
    },
    {
      "type": "Feature",
      "geometry": {
        "type": "LineString",
        "coordinates": [
          [
            -80.44496195472914,
            43.69344486413146
          ],
          [
            -80.44112635664773,
            43.6903053990461
          ],
          [
            -80.44075535712088,
            43.69028919590026
          ],
          [
            -80.44040669011399,
            43.69000378244755
          ],
          [
            -80.43892270229897,
            43.68993895177308
          ],
          [
            -80.43822539534983,
            43.689368111865676
          ],
          [
            -80.43831476402086,
            43.68829127966875
          ],
          [
            -80.43870808917325,
            43.688038283537274
          ],
          [
            -80.43875276814379,
            43.6874998680312
          ],
          [
            -80.43840412919457,
            43.68721444899797
          ],
          [
            -80.43842646994158,
            43.686945241568765
          ],
          [
            -80.43668333738586,
            43.68551813155041
          ],
          [
            -80.43631237143926,
            43.68550191274028
          ],
          [
            -80.43491793858972,
            43.68436020089587
          ],
          [
            -80.43494029523046,
            43.6840909952747
          ],
          [
            -80.43459169764697,
            43.68380556486895
          ],
          [
            -80.43472584243352,
            43.68219033423203
          ],
          [
            -80.43511914048325,
            43.681937353742306
          ],
          [
            -80.43516384960955,
            43.68139894431413
          ]
        ]
      },
      "properties": {
        "SubId": 29003708.0,
        "DowSubId": 29003715.0,
        "RivSlope": 0.0173342315601,
        "RivLength": 1805.51298552,
        "BasSlope": 3.52334057377,
        "BasAspect": 176.137505594,
        "BasArea": 1858500.0,
        "BkfWidth": 23.855360943,
        "BkfDepth": 0.554007777313,
        "Lake_Cat": 0.0,
        "HyLakeId": 0.0,
        "LakeVol": 0.0,
        "LakeDepth": 0.0,
        "LakeArea": 0.0,
        "Laketype": 0.0,
        "Has_POI": 1.0,
        "MeanElev": 400.709964144,
        "FloodP_n": 0.0980561763703,
        "Q_Mean": 10.9775896165,
        "Ch_n": 0.0980561763703,
        "DrainArea": 197798400.0,
        "Strahler": 1.0,
        "Seg_ID": 344.0,
        "Seg_order": 3.0,
        "Max_DEM": 390.266723633,
        "Min_DEM": 358.969543457,
        "Obs_NM": "02GA-18&02GA-18&02GA-18&02GA-18",
        "SRC_obs": "OIHQUAT&OIHQUAT&OIHQUAT&OIHQUAT",
        "centroid_x": -79.4530927126,
        "centroid_y": 43.1588973106,
        "DA_Chn_L": 46855.9869762,
        "DA_Slope": 0.561255430409,
        "DA_Chn_Slp": 0.00315673222878,
        "outletLat": 43.68166815,
        "outletLng": -80.4351415,
        "k": 0.0653543025255,
        "c": 0.969084024429,
        "Region": "SW",
        "Sub_Reg": "02G",
        "Subregion": "SWS",
        "rvhName": "02GA-18&02GA-18&02GA-18&02GA-18"
      }
    },
    {
      "type": "Feature",
      "geometry": {
        "type": "LineString",
        "coordinates": [
          [
            -80.43224109102626,
            43.68073070688554
          ],
          [
            -80.43258965694469,
            43.6810161439179
          ],
          [
            -80.43333152639383,
            43.68104860644976
          ],
          [
            -80.43368009998056,
            43.68133403997034
          ],
          [
            -80.43516384960955,
            43.68139894431413
          ]
        ]
      },
      "properties": {
        "SubId": 29003709.0,
        "DowSubId": 29003715.0,
        "RivSlope": 0.051333627613,
        "RivLength": 264.852813742,
        "BasSlope": 6.67371662403,
        "BasAspect": 162.445707869,
        "BasArea": 81900.0,
        "BkfWidth": 47.4035624056,
        "BkfDepth": 0.836470933993,
        "Lake_Cat": 0.0,
        "HyLakeId": 0.0,
        "LakeVol": 0.0,
        "LakeDepth": 0.0,
        "LakeArea": 0.0,
        "Laketype": 0.0,
        "Has_POI": 0.0,
        "MeanElev": 379.15736037,
        "FloodP_n": 0.05,
        "Q_Mean": 43.346792607,
        "Ch_n": 0.049681639329,
        "DrainArea": 816020100.0,
        "Strahler": 3.0,
        "Seg_ID": 9366.0,
        "Seg_order": 8.0,
        "Max_DEM": 372.474853516,
        "Min_DEM": 358.878997803,
        "Obs_NM": "<NA>",
        "SRC_obs": "<NA>",
        "centroid_x": -79.4020552843,
        "centroid_y": 43.1633709883,
        "DA_Chn_L": 95366.3895402,
        "DA_Slope": 0.355511247767,
        "DA_Chn_Slp": 0.00218099567221,
        "outletLat": 43.68138272,
        "outletLng": -80.43479291,
        "k": 0.0653543025255,
        "c": 0.969084024429,
        "Region": "SW",
        "Sub_Reg": "02G",
        "Subregion": "SWS",
        "rvhName": "sub29003709"
      }
    },
    {
      "type": "Feature",
      "geometry": {
        "type": "LineString",
        "coordinates": [
          [
            -80.43516384960955,
            43.68139894431413
          ],
          [
            -80.43590572573618,
            43.68143138858789
          ],
          [
            -80.43629901293943,
            43.681178403923255
          ],
          [
            -80.43666994974161,
            43.68119462268385
          ],
          [
            -80.4374565101236,
            43.680688646376424
          ],
          [
            -80.43782744396611,
            43.680704861017254
          ],
          [
            -80.43940051498905,
            43.67969288609773
          ],
          [
            -80.43977144269341,
            43.679709093815546
          ],
          [
            -80.44252416667196,
            43.677938074327415
          ],
          [
            -80.44289508347015,
            43.67795427091781
          ],
          [
            -80.44328831370298,
            43.67770126116725
          ],
          [
            -80.44365922913018,
            43.677717455039826
          ],
          [
            -80.44405245415865,
            43.67746444249658
          ],
          [
            -80.44442336821479,
            43.67748063365136
          ],
          [
            -80.4483554037838,
            43.67495041769717
          ],
          [
            -80.44844455088342,
            43.673873598333024
          ],
          [
            -80.4480959479873,
            43.67358821701655
          ],
          [
            -80.45163439410815,
            43.67131091682821
          ]
        ]
      },
      "properties": {
        "SubId": 29003715.0,
        "DowSubId": 29003730.0,
        "RivSlope": 0.014784596111,
        "RivLength": 1887.35064736,
        "BasSlope": 3.40552170345,
        "BasAspect": 196.894737402,
        "BasArea": 3017700.0,
        "BkfWidth": 52.7362250203,
        "BkfDepth": 0.891722427396,
        "Lake_Cat": 0.0,
        "HyLakeId": 0.0,
        "LakeVol": 0.0,
        "LakeDepth": 0.0,
        "LakeArea": 0.0,
        "Laketype": 0.0,
        "Has_POI": 0.0,
        "MeanElev": 384.852314336,
        "FloodP_n": 0.0927483078358,
        "Q_Mean": 53.6479442399,
        "Ch_n": 0.0927483078358,
        "DrainArea": 1016836200.0,
        "Strahler": 3.0,
        "Seg_ID": 9457.0,
        "Seg_order": 1.0,
        "Max_DEM": 373.517852783,
        "Min_DEM": 345.614135742,
        "Obs_NM": "<NA>",
        "SRC_obs": "<NA>",
        "centroid_x": -79.4902986049,
        "centroid_y": 43.1651987842,
        "DA_Chn_L": 97253.7401875,
        "DA_Slope": 0.295407624943,
        "DA_Chn_Slp": 0.00242558691776,
        "outletLat": 43.67156396,
        "outletLng": -80.45124125,
        "k": 0.0653543025255,
        "c": 0.969084024429,
        "Region": "SW",
        "Sub_Reg": "02G",
        "Subregion": "SWS",
        "rvhName": "sub29003715"
      }
    },
    {
      "type": "Feature",
      "geometry": {
        "type": "LineString",
        "coordinates": [
          [
            -80.45163439410815,
            43.67131091682821
          ],
          [
            -80.45172347117399,
            43.67023410010089
          ],
          [
            -80.45211660568246,
            43.66998105983624
          ],
          [
            -80.4522724679889,
            43.668096634325956
          ],
          [
            -80.45266558470989,
            43.66784359274595
          ],
          [
            -80.45291046736364,
            43.66488236226363
          ],
          [
            -80.45256189825051,
            43.66459699940739
          ],
          [
            -80.45258416059269,
            43.66432779739241
          ],
          [
            -80.452235596682,
            43.66404243366718
          ],
          [
            -80.45225786039545,
            43.66377323192907
          ],
          [
            -80.45121219511013,
            43.66291713499701
          ],
          [
            -80.4512344633725,
            43.662647933897794
          ],
          [
            -80.45088591709269,
            43.66236256633512
          ],
          [
            -80.4509081867261,
            43.662093365512845
          ],
          [
            -80.45055964564818,
            43.66180799708141
          ],
          [
            -80.45060418743918,
            43.66126959608676
          ],
          [
            -80.45025565315174,
            43.660984226967685
          ],
          [
            -80.45032246897091,
            43.660176626738505
          ],
          [
            -80.44997394306235,
            43.65989125711299
          ],
          [
            -80.45015212170618,
            43.6577376621738
          ],
          [
            -80.45093822310622,
            43.657231600863355
          ],
          [
            -80.45102729100977,
            43.65615480578553
          ],
          [
            -80.45067878690493,
            43.65586944010745
          ],
          [
            -80.45070105492492,
            43.65560024175927
          ],
          [
            -80.45035255602076,
            43.65531487521286
          ],
          [
            -80.45061977433784,
            43.652084504703545
          ],
          [
            -80.45027129810491,
            43.6517991392822
          ],
          [
            -80.45029356647098,
            43.651529942545736
          ],
          [
            -80.4499450954379,
            43.651244576256325
          ],
          [
            -80.44996736517434,
            43.650975379797266
          ],
          [
            -80.44927043711928,
            43.6504046444333
          ],
          [
            -80.44929270981407,
            43.65013544843295
          ],
          [
            -80.44859579938114,
            43.64956470923485
          ],
          [
            -80.44861807503409,
            43.64929551369328
          ],
          [
            -80.4482696268227,
            43.649010142701876
          ],
          [
            -80.44847011219012,
            43.64658738878869
          ],
          [
            -80.45043497934904,
            43.64532227637674
          ],
          [
            -80.45047950902561,
            43.64478388778814
          ]
        ]
      },
      "properties": {
        "SubId": 29003730.0,
        "DowSubId": 29016588.0,
        "RivSlope": 0.00246202415484,
        "RivLength": 3275.51298552,
        "BasSlope": 2.88662945131,
        "BasAspect": 180.789861805,
        "BasArea": 4473900.0,
        "BkfWidth": 53.0051336028,
        "BkfDepth": 0.89444785397,
        "Lake_Cat": 0.0,
        "HyLakeId": 0.0,
        "LakeVol": 0.0,
        "LakeDepth": 0.0,
        "LakeArea": 0.0,
        "Laketype": 0.0,
        "Has_POI": 0.0,
        "MeanElev": 366.444263066,
        "FloodP_n": 0.05,
        "Q_Mean": 54.1964542487,
        "Ch_n": 0.0378532843495,
        "DrainArea": 1027566000.0,
        "Strahler": 3.0,
        "Seg_ID": 9458.0,
        "Seg_order": 1.0,
        "Max_DEM": 347.067352295,
        "Min_DEM": 339.002960205,
        "Obs_NM": "<NA>",
        "SRC_obs": "<NA>",
        "centroid_x": -79.4030972652,
        "centroid_y": 43.0994530128,
        "DA_Chn_L": 100529.253173,
        "DA_Slope": 0.304891032109,
        "DA_Chn_Slp": 0.00242677414078,
        "outletLat": 43.64505308,
        "outletLng": -80.45045724,
        "k": 0.0653543025255,
        "c": 0.969084024429,
        "Region": "SW",
        "Sub_Reg": "02G",
        "Subregion": "SWS",
        "rvhName": "sub29003730"
      }
    },
    {
      "type": "Feature",
      "geometry": {
        "type": "MultiLineString",
        "coordinates": [
          [
            [
              -80.52311209396998,
              43.721411231238065
            ],
            [
              -80.5234833274684,
              43.721427142708265
            ],
            [
              -80.52387649756271,
              43.721173814640466
            ],
            [
              -80.5242477296798,
              43.72118972339173
            ],
            [
              -80.52464089455633,
              43.72093639253242
            ],
            [
              -80.52612581878729,
              43.72100000875631
            ],
            [
              -80.52651897365747,
              43.720746670901654
            ],
            [
              -80.52837512579435,
              43.7208261545295
            ],
            [
              -80.52876826906154,
              43.720572808278426
            ],
            [
              -80.53025318824746,
              43.72063636585921
            ],
            [
              -80.53064632150753,
              43.72038301261326
            ],
            [
              -80.53099564912718,
              43.72066813674411
            ],
            [
              -80.53101755024376,
              43.7203988973133
            ],
            [
              -80.53141067828574,
              43.720145541276274
            ],
            [
              -80.53143257716268,
              43.71987630195176
            ],
            [
              -80.53108325230704,
              43.7195911795906
            ],
            [
              -80.53226260734155,
              43.718831107412164
            ],
            [
              -80.53263382607052,
              43.718846986340274
            ],
            [
              -80.53228450152513,
              43.71856186839528
            ],
            [
              -80.5334638178912,
              43.71780178374323
            ],
            [
              -80.53383503002023,
              43.717817658384405
            ],
            [
              -80.53422812663639,
              43.717564292653265
            ],
            [
              -80.53459933738324,
              43.717580164575836
            ],
            [
              -80.53499242878162,
              43.717326796053996
            ],
            [
              -80.53573484772495,
              43.71735853314447
            ],
            [
              -80.53691409061334,
              43.71659841083535
            ],
            [
              -80.53656475816224,
              43.71631330807104
            ],
            [
              -80.53695783145432,
              43.71605993260153
            ],
            [
              -80.5366085021962,
              43.71577483019435
            ],
            [
              -80.53663037389201,
              43.715505591398575
            ],
            [
              -80.53628104985145,
              43.715220488114575
            ],
            [
              -80.53630292292958,
              43.71495124959246
            ],
            [
              -80.53708904883909,
              43.71444450018142
            ],
            [
              -80.53673972915958,
              43.71415939884573
            ],
            [
              -80.53713278625473,
              43.713906023468645
            ],
            [
              -80.5371765228141,
              43.71336754713625
            ],
            [
              -80.53796261804392,
              43.71286079226049
            ],
            [
              -80.53798448195364,
              43.71259155426016
            ],
            [
              -80.5376351693997,
              43.71230645664254
            ],
            [
              -80.53726399336409,
              43.712290595612735
            ],
            [
              -80.53656538316697,
              43.71172039474399
            ],
            [
              -80.53695842363842,
              43.71146702087223
            ],
            [
              -80.53625982706737,
              43.71089681860771
            ],
            [
              -80.536652863062,
              43.710643446171694
            ],
            [
              -80.53630356977907,
              43.7103583448692
            ],
            [
              -80.53632544081378,
              43.71008910814268
            ],
            [
              -80.53671847073558,
              43.709835735741606
            ],
            [
              -80.53674033953199,
              43.70956649912193
            ],
            [
              -80.53713336380922,
              43.709313125343336
            ],
            [
              -80.53717709671152,
              43.708774652412856
            ],
            [
              -80.5368278125771,
              43.708489553594994
            ],
            [
              -80.53684968030328,
              43.70822031745126
            ],
            [
              -80.5372426944598,
              43.707966943731115
            ],
            [
              -80.53733015512795,
              43.706890000155084
            ],
            [
              -80.53698088216564,
              43.7066049025883
            ],
            [
              -80.53704648020752,
              43.70579719644248
            ],
            [
              -80.53669721565288,
              43.70551209835699
            ],
            [
              -80.5370902111654,
              43.70525872615484
            ],
            [
              -80.53711207632334,
              43.704989491153924
            ],
            [
              -80.53606430788113,
              43.7041341953418
            ],
            [
              -80.53495094717549,
              43.70408659210627
            ],
            [
              -80.53390322952431,
              43.70323127569812
            ],
            [
              -80.53311723449114,
              43.70373799333622
            ],
            [
              -80.5330953502816,
              43.70400722703704
            ],
            [
              -80.5327023453118,
              43.704260583784254
            ],
            [
              -80.53196010486228,
              43.70422882573493
            ],
            [
              -80.53161087662168,
              43.70394371127277
            ],
            [
              -80.5312397587423,
              43.70392782903881
            ],
            [
              -80.52914447745121,
              43.702217112717925
            ],
            [
              -80.52875146707565,
              43.702470453986784
            ],
            [
              -80.52838035995937,
              43.70245456163396
            ],
            [
              -80.52768196672248,
              43.70188430913244
            ],
            [
              -80.52731086386869,
              43.701868412995644
            ],
            [
              -80.5269616747031,
              43.70158328392983
            ],
            [
              -80.52656865880445,
              43.70183661677078
            ],
            [
              -80.52552111430938,
              43.70098121900999
            ],
            [
              -80.5259141289211,
              43.70072789040624
            ],
            [
              -80.5259360469656,
              43.70045865942672
            ],
            [
              -80.52558687387138,
              43.70017352632261
            ],
            [
              -80.52519386171271,
              43.70042685350236
            ],
            [
              -80.5248446926665,
              43.70014171793159
            ]
          ],
          [
            [
              -80.5248446926665,
              43.70014171793159
            ],
            [
              -80.52414636543087,
              43.699571443627356
            ],
            [
              -80.52453937630227,
              43.69931812068474
            ],
            [
              -80.52349191130264,
              43.698462705559194
            ],
            [
              -80.52312083273681,
              43.698446794622534
            ],
            [
              -80.52207340637739,
              43.69759136631034
            ],
            [
              -80.52246641264954,
              43.69733805185354
            ],
            [
              -80.52248834621307,
              43.69706882285583
            ],
            [
              -80.52213921249576,
              43.69678367956854
            ],
            [
              -80.52216114743925,
              43.696514450845406
            ],
            [
              -80.52146289404908,
              43.695944161467345
            ],
            [
              -80.52148483196699,
              43.69567493319801
            ],
            [
              -80.52187782726115,
              43.69542162162401
            ],
            [
              -80.52194363365547,
              43.69461393742354
            ],
            [
              -80.52159451833641,
              43.69432879328285
            ],
            [
              -80.52198750351178,
              43.694075481767086
            ],
            [
              -80.52200943811798,
              43.69380625408206
            ],
            [
              -80.52166032758217,
              43.69352111047909
            ],
            [
              -80.52168226356812,
              43.69325188306874
            ],
            [
              -80.52207524064882,
              43.69299857159971
            ],
            [
              -80.5217261348961,
              43.69271342853451
            ],
            [
              -80.52174807023812,
              43.6924442014106
            ],
            [
              -80.522141041248,
              43.692190889976665
            ],
            [
              -80.52179194027828,
              43.69190574744928
            ],
            [
              -80.5218138749764,
              43.69163652061185
            ],
            [
              -80.52111568707883,
              43.691066232754444
            ],
            [
              -80.5215086511596,
              43.69081292418027
            ],
            [
              -80.52157445746116,
              43.690005245352076
            ],
            [
              -80.52052721580667,
              43.689149811514305
            ],
            [
              -80.52092016891169,
              43.68889650582342
            ],
            [
              -80.5205710951658,
              43.68861136051592
            ],
            [
              -80.52059303452339,
              43.688342135160084
            ],
            [
              -80.51954583977178,
              43.687486693454524
            ],
            [
              -80.51956778369654,
              43.68721746873241
            ],
            [
              -80.51886967513603,
              43.68664716935351
            ],
            [
              -80.51926261800091,
              43.6863938707711
            ],
            [
              -80.51928456287543,
              43.6861246465152
            ],
            [
              -80.51858647111196,
              43.685554346106095
            ],
            [
              -80.51897940747772,
              43.685301048971276
            ],
            [
              -80.5179322956711,
              43.68444559469438
            ],
            [
              -80.51795424627637,
              43.684176371443215
            ],
            [
              -80.5169071718017,
              43.68332090822543
            ],
            [
              -80.5173000999505,
              43.68306761818725
            ],
            [
              -80.51695108192936,
              43.682782463087165
            ],
            [
              -80.5162091402352,
              43.68275059414759
            ],
            [
              -80.51586012987681,
              43.68246543552899
            ],
            [
              -80.51588208982844,
              43.68219621345068
            ],
            [
              -80.51553308467996,
              43.68191105395853
            ],
            [
              -80.51516212000953,
              43.681895115132455
            ],
            [
              -80.51411513233178,
              43.68103962663982
            ],
            [
              -80.51450805704309,
              43.68078634789952
            ],
            [
              -80.51346110062259,
              43.679930854166756
            ],
            [
              -80.5123482490955,
              43.679883011804
            ],
            [
              -80.51199927692345,
              43.679597841422954
            ],
            [
              -80.51162832886743,
              43.679581890103194
            ],
            [
              -80.50883669785125,
              43.67730047929536
            ],
            [
              -80.50846576619459,
              43.677284516799546
            ],
            [
              -80.50811683061193,
              43.676999334479156
            ],
            [
              -80.50774590119346,
              43.67698336943453
            ],
            [
              -80.50739697124953,
              43.67669818482921
            ],
            [
              -80.50628419035444,
              43.67665027809989
            ],
            [
              -80.50558635345179,
              43.676079898337754
            ],
            [
              -80.50560836110448,
              43.67581068080112
            ],
            [
              -80.504910541849,
              43.67524029718899
            ],
            [
              -80.50493255247129,
              43.6749710801079
            ],
            [
              -80.50423475086234,
              43.67440069264608
            ],
            [
              -80.50427877783046,
              43.67386225949092
            ],
            [
              -80.50392988563358,
              43.673577064541384
            ],
            [
              -80.503558980491,
              43.6735610847094
            ],
            [
              -80.5032100939323,
              43.673275887475434
            ],
            [
              -80.50209738586561,
              43.67322793638509
            ],
            [
              -80.50170445800865,
              43.67348116580486
            ],
            [
              -80.49984994091238,
              43.67340121399275
            ],
            [
              -80.49915221187062,
              43.67283079382989
            ],
            [
              -80.49917424969136,
              43.672561578861654
            ],
            [
              -80.4981276880173,
              43.671705941267206
            ],
            [
              -80.49814973039818,
              43.67143672693497
            ],
            [
              -80.49745204387366,
              43.67086629697233
            ],
            [
              -80.49754022397539,
              43.66978944204274
            ],
            [
              -80.49719139250222,
              43.66950422620401
            ],
            [
              -80.49758431273257,
              43.66925101515324
            ],
            [
              -80.49765044425132,
              43.66844337553823
            ],
            [
              -80.49804335479857,
              43.66819016313375
            ],
            [
              -80.49841422215302,
              43.66820616242633
            ],
            [
              -80.49880712749417,
              43.66795294723281
            ],
            [
              -80.49845830109419,
              43.66766773635083
            ],
            [
              -80.4996369941382,
              43.66690808667479
            ],
            [
              -80.50000785331882,
              43.66692408028175
            ],
            [
              -80.50079362742665,
              43.66641763742095
            ],
            [
              -80.50085970846119,
              43.66560999895106
            ],
            [
              -80.50164545597718,
              43.66510355060713
            ],
            [
              -80.50171152293841,
              43.66429591307201
            ],
            [
              -80.50210438520817,
              43.664042686852966
            ],
            [
              -80.50212640507551,
              43.663773474545124
            ],
            [
              -80.50526915695677,
              43.661747614910354
            ],
            [
              -80.50563998301213,
              43.661763588409706
            ],
            [
              -80.50642563166177,
              43.66125710681921
            ],
            [
              -80.50644762928583,
              43.66098789464274
            ],
            [
              -80.5068404461683,
              43.66073465177743
            ],
            [
              -80.50690643168416,
              43.65992701586061
            ],
            [
              -80.506208800288,
              43.659356653491024
            ],
            [
              -80.50583799027834,
              43.65934068206432
            ],
            [
              -80.50548918202215,
              43.659055498070074
            ],
            [
              -80.50511837424946,
              43.65903952409556
            ],
            [
              -80.5047695716284,
              43.6587543378178
            ],
            [
              -80.50439876609272,
              43.65873836129551
            ],
            [
              -80.50370117573404,
              43.65816798312152
            ],
            [
              -80.50333037445722,
              43.65815200281968
            ],
            [
              -80.5029815867195,
              43.65786681092356
            ],
            [
              -80.50261078767977,
              43.65785082807402
            ],
            [
              -80.50156445221079,
              43.65699524238135
            ],
            [
              -80.50165252967429,
              43.65591840472922
            ],
            [
              -80.50204533244383,
              43.65566518168066
            ],
            [
              -80.5016965671142,
              43.65537998648017
            ],
            [
              -80.50132578519396,
              43.65536399912442
            ],
            [
              -80.50097702549881,
              43.65507880164088
            ],
            [
              -80.50023546634779,
              43.65504682051855
            ],
            [
              -80.49988671430884,
              43.6547616195204
            ],
            [
              -80.49877438326287,
              43.65471363427336
            ],
            [
              -80.49838157223948,
              43.65496684468586
            ],
            [
              -80.49689846083093,
              43.65490284033495
            ],
            [
              -80.49620099675806,
              43.65433241511864
            ],
            [
              -80.49583022348845,
              43.65431640827827
            ],
            [
              -80.49513277790969,
              43.65374597639448
            ],
            [
              -80.49439124010468,
              43.65371395384029
            ],
            [
              -80.49399841605776,
              43.65396714741642
            ],
            [
              -80.49397636037425,
              43.65423635433952
            ],
            [
              -80.49358353069286,
              43.65448954653938
            ],
            [
              -80.4928419837755,
              43.65445751295315
            ],
            [
              -80.49244914730035,
              43.65471070096459
            ],
            [
              -80.49207837257467,
              43.65469468079769
            ],
            [
              -80.49172966501736,
              43.65440945270539
            ],
            [
              -80.4913588925295,
              43.65439342999123
            ],
            [
              -80.4910101906068,
              43.65410819961654
            ],
            [
              -80.49105433065816,
              43.65356978721565
            ],
            [
              -80.49035694401189,
              43.65299932403578
            ],
            [
              -80.48998618141839,
              43.65298329648029
            ],
            [
              -80.48928881326553,
              43.652412826634375
            ],
            [
              -80.48850313320291,
              43.652919173100855
            ],
            [
              -80.48776161039059,
              43.65288710351667
            ],
            [
              -80.48658305366281,
              43.653646604402894
            ],
            [
              -80.48621228780999,
              43.65363056343669
            ],
            [
              -80.48581942675246,
              43.65388372622175
            ],
            [
              -80.48477342758945,
              43.65302797707555
            ],
            [
              -80.48438056421595,
              43.653281134236316
            ],
            [
              -80.48368325036662,
              43.6527106267285
            ],
            [
              -80.48329038424535,
              43.65296377967694
            ],
            [
              -80.48143658492897,
              43.65288350332473
            ],
            [
              -80.48104370724582,
              43.653136647883436
            ],
            [
              -80.48067294644135,
              43.65312058726556
            ],
            [
              -80.48032430793397,
              43.65283532172469
            ],
            [
              -80.48034642979846,
              43.65256611821363
            ],
            [
              -80.47999779649307,
              43.65228085180304
            ],
            [
              -80.48001991973105,
              43.652011648568916
            ],
            [
              -80.47967129162755,
              43.65172638128868
            ],
            [
              -80.47930054071871,
              43.6517103158307
            ],
            [
              -80.4786032993926,
              43.6511397756569
            ],
            [
              -80.47823255274484,
              43.65112370642099
            ],
            [
              -80.47783967288841,
              43.651376838307506
            ],
            [
              -80.47672742947485,
              43.651328618504955
            ],
            [
              -80.47568162014277,
              43.650472781358665
            ],
            [
              -80.47572590714915,
              43.64993437817134
            ],
            [
              -80.47611878643067,
              43.64968125474447
            ],
            [
              -80.47616306852639,
              43.64914285196529
            ],
            [
              -80.47581447856402,
              43.6488575729515
            ],
            [
              -80.47583662087652,
              43.64858837188716
            ],
            [
              -80.47479087742698,
              43.647732529087946
            ],
            [
              -80.47367871028753,
              43.647684277063995
            ],
            [
              -80.47333014242757,
              43.647398990338125
            ],
            [
              -80.47221798330428,
              43.64735072278134
            ],
            [
              -80.47117231959368,
              43.64649484522646
            ],
            [
              -80.4708016063862,
              43.6464787497172
            ],
            [
              -80.47040872551321,
              43.646731852012685
            ],
            [
              -80.47038655741423,
              43.64700105122926
            ],
            [
              -80.4707351075063,
              43.64728634762106
            ],
            [
              -80.47034222056612,
              43.647539449951196
            ],
            [
              -80.4681179038374,
              43.64744283934226
            ]
          ],
          [
            [
              -80.4681179038374,
              43.64744283934226
            ],
            [
              -80.46737646666236,
              43.6474106252815
            ],
            [
              -80.46698356339967,
              43.647663715020315
            ],
            [
              -80.46512996631387,
              43.647583149844436
            ],
            [
              -80.46338738776785,
              43.64615656327094
            ],
            [
              -80.46227526246003,
              43.64610818991858
            ],
            [
              -80.46192676365239,
              43.645822865763314
            ],
            [
              -80.46153384667365,
              43.64607593443946
            ],
            [
              -80.46116313910615,
              43.64605980472665
            ],
            [
              -80.46077021692788,
              43.64631287061337
            ],
            [
              -80.46002879926766,
              43.6462806044404
            ],
            [
              -80.45968031100797,
              43.645995272720334
            ],
            [
              -80.45930960452645,
              43.645979136430014
            ],
            [
              -80.45896112190063,
              43.64569380243004
            ],
            [
              -80.45817525891864,
              43.64619991598657
            ],
            [
              -80.45335607944104,
              43.64598997209333
            ],
            [
              -80.45296312188799,
              43.6462430085814
            ],
            [
              -80.4525924157086,
              43.64622684844218
            ],
            [
              -80.45085020487205,
              43.64480005539479
            ],
            [
              -80.45047950902561,
              43.64478388778814
            ]
          ]
        ]
      },
      "properties": {
        "SubId": 29003731.0,
        "DowSubId": 29016588.0,
        "RivSlope": 0.0052394598176,
        "RivLength": 17433.2921934,
        "BasSlope": 2.106151357,
        "BasAspect": 165.7803574,
        "BasArea": 59178600.0,
        "BkfWidth": 13.8182416647,
        "BkfDepth": 0.399241737092,
        "Lake_Cat": 0.0,
        "HyLakeId": 0.0,
        "LakeVol": 0.0,
        "LakeDepth": 0.0,
        "LakeArea": 0.0,
        "Laketype": 0.0,
        "Has_POI": 0.0,
        "MeanElev": 420.807277343,
        "FloodP_n": 0.0531380954483,
        "Q_Mean": 2.47867968735,
        "Ch_n": 0.0517698597034,
        "DrainArea": 64095300.0,
        "Strahler": 1.0,
        "Seg_ID": 1330.0,
        "Seg_order": 2.0,
        "Max_DEM": 430.5184021,
        "Min_DEM": 339.716278076,
        "Obs_NM": "<NA>",
        "SRC_obs": "<NA>",
        "centroid_x": -79.3646310921,
        "centroid_y": 43.1316790543,
        "DA_Chn_L": 22440.1255224,
        "DA_Slope": 1.16974109912,
        "DA_Chn_Slp": 0.00473945128915,
        "outletLat": 43.64480006,
        "outletLng": -80.4508502,
        "k": 0.0653543025255,
        "c": 0.969084024429,
        "Region": "SW",
        "Sub_Reg": "02G",
        "Subregion": "SWS",
        "rvhName": "sub29003731"
      }
    },
    {
      "type": "Feature",
      "geometry": {
        "type": "MultiLineString",
        "coordinates": [
          [
            [
              -80.36299727250467,
              44.13985655702244
            ],
            [
              -80.36304306802668,
              44.1393178531295
            ],
            [
              -80.36343999105527,
              44.139064989981165
            ],
            [
              -80.36418804294551,
              44.13909796333472
            ],
            [
              -80.36617258683759,
              44.13783361220911
            ],
            [
              -80.36652372530759,
              44.13811944198729
            ],
            [
              -80.36692062351122,
              44.13786656610123
            ],
            [
              -80.36708076260713,
              44.135981102731016
            ],
            [
              -80.36672963496945,
              44.13569527557858
            ],
            [
              -80.3667982674616,
              44.134887221661415
            ],
            [
              -80.36719514090655,
              44.134634345768305
            ],
            [
              -80.36721801588959,
              44.13436499463456
            ],
            [
              -80.368408607986,
              44.133606358461726
            ],
            [
              -80.36847721301467,
              44.13279830557367
            ],
            [
              -80.36927091032763,
              44.132292541046006
            ],
            [
              -80.37039285465113,
              44.13234193653589
            ],
            [
              -80.37144624142456,
              44.133199374527315
            ],
            [
              -80.37142338778075,
              44.133468726184205
            ],
            [
              -80.37212566722759,
              44.13404034651733
            ],
            [
              -80.37249966127101,
              44.134056802905626
            ],
            [
              -80.37285080856957,
              44.13434261022868
            ],
            [
              -80.37322480490113,
              44.13435906404777
            ],
            [
              -80.37520896741286,
              44.133094550172146
            ]
          ],
          [
            [
              -80.37520896741286,
              44.133094550172146
            ],
            [
              -80.37485781579873,
              44.13280875116166
            ],
            [
              -80.37492632441723,
              44.13200069488571
            ],
            [
              -80.37571995042197,
              44.13149488225711
            ],
            [
              -80.376093928119,
              44.13151132582706
            ],
            [
              -80.37768112958494,
              44.130499677933535
            ],
            [
              -80.37803228112675,
              44.13078546669815
            ],
            [
              -80.37915420240938,
              44.130834768742574
            ],
            [
              -80.3798565288905,
              44.13140633561923
            ],
            [
              -80.37981090582488,
              44.13194504145123
            ],
            [
              -80.38191799281046,
              44.13365971851487
            ],
            [
              -80.38266598180384,
              44.13369256038952
            ],
            [
              -80.38306277309584,
              44.133439625078566
            ],
            [
              -80.3831539566796,
              44.13236220891675
            ],
            [
              -80.38355073604765,
              44.13210927219042
            ],
            [
              -80.38319954712252,
              44.13182350135398
            ],
            [
              -80.3835963223662,
              44.131570564627346
            ],
            [
              -80.38394751174094,
              44.13185633404948
            ],
            [
              -80.38432149438734,
              44.13187274840535
            ],
            [
              -80.38467268949897,
              44.13215851551754
            ],
            [
              -80.3850694603544,
              44.131905573133295
            ],
            [
              -80.38511503152448,
              44.13136686505095
            ],
            [
              -80.38551179458099,
              44.13111392125196
            ],
            [
              -80.38586299104098,
              44.13139968412123
            ],
            [
              -80.3862597508722,
              44.131146737493445
            ],
            [
              -80.38630530967006,
              44.130608029410546
            ],
            [
              -80.38560292597649,
              44.130036506123574
            ],
            [
              -80.3852289555171,
              44.1300200963569
            ],
            [
              -80.3845265906455,
              44.1294485663131
            ],
            [
              -80.38454937799493,
              44.12917921317934
            ],
            [
              -80.38384703104593,
              44.12860767920764
            ],
            [
              -80.38347307089624,
              44.12859126323416
            ],
            [
              -80.38241958421568,
              44.12773395053995
            ],
            [
              -80.38246517803807,
              44.1271952464344
            ],
            [
              -80.38286192306482,
              44.1269423139491
            ],
            [
              -80.38288471757696,
              44.126672962025964
            ],
            [
              -80.38328145686782,
              44.12642002812623
            ],
            [
              -80.3833042490934,
              44.126150676289505
            ],
            [
              -80.38409771252968,
              44.125644804246974
            ],
            [
              -80.38339541574801,
              44.12507326980754
            ],
            [
              -80.38227360896613,
              44.125024013311325
            ],
            [
              -80.3819224722711,
              44.12473824076566
            ],
            [
              -80.38194527049565,
              44.124468889794066
            ],
            [
              -80.3812430113509,
              44.12389734184452
            ],
            [
              -80.38126581257463,
              44.12362799130561
            ],
            [
              -80.38091469012468,
              44.12334221590182
            ],
            [
              -80.38098309728257,
              44.12253416532361
            ],
            [
              -80.38217324037656,
              44.121775384837534
            ],
            [
              -80.38219603612828,
              44.12150603481794
            ],
            [
              -80.38338613997774,
              44.12074724160451
            ],
            [
              -80.38198170191144,
              44.11960416602082
            ],
            [
              -80.38237839405018,
              44.11935123777839
            ],
            [
              -80.38240118777898,
              44.11908188853818
            ],
            [
              -80.38398791135896,
              44.11807016142866
            ],
            [
              -80.38401069661832,
              44.117800812275576
            ],
            [
              -80.38440736626993,
              44.11754787696344
            ],
            [
              -80.38443014924356,
              44.11727852789716
            ],
            [
              -80.38562012997855,
              44.11651971347815
            ],
            [
              -80.38599400814837,
              44.11653612157635
            ],
            [
              -80.38634511342481,
              44.11682187758567
            ],
            [
              -80.3867189938801,
              44.11683828311528
            ],
            [
              -80.38830557234381,
              44.11582649379487
            ],
            [
              -80.38832833538208,
              44.11555714447077
            ],
            [
              -80.38797722786067,
              44.11527139553256
            ],
            [
              -80.38799999228635,
              44.11500204646832
            ],
            [
              -80.38764889004932,
              44.11471629663533
            ],
            [
              -80.38804552046439,
              44.11446334860002
            ],
            [
              -80.38809104774465,
              44.11392465107865
            ],
            [
              -80.38848767036599,
              44.11367170163039
            ],
            [
              -80.38860147433635,
              44.11232495934675
            ],
            [
              -80.38825038615607,
              44.11203921248657
            ],
            [
              -80.38787653807934,
              44.112022812495404
            ],
            [
              -80.38752545563167,
              44.11173706332645
            ],
            [
              -80.38763927928831,
              44.1103903253766
            ],
            [
              -80.38803587834667,
              44.11013737876061
            ],
            [
              -80.38819520761811,
              44.10825194927997
            ],
            [
              -80.38898836587596,
              44.107746051813756
            ],
            [
              -80.39004157025734,
              44.10860327715309
            ],
            [
              -80.39043814522475,
              44.108350322057504
            ],
            [
              -80.39081196894425,
              44.108366712874776
            ],
            [
              -80.39085746387248,
              44.10782801830951
            ],
            [
              -80.39015532537533,
              44.107256541820874
            ],
            [
              -80.39017807572608,
              44.10698719501508
            ],
            [
              -80.38982701359626,
              44.10670145534255
            ],
            [
              -80.38984976533416,
              44.106432108796916
            ],
            [
              -80.3887966058072,
              44.105574883893766
            ],
            [
              -80.3876751944312,
              44.10552568616084
            ],
            [
              -80.38732415477809,
              44.10523993866891
            ],
            [
              -80.38657655243603,
              44.10520713106246
            ],
            [
              -80.38622552057416,
              44.1049213800215
            ],
            [
              -80.38503580081321,
              44.10568019015825
            ],
            [
              -80.38466199720554,
              44.105663778882246
            ],
            [
              -80.38426541499835,
              44.105916711354176
            ],
            [
              -80.38277019636902,
              44.10585104732268
            ],
            [
              -80.38279298253553,
              44.10558170259354
            ],
            [
              -80.3824419680528,
              44.105295938798356
            ],
            [
              -80.38253311691635,
              44.104218561444604
            ],
            [
              -80.38218211254836,
              44.10393279727595
            ],
            [
              -80.38222768885409,
              44.10339410946755
            ],
            [
              -80.38152569757415,
              44.10282257862263
            ],
            [
              -80.38040434922844,
              44.10277330359245
            ],
            [
              -80.38005336527497,
              44.10248753284752
            ],
            [
              -80.37967958500259,
              44.10247110394255
            ],
            [
              -80.37827569413619,
              44.10132800533031
            ],
            [
              -80.37752815074666,
              44.10129513361467
            ],
            [
              -80.37682623557748,
              44.1007235729449
            ],
            [
              -80.37689467487247,
              44.099915548128784
            ],
            [
              -80.3772912476424,
              44.099662645353256
            ],
            [
              -80.377314058231,
              44.099393303922234
            ],
            [
              -80.37696311214373,
              44.09910752409568
            ],
            [
              -80.37658935591755,
              44.09909108428605
            ],
            [
              -80.37623841556051,
              44.09880530215228
            ],
            [
              -80.37586466161919,
              44.098788859775176
            ],
            [
              -80.37551372699238,
              44.09850307533427
            ],
            [
              -80.37513997533597,
              44.09848663038974
            ],
            [
              -80.37408719965629,
              44.09762926694587
            ],
            [
              -80.37411002518627,
              44.09735992690393
            ],
            [
              -80.37375910890982,
              44.09707413712979
            ],
            [
              -80.37385041521996,
              44.0959967785275
            ],
            [
              -80.37424697364185,
              44.09574388848041
            ],
            [
              -80.37426979759707,
              44.09547454904791
            ],
            [
              -80.37506289931194,
              44.09496876471486
            ],
            [
              -80.37513135746943,
              44.09416074694237
            ],
            [
              -80.37552789664322,
              44.093907852657416
            ],
            [
              -80.37555071351959,
              44.0936385135746
            ],
            [
              -80.37594724696422,
              44.09338561787699
            ],
            [
              -80.37559634659772,
              44.09309983567035
            ],
            [
              -80.37561916279947,
              44.09283049684892
            ]
          ],
          [
            [
              -80.37561916279947,
              44.09283049684892
            ],
            [
              -80.37564197877637,
              44.092561158114634
            ],
            [
              -80.37603850398273,
              44.09230826241896
            ],
            [
              -80.37674030284506,
              44.09287982224257
            ],
            [
              -80.37748773066619,
              44.09291269920387
            ],
            [
              -80.3778386397205,
              44.09319847503541
            ],
            [
              -80.37786144491393,
              44.09292913569418
            ],
            [
              -80.37865447645746,
              44.09242332592666
            ],
            [
              -80.3787228783328,
              44.09161530842918
            ],
            [
              -80.37837197481929,
              44.091329536120796
            ],
            [
              -80.37839477660489,
              44.09106019730308
            ],
            [
              -80.37879127818579,
              44.09080729171625
            ],
            [
              -80.37883687696431,
              44.09026861434357
            ],
            [
              -80.3784859815002,
              44.08998284290411
            ],
            [
              -80.37811228720857,
              44.08996640869334
            ],
            [
              -80.37771578858582,
              44.09021931145152
            ],
            [
              -80.37767017879993,
              44.09075798830458
            ],
            [
              -80.37727367238948,
              44.091010889651045
            ],
            [
              -80.37689997143386,
              44.09099445111333
            ],
            [
              -80.3765490814368,
              44.09070867295132
            ],
            [
              -80.37659470223002,
              44.090169996618
            ],
            [
              -80.37589293968212,
              44.08959843779021
            ],
            [
              -80.37593856601488,
              44.08905976250104
            ],
            [
              -80.37523682458132,
              44.08848820010349
            ],
            [
              -80.37525964062965,
              44.08821886293747
            ],
            [
              -80.37280367244361,
              44.08621836217849
            ],
            [
              -80.37282649953298,
              44.08594902631722
            ],
            [
              -80.3724756632185,
              44.08566323640411
            ],
            [
              -80.37252131994092,
              44.08512456529138
            ],
            [
              -80.37217049051327,
              44.084838774660255
            ],
            [
              -80.37219332014624,
              44.084569439408824
            ],
            [
              -80.37184249599603,
              44.08428364788576
            ],
            [
              -80.37188815780536,
              44.083744977992836
            ],
            [
              -80.37153734054154,
              44.08345918575194
            ],
            [
              -80.37176565218056,
              44.080765843267606
            ],
            [
              -80.37216210976472,
              44.08051296597113
            ],
            [
              -80.37229907359783,
              44.07889696467817
            ],
            [
              -80.37194828529512,
              44.07861117557075
            ],
            [
              -80.37157467069902,
              44.07859471837973
            ],
            [
              -80.37122388812242,
              44.07830892696688
            ],
            [
              -80.37085027580993,
              44.078292467209586
            ],
            [
              -80.37049949895939,
              44.07800667349133
            ],
            [
              -80.36975227912674,
              44.07797374751774
            ],
            [
              -80.36905074466236,
              44.077402151925604
            ],
            [
              -80.36909642823032,
              44.07686348796277
            ],
            [
              -80.36949286986238,
              44.07661062198172
            ],
            [
              -80.36951570925018,
              44.07634129013216
            ],
            [
              -80.36991214515653,
              44.07608842273929
            ],
            [
              -80.36993498226074,
              44.075819090977895
            ],
            [
              -80.37033141244149,
              44.07556622217326
            ],
            [
              -80.3703542472622,
              44.07529689050005
            ],
            [
              -80.36965274085159,
              44.07472530087159
            ],
            [
              -80.36927915350051,
              44.074708835609734
            ],
            [
              -80.36888272466983,
              44.07496170017268
            ],
            [
              -80.36813554742596,
              44.0749287628434
            ],
            [
              -80.36818123794392,
              44.07439010097558
            ],
            [
              -80.36937051073498,
              44.073631511532795
            ],
            [
              -80.36941618800215,
              44.07309285001935
            ],
            [
              -80.3706054154426,
              44.072334247869684
            ],
            [
              -80.37062824756384,
              44.07206491724659
            ],
            [
              -80.37102464731923,
              44.071812047039586
            ],
            [
              -80.37067391113155,
              44.07152625626307
            ],
            [
              -80.370696742578,
              44.07125692590264
            ],
            [
              -80.37034601166509,
              44.07097113423515
            ],
            [
              -80.37057432984143,
              44.068277837190934
            ],
            [
              -80.37215979804891,
              44.06726635359035
            ],
            [
              -80.37225108609685,
              44.06618903724052
            ],
            [
              -80.3734401240678,
              44.06543040972573
            ],
            [
              -80.37346293934486,
              44.065161080860385
            ],
            [
              -80.37385927594616,
              44.064908202199376
            ],
            [
              -80.37388208894092,
              44.064638873422744
            ],
            [
              -80.37353138382755,
              44.064353094790505
            ],
            [
              -80.37511668354948,
              44.06334157168826
            ],
            [
              -80.37513948969789,
              44.06307224317793
            ],
            [
              -80.3740873957819,
              44.06221491838023
            ],
            [
              -80.37413301705271,
              44.06167626266921
            ],
            [
              -80.37378232962718,
              44.06139048595549
            ],
            [
              -80.37380514153345,
              44.06112115840609
            ],
            [
              -80.37420144727383,
              44.06086827976097
            ],
            [
              -80.37494843606541,
              44.06090117341588
            ],
            [
              -80.3753447349249,
              44.06064829053374
            ],
            [
              -80.37499404775934,
              44.06036251823594
            ]
          ],
          [
            [
              -80.37499404775934,
              44.06036251823594
            ],
            [
              -80.37464336425882,
              44.06007674487323
            ],
            [
              -80.37426987547293,
              44.06006029764273
            ],
            [
              -80.37391919769455,
              44.05977452197572
            ],
            [
              -80.37431549314901,
              44.05952164333619
            ],
            [
              -80.37436110992648,
              44.058982989380894
            ],
            [
              -80.37330910687919,
              44.05812566127908
            ],
            [
              -80.3733319197541,
              44.05785633495665
            ],
            [
              -80.37372820402453,
              44.057603459150506
            ],
            [
              -80.3741016758694,
              44.057619908253
            ],
            [
              -80.3744979548675,
              44.05736702962276
            ],
            [
              -80.37452076157145,
              44.05709770330384
            ],
            [
              -80.37531330446,
              44.05659194181148
            ],
            [
              -80.37533610682559,
              44.05632261558284
            ],
            [
              -80.37498544744155,
              44.056036844837394
            ],
            [
              -80.37507666108863,
              44.05495954149977
            ],
            [
              -80.37547291630307,
              44.05470666005654
            ],
            [
              -80.37584636889174,
              44.054723102902074
            ],
            [
              -80.37743134667647,
              44.053711557366604
            ],
            [
              -80.37778200393176,
              44.05399731910559
            ],
            [
              -80.37775921457991,
              44.0542666450629
            ],
            [
              -80.37894791696051,
              44.05350796684858
            ],
            [
              -80.37964924837198,
              44.05407947899839
            ],
            [
              -80.3792530170118,
              44.054332375975235
            ],
            [
              -80.37995436218289,
              44.05490388669334
            ],
            [
              -80.38032781746486,
              44.054920313627996
            ],
            [
              -80.38072404811457,
              44.054667412411014
            ],
            [
              -80.3803733711917,
              44.05438166023759
            ],
            [
              -80.38076959772846,
              44.05412875902336
            ],
            [
              -80.38079237219895,
              44.053859432461415
            ],
            [
              -80.37938970578647,
              44.05271641947239
            ],
            [
              -80.37978592480803,
              44.05246352250379
            ],
            [
              -80.37980870342886,
              44.05219419672919
            ],
            [
              -80.37945804714498,
              44.0519084424083
            ],
            [
              -80.37871117845724,
              44.05187558116228
            ],
            [
              -80.37800988510661,
              44.05130406436935
            ],
            [
              -80.37688959609608,
              44.051254755121235
            ],
            [
              -80.37649337243946,
              44.05150764078495
            ],
            [
              -80.3757465110065,
              44.05147475849892
            ],
            [
              -80.37539588055789,
              44.05118899089572
            ],
            [
              -80.37541868026445,
              44.050919666512215
            ],
            [
              -80.37581490463049,
              44.0506667850885
            ],
            [
              -80.37583770205613,
              44.05039746079433
            ],
            [
              -80.37548707803697,
              44.05011169388959
            ],
            [
              -80.37627951076718,
              44.04960592963929
            ],
            [
              -80.3770263470029,
              44.049638808061
            ],
            [
              -80.37742255465787,
              44.04938592099455
            ],
            [
              -80.37707192884295,
              44.04910015974494
            ],
            [
              -80.37711750978526,
              44.04856151178097
            ],
            [
              -80.37790990498219,
              44.048055736248536
            ],
            [
              -80.37793269100446,
              44.04778641240149
            ],
            [
              -80.37832888105171,
              44.047533522520396
            ],
            [
              -80.37837444831102,
              44.04699487509339
            ],
            [
              -80.3787706305829,
              44.046741983804445
            ],
            [
              -80.37912125015616,
              44.047027738525756
            ],
            [
              -80.3794946514152,
              44.047044168253386
            ],
            [
              -80.37989082886511,
              44.04679127272761
            ],
            [
              -80.3799363801254,
              44.04625262513645
            ],
            [
              -80.37958576126225,
              44.04596687341732
            ],
            [
              -80.37965409129251,
              44.04515890321521
            ],
            [
              -80.38005025435139,
              44.044906007700156
            ],
            [
              -80.38014134969553,
              44.04382871533712
            ],
            [
              -80.38291433098763,
              44.042058407280464
            ],
            [
              -80.38298260697509,
              44.04125043896803
            ],
            [
              -80.38158021809105,
              44.04010747367514
            ],
            [
              -80.38160298273384,
              44.03983815177957
            ],
            [
              -80.38397962091535,
              44.0383207238392
            ],
            [
              -80.38362903176848,
              44.038034988512436
            ],
            [
              -80.38325569075822,
              44.03801857365711
            ],
            [
              -80.38290510732861,
              44.03773283602708
            ],
            [
              -80.3829961345145,
              44.036655551112986
            ],
            [
              -80.38339222055099,
              44.03640264576703
            ],
            [
              -80.38269107663723,
              44.035831171540096
            ],
            [
              -80.38273659120347,
              44.03529253031552
            ],
            [
              -80.38238602795305,
              44.035006791955475
            ],
            [
              -80.38245430294246,
              44.03419883130546
            ],
            [
              -80.384434620106,
              44.03293430467639
            ],
            [
              -80.38583688475507,
              44.03407722135969
            ],
            [
              -80.38662898957229,
              44.033571389528646
            ],
            [
              -80.38667446349069,
              44.033032748164814
            ],
            [
              -80.38825861274991,
              44.03202106760015
            ]
          ],
          [
            [
              -80.38825861274991,
              44.03202106760015
            ],
            [
              -80.38865464091114,
              44.03176814393457
            ],
            [
              -80.38828134115529,
              44.031751747058664
            ],
            [
              -80.387580205777,
              44.03118030885874
            ],
            [
              -80.38718417690393,
              44.031433228285145
            ],
            [
              -80.38643758306758,
              44.03140042277822
            ],
            [
              -80.38573647144749,
              44.03082897253894
            ],
            [
              -80.38498988672445,
              44.030796156775295
            ],
            [
              -80.38459384865844,
              44.03104906631753
            ],
            [
              -80.38347396843324,
              44.03099982849703
            ],
            [
              -80.38312342883548,
              44.03071409417349
            ],
            [
              -80.38163026655604,
              44.03064842023677
            ],
            [
              -80.38127973883788,
              44.03036267989424
            ],
            [
              -80.38090645088276,
              44.03034625685808
            ],
            [
              -80.38051039719907,
              44.03059915086872
            ],
            [
              -80.37901724119416,
              44.03053343982405
            ],
            [
              -80.37866672785874,
              44.03024769081037
            ],
            [
              -80.37792015531083,
              44.03021482485895
            ]
          ]
        ]
      },
      "properties": {
        "SubId": 29005156.0,
        "DowSubId": 29016395.0,
        "RivSlope": 0.00134555612878,
        "RivLength": 22051.8917576,
        "BasSlope": 0.832809190832,
        "BasAspect": 176.968091467,
        "BasArea": 76424400.0,
        "BkfWidth": 20.4797872483,
        "BkfDepth": 0.505544663927,
        "Lake_Cat": 0.0,
        "HyLakeId": 0.0,
        "LakeVol": 0.0,
        "LakeDepth": 0.0,
        "LakeArea": 0.0,
        "Laketype": 0.0,
        "Has_POI": 0.0,
        "MeanElev": 499.656201083,
        "FloodP_n": 0.05,
        "Q_Mean": 6.45608794946,
        "Ch_n": 0.0273032250099,
        "DrainArea": 144369000.0,
        "Strahler": 1.0,
        "Seg_ID": 474.0,
        "Seg_order": 2.0,
        "Max_DEM": 500.481872559,
        "Min_DEM": 477.562011719,
        "Obs_NM": "<NA>",
        "SRC_obs": "<NA>",
        "centroid_x": -79.8654887999,
        "centroid_y": 43.6475501671,
        "DA_Chn_L": 34178.3506219,
        "DA_Slope": 0.272175847786,
        "DA_Chn_Slp": 0.00177317024728,
        "outletLat": 44.03023126,
        "outletLng": -80.37829344,
        "k": 0.0653543025255,
        "c": 0.969084024429,
        "Region": "SW",
        "Sub_Reg": "02G",
        "Subregion": "SWS",
        "rvhName": "sub29005156"
      }
    },
    {
      "type": "Feature",
      "geometry": {
        "type": "MultiLineString",
        "coordinates": [
          [
            [
              -80.3851115064676,
              44.01160907580244
            ],
            [
              -80.38476108250786,
              44.01132335408381
            ],
            [
              -80.38401476443076,
              44.01129053221898
            ]
          ],
          [
            [
              -80.38401476443076,
              44.01129053221898
            ],
            [
              -80.38366434823575,
              44.0110048069606
            ],
            [
              -80.38329119158595,
              44.01098839280268
            ],
            [
              -80.38294078110255,
              44.01070266524298
            ],
            [
              -80.38256762672965,
              44.010686248522006
            ],
            [
              -80.38221722195783,
              44.010400518661044
            ],
            [
              -80.38147091798984,
              44.010367678768255
            ],
            [
              -80.38028318747543,
              44.01112634340766
            ],
            [
              -80.37916371875541,
              44.01107706093107
            ],
            [
              -80.3787677964512,
              44.011329942092125
            ],
            [
              -80.378394639054,
              44.01131351053904
            ],
            [
              -80.37799871148606,
              44.01156638887964
            ],
            [
              -80.37725239415352,
              44.01153351897643
            ],
            [
              -80.37620125778633,
              44.01067627209567
            ],
            [
              -80.37582810561638,
              44.01065983144241
            ],
            [
              -80.37547773619754,
              44.01037407911853
            ],
            [
              -80.37473143663695,
              44.01034119136148
            ],
            [
              -80.37438107498323,
              44.01005543549869
            ],
            [
              -80.37400792759267,
              44.01003898839498
            ],
            [
              -80.3733072193669,
              44.00946747100533
            ],
            [
              -80.37337559650848,
              44.00865954285941
            ],
            [
              -80.37416744864933,
              44.00815382150801
            ],
            [
              -80.37419023647472,
              44.007884512308024
            ],
            [
              -80.37458615500483,
              44.00763164952079
            ],
            [
              -80.37467729585137,
              44.006554413618225
            ],
            [
              -80.37432695871826,
              44.00626865897407
            ],
            [
              -80.37434974497408,
              44.005999350396124
            ],
            [
              -80.3739994131034,
              44.00571359486503
            ],
            [
              -80.37404498815167,
              44.005174978326835
            ],
            [
              -80.37444088775524,
              44.00492211697315
            ],
            [
              -80.37448645780063,
              44.004383500795065
            ],
            [
              -80.37527823782318,
              44.00387777386991
            ],
            [
              -80.37530101840375,
              44.003608465918816
            ],
            [
              -80.37569690087592,
              44.00335560034517
            ],
            [
              -80.3758335673356,
              44.001739754520315
            ],
            [
              -80.37622943383384,
              44.00148688755187
            ],
            [
              -80.37641162680941,
              43.99933243145369
            ],
            [
              -80.37680747322992,
              43.99907956309569
            ],
            [
              -80.37685301512823,
              43.99854094996608
            ],
            [
              -80.37724885378702,
              43.998288080204325
            ],
            [
              -80.37727162234775,
              43.998018773775534
            ],
            [
              -80.3784591102267,
              43.99726015604637
            ],
            [
              -80.37850463436236,
              43.996721543470855
            ],
            [
              -80.37890045223759,
              43.99646866808251
            ],
            [
              -80.37892321191732,
              43.99619936193089
            ],
            [
              -80.37857291888632,
              43.99591362527567
            ],
            [
              -80.37868672194777,
              43.994567096732304
            ],
            [
              -80.37908252340608,
              43.9943142213643
            ],
            [
              -80.3791052812946,
              43.99404491592554
            ],
            [
              -80.37950107704468,
              43.99379203915181
            ],
            [
              -80.37959209815224,
              43.992714818298545
            ],
            [
              -80.37889155335235,
              43.992143350969314
            ],
            [
              -80.37851852668288,
              43.99212692026413
            ],
            [
              -80.37816826181877,
              43.9918411837688
            ],
            [
              -80.37779523742509,
              43.99182475050163
            ],
            [
              -80.37709472276828,
              43.99125327184975
            ],
            [
              -80.37672170270228,
              43.99123683478295
            ],
            [
              -80.3763714529095,
              43.990951092626524
            ],
            [
              -80.37599843511937,
              43.99093465299784
            ],
            [
              -80.37564819103423,
              43.99064890854193
            ],
            [
              -80.37527517552002,
              43.99063246635138
            ],
            [
              -80.3749249371425,
              43.99034671959603
            ],
            [
              -80.37417891089001,
              43.99031382876708
            ],
            [
              -80.37382868027196,
              43.9900280784748
            ],
            [
              -80.37345566953377,
              43.99001162983642
            ],
            [
              -80.37240500576887,
              43.98915436887681
            ],
            [
              -80.37242779435549,
              43.988885066688844
            ],
            [
              -80.37207758201508,
              43.988599311088244
            ],
            [
              -80.37210037198105,
              43.988330009165395
            ],
            [
              -80.37175016489955,
              43.98804425267915
            ],
            [
              -80.37179574736592,
              43.987505649453
            ],
            [
              -80.37144554714662,
              43.987219892257066
            ],
            [
              -80.37149113192308,
              43.986681289739785
            ],
            [
              -80.37114093856574,
              43.98639553183426
            ],
            [
              -80.37116373222105,
              43.986126230885475
            ],
            [
              -80.37011317888933,
              43.98526895132827
            ],
            [
              -80.36974020168701,
              43.98525248959795
            ],
            [
              -80.36693890336343,
              43.98296635418241
            ],
            [
              -80.36696171625617,
              43.982697055346065
            ],
            [
              -80.36661157201472,
              43.982411283819836
            ],
            [
              -80.36663438628597,
              43.98214198524893
            ],
            [
              -80.36593411197221,
              43.98157043936548
            ],
            [
              -80.36518821068678,
              43.9815374850599
            ],
            [
              -80.36479243742227,
              43.98179030387939
            ],
            [
              -80.3644194855135,
              43.981773823329846
            ]
          ],
          [
            [
              -80.3644194855135,
              43.981773823329846
            ],
            [
              -80.36404653382924,
              43.98175734145634
            ],
            [
              -80.3640693604421,
              43.981488043671746
            ],
            [
              -80.36371923902509,
              43.98120226295268
            ],
            [
              -80.36378772232456,
              43.980394370663596
            ],
            [
              -80.36343760936964,
              43.98010858941219
            ],
            [
              -80.36306466932177,
              43.98009210408783
            ],
            [
              -80.36201435853667,
              43.97923475025726
            ],
            [
              -80.36206002942117,
              43.97869615742831
            ],
            [
              -80.36170993633904,
              43.978410371049044
            ],
            [
              -80.36184695321671,
              43.97679459576568
            ],
            [
              -80.36149687340234,
              43.976508809383475
            ],
            [
              -80.36163389180858,
              43.97489303837788
            ],
            [
              -80.3605837031259,
              43.9740356760418
            ]
          ]
        ]
      },
      "properties": {
        "SubId": 29005216.0,
        "DowSubId": 29016418.0,
        "RivSlope": 0.00219982583931,
        "RivLength": 6254.40692221,
        "BasSlope": 0.841152276841,
        "BasAspect": 183.171414232,
        "BasArea": 52600500.0,
        "BkfWidth": 27.2441669675,
        "BkfDepth": 0.599968412838,
        "Lake_Cat": 0.0,
        "HyLakeId": 0.0,
        "LakeVol": 0.0,
        "LakeDepth": 0.0,
        "LakeArea": 0.0,
        "Laketype": 0.0,
        "Has_POI": 0.0,
        "MeanElev": 489.052512986,
        "FloodP_n": 0.0504042010254,
        "Q_Mean": 12.3545264402,
        "Ch_n": 0.0341126893051,
        "DrainArea": 260182800.0,
        "Strahler": 2.0,
        "Seg_ID": 9281.0,
        "Seg_order": 2.0,
        "Max_DEM": 476.821136475,
        "Min_DEM": 465.404998779,
        "Obs_NM": "<NA>",
        "SRC_obs": "<NA>",
        "centroid_x": -79.5544942764,
        "centroid_y": 43.595521946,
        "DA_Chn_L": 43462.2402258,
        "DA_Slope": 0.190456140406,
        "DA_Chn_Slp": 0.00192933475158,
        "outletLat": 43.97432146,
        "outletLng": -80.36093376,
        "k": 0.0653543025255,
        "c": 0.969084024429,
        "Region": "SW",
        "Sub_Reg": "02G",
        "Subregion": "SWS",
        "rvhName": "sub29005216"
      }
    },
    {
      "type": "Feature",
      "geometry": {
        "type": "MultiLineString",
        "coordinates": [
          [
            [
              -80.37048425391154,
              43.9720404239049
            ],
            [
              -80.37008857372116,
              43.97229325955496
            ],
            [
              -80.36971568488907,
              43.97227679801536
            ],
            [
              -80.36931999944305,
              43.97252963084734
            ],
            [
              -80.36745555063335,
              43.97244729624081
            ],
            [
              -80.36705985352224,
              43.97270012061265
            ],
            [
              -80.36631407236352,
              43.9726671746828
            ],
            [
              -80.36596399562235,
              43.97238140472823
            ],
            [
              -80.3655911074304,
              43.97236492854073
            ],
            [
              -80.36519540230792,
              43.97261774585995
            ],
            [
              -80.36333095670314,
              43.972535338013735
            ],
            [
              -80.36095660118599,
              43.974052170045944
            ],
            [
              -80.3605837031259,
              43.9740356760418
            ]
          ],
          [
            [
              -80.37705621811561,
              43.96070747366509
            ],
            [
              -80.37631059421784,
              43.96067459924274
            ],
            [
              -80.37596054197051,
              43.960388867086316
            ],
            [
              -80.37558773240687,
              43.96037242665312
            ],
            [
              -80.37523768586084,
              43.960086692199425
            ],
            [
              -80.37486487857058,
              43.96007024920595
            ],
            [
              -80.3732825626128,
              43.96108163359199
            ],
            [
              -80.37319146999538,
              43.96215880462284
            ],
            [
              -80.37279587367732,
              43.96241164721443
            ],
            [
              -80.37277309791331,
              43.96268094019964
            ],
            [
              -80.37198189022153,
              43.96318662116779
            ],
            [
              -80.37195911013367,
              43.9634559142489
            ],
            [
              -80.37037664272549,
              43.964467259311604
            ],
            [
              -80.37000380708136,
              43.964450798963
            ],
            [
              -80.36960817949698,
              43.96470363030037
            ],
            [
              -80.36958538710851,
              43.96497292339961
            ],
            [
              -80.36918975382173,
              43.96522575333267
            ],
            [
              -80.37023990829137,
              43.966083019754656
            ],
            [
              -80.37019432835403,
              43.96662160728644
            ],
            [
              -80.36979868596966,
              43.96687444005785
            ],
            [
              -80.36970751520437,
              43.96795161620909
            ],
            [
              -80.37040765477576,
              43.968523126797436
            ],
            [
              -80.37036207445732,
              43.969061716116215
            ],
            [
              -80.37106223504877,
              43.96963322316737
            ],
            [
              -80.37087993044874,
              43.97178758684725
            ],
            [
              -80.37048425391154,
              43.9720404239049
            ]
          ],
          [
            [
              -80.4026676467775,
              43.96318489658663
            ],
            [
              -80.4018767078392,
              43.963690803123995
            ],
            [
              -80.40185407451072,
              43.96396010284746
            ],
            [
              -80.40145859751414,
              43.96421305401078
            ],
            [
              -80.40141332609193,
              43.96475165373441
            ],
            [
              -80.40101784134515,
              43.96500460349894
            ],
            [
              -80.4009952032513,
              43.96527390349904
            ],
            [
              -80.40169563497996,
              43.96584520342552
            ],
            [
              -80.40162772898549,
              43.96665310501962
            ],
            [
              -80.40197795514037,
              43.96693875391796
            ],
            [
              -80.40158245720964,
              43.96719170653102
            ],
            [
              -80.40155982098783,
              43.9674610074213
            ],
            [
              -80.4007688100695,
              43.96796690843593
            ],
            [
              -80.40072352876169,
              43.96850551049994
            ],
            [
              -80.40032801372472,
              43.968758458904965
            ],
            [
              -80.40030537068766,
              43.969027760075065
            ],
            [
              -80.39990984994839,
              43.96928070707729
            ],
            [
              -80.39988720463943,
              43.9695500083406
            ],
            [
              -80.40023744024056,
              43.96983566412342
            ],
            [
              -80.40019215216248,
              43.97037426727068
            ],
            [
              -80.39900554824521,
              43.971133104110706
            ],
            [
              -80.39898289772398,
              43.97140240582927
            ],
            [
              -80.39858735372869,
              43.971655348633135
            ],
            [
              -80.39856470093522,
              43.97192465044476
            ],
            [
              -80.39816915123696,
              43.97217759184552
            ],
            [
              -80.3977962547777,
              43.97216123002124
            ],
            [
              -80.39384054080733,
              43.97469055256263
            ],
            [
              -80.39272180464987,
              43.974641416844726
            ],
            [
              -80.39237157751808,
              43.97435573420708
            ],
            [
              -80.39243962960332,
              43.97354783049262
            ],
            [
              -80.3917391959233,
              43.97297646308756
            ],
            [
              -80.39099339619425,
              43.97294369241568
            ],
            [
              -80.39064318893438,
              43.97265800464575
            ],
            [
              -80.39027029145447,
              43.97264161608662
            ],
            [
              -80.38992008989798,
              43.972355926017684
            ],
            [
              -80.38954719469118,
              43.972339534897316
            ],
            [
              -80.38884680663834,
              43.97176814910005
            ],
            [
              -80.38810102509406,
              43.97173535793827
            ],
            [
              -80.38635013939407,
              43.970306862496585
            ],
            [
              -80.38644098677636,
              43.96922966861279
            ],
            [
              -80.38683656934191,
              43.9689767723635
            ],
            [
              -80.38690469638436,
              43.96816887790168
            ],
            [
              -80.38585424112777,
              43.96731177583847
            ],
            [
              -80.38587695450452,
              43.96704247839212
            ],
            [
              -80.3851766724698,
              43.966471072063186
            ],
            [
              -80.38480381874574,
              43.96645466422508
            ],
            [
              -80.38340330670586,
              43.96531183388588
            ],
            [
              -80.38300773475726,
              43.96556471599211
            ],
            [
              -80.3826576163254,
              43.96527900434157
            ],
            [
              -80.38272580040311,
              43.96447111648951
            ],
            [
              -80.38237569043173,
              43.964185404306654
            ],
            [
              -80.38239841961335,
              43.96391610871165
            ],
            [
              -80.38169821383258,
              43.96334468151585
            ],
            [
              -80.38172094599591,
              43.96307538636305
            ],
            [
              -80.38102075802875,
              43.962503955276595
            ],
            [
              -80.38111169726693,
              43.961426776973276
            ],
            [
              -80.38076161517114,
              43.9611410605441
            ],
            [
              -80.38078435102426,
              43.96087176636904
            ],
            [
              -80.38043427418268,
              43.96058604905549
            ],
            [
              -80.37782459314485,
              43.96047104940062
            ],
            [
              -80.37742903040007,
              43.960723908891055
            ],
            [
              -80.37705621811561,
              43.96070747366509
            ]
          ]
        ]
      },
      "properties": {
        "SubId": 29005217.0,
        "DowSubId": 29016418.0,
        "RivSlope": 0.00263617406128,
        "RivLength": 7000.50865276,
        "BasSlope": 0.841066440864,
        "BasAspect": 170.532266124,
        "BasArea": 51221700.0,
        "BkfWidth": 17.0154521088,
        "BkfDepth": 0.452345591503,
        "Lake_Cat": 0.0,
        "HyLakeId": 0.0,
        "LakeVol": 0.0,
        "LakeDepth": 0.0,
        "LakeArea": 0.0,
        "Laketype": 0.0,
        "Has_POI": 0.0,
        "MeanElev": 485.558157188,
        "FloodP_n": 0.0504152142044,
        "Q_Mean": 3.49558441482,
        "Ch_n": 0.0368643996517,
        "DrainArea": 98486100.0,
        "Strahler": 2.0,
        "Seg_ID": 7284.0,
        "Seg_order": 2.0,
        "Max_DEM": 480.020629883,
        "Min_DEM": 465.57711792,
        "Obs_NM": "<NA>",
        "SRC_obs": "<NA>",
        "centroid_x": -79.7553536532,
        "centroid_y": 43.5832283172,
        "DA_Chn_L": 15999.8398155,
        "DA_Slope": 0.217341761975,
        "DA_Chn_Slp": 0.00136156300877,
        "outletLat": 43.97405217,
        "outletLng": -80.3609566,
        "k": 0.0653543025255,
        "c": 0.969084024429,
        "Region": "SW",
        "Sub_Reg": "02G",
        "Subregion": "SWS",
        "rvhName": "sub29005217"
      }
    },
    {
      "type": "Feature",
      "geometry": {
        "type": "MultiLineString",
        "coordinates": [
          [
            [
              -80.30496632934121,
              43.88938902774976
            ],
            [
              -80.30378016102782,
              43.89014670726586
            ],
            [
              -80.30340785071088,
              43.890130012080945
            ],
            [
              -80.30261705043979,
              43.890635121908346
            ],
            [
              -80.30224473716142,
              43.89061842258317
            ],
            [
              -80.30066308654449,
              43.89162861972419
            ],
            [
              -80.30052448008348,
              43.89324413393889
            ],
            [
              -80.3001290460389,
              43.89349667972614
            ],
            [
              -80.30010594212037,
              43.89376593241666
            ],
            [
              -80.29971050238608,
              43.894018476800355
            ],
            [
              -80.29968739619284,
              43.89428772958482
            ],
            [
              -80.2992919507687,
              43.89454027256487
            ],
            [
              -80.29926884230068,
              43.89480952544321
            ],
            [
              -80.29847793643043,
              43.895314607189256
            ],
            [
              -80.29845482363952,
              43.895583860164386
            ],
            [
              -80.29726843137409,
              43.89634147224184
            ],
            [
              -80.29724531221196,
              43.89661072531654
            ],
            [
              -80.29684983879089,
              43.896863259865015
            ],
            [
              -80.29682671735357,
              43.89713251303344
            ],
            [
              -80.296431238242,
              43.89738504617793
            ],
            [
              -80.29640811452937,
              43.89765429944006
            ],
            [
              -80.2952216491955,
              43.898411890440606
            ],
            [
              -80.2948492853719,
              43.89839516468694
            ],
            [
              -80.29405828708212,
              43.89890021549974
            ],
            [
              -80.29403515107931,
              43.89916946877855
            ],
            [
              -80.29363964442216,
              43.89942199207716
            ],
            [
              -80.2939888783921,
              43.899707975608706
            ],
            [
              -80.2938963302912,
              43.90078499035891
            ],
            [
              -80.29033652861112,
              43.90305764953341
            ],
            [
              -80.28884695445163,
              43.90299066880079
            ],
            [
              -80.28849772639276,
              43.902704666906644
            ],
            [
              -80.28775294477582,
              43.902671166142696
            ],
            [
              -80.28740372445789,
              43.902385160726894
            ],
            [
              -80.28703133603972,
              43.90236840712879
            ],
            [
              -80.28458691015632,
              43.900366331058784
            ],
            [
              -80.28461009305582,
              43.900097079439824
            ],
            [
              -80.28426090552259,
              43.89981106453424
            ],
            [
              -80.28428408978803,
              43.89954181318516
            ],
            [
              -80.2839349074909,
              43.899255797404365
            ],
            [
              -80.28395809312222,
              43.8989865463252
            ],
            [
              -80.28360891606107,
              43.89870052966927
            ],
            [
              -80.28363210305822,
              43.89843127886003
            ],
            [
              -80.2832829312329,
              43.89814526132901
            ],
            [
              -80.28337568331837,
              43.89706825971697
            ],
            [
              -80.28377122025971,
              43.896815775912195
            ],
            [
              -80.28384077578686,
              43.896008025664834
            ],
            [
              -80.28423630294002,
              43.895755540460506
            ],
            [
              -80.28444493879107,
              43.893332294650044
            ],
            [
              -80.28409579519048,
              43.893046281756625
            ],
            [
              -80.28414215939551,
              43.89250778404622
            ],
            [
              -80.28379302262289,
              43.89222177045727
            ]
          ],
          [
            [
              -80.31488431989334,
              43.89577946351628
            ],
            [
              -80.31497644737088,
              43.89470243742471
            ],
            [
              -80.31462713584632,
              43.89441652568221
            ],
            [
              -80.314719266085,
              43.8933395017611
            ],
            [
              -80.31511463180259,
              43.89308690101677
            ],
            [
              -80.31516069147072,
              43.89254838960883
            ],
            [
              -80.3155560494521,
              43.89229578746516
            ],
            [
              -80.31520675023434,
              43.89200987856495
            ],
            [
              -80.31522977927695,
              43.89174062317954
            ],
            [
              -80.31348334578881,
              43.890311063746424
            ],
            [
              -80.31311103140541,
              43.8902944030076
            ],
            [
              -80.31241248759581,
              43.88972256938206
            ],
            [
              -80.31204017753262,
              43.8897059048543
            ],
            [
              -80.31169091313714,
              43.8894199852255
            ],
            [
              -80.31057399044636,
              43.88936998001238
            ],
            [
              -80.31022473583343,
              43.88908405562773
            ],
            [
              -80.30873551693597,
              43.88901735857533
            ],
            [
              -80.30838627415277,
              43.88873142820139
            ],
            [
              -80.30652476586093,
              43.888648020985535
            ],
            [
              -80.3061293925828,
              43.88890058785819
            ],
            [
              -80.30575709000976,
              43.88888390104144
            ],
            [
              -80.30496632934121,
              43.88938902774976
            ]
          ]
        ]
      },
      "properties": {
        "SubId": 29005277.0,
        "DowSubId": 29016460.0,
        "RivSlope": 0.00157676415469,
        "RivLength": 5207.42207411,
        "BasSlope": 0.938034268207,
        "BasAspect": 167.672599425,
        "BasArea": 37657800.0,
        "BkfWidth": 36.2605630091,
        "BkfDepth": 0.712237756052,
        "Lake_Cat": 0.0,
        "HyLakeId": 0.0,
        "LakeVol": 0.0,
        "LakeDepth": 0.0,
        "LakeArea": 0.0,
        "Laketype": 0.0,
        "Has_POI": 0.0,
        "MeanElev": 474.96500656,
        "FloodP_n": 0.05,
        "Q_Mean": 24.8047147666,
        "Ch_n": 0.029827339184,
        "DrainArea": 469377900.0,
        "Strahler": 3.0,
        "Seg_ID": 9282.0,
        "Seg_order": 3.0,
        "Max_DEM": 452.247039795,
        "Min_DEM": 445.769012451,
        "Obs_NM": "<NA>",
        "SRC_obs": "<NA>",
        "centroid_x": -79.7028077816,
        "centroid_y": 43.5816971078,
        "DA_Chn_L": 61519.1363161,
        "DA_Slope": 0.209565110997,
        "DA_Chn_Slp": 0.0019181291386,
        "outletLat": 43.89250778,
        "outletLng": -80.28414216,
        "k": 0.0653543025255,
        "c": 0.969084024429,
        "Region": "SW",
        "Sub_Reg": "02G",
        "Subregion": "SWS",
        "rvhName": "sub29005277"
      }
    },
    {
      "type": "Feature",
      "geometry": {
        "type": "MultiLineString",
        "coordinates": [
          [
            [
              -80.25970621466375,
              43.91573182605551
            ],
            [
              -80.25972952625996,
              43.915462574485495
            ],
            [
              -80.26052107969707,
              43.9149577715783
            ],
            [
              -80.26163847781152,
              43.91500831160558
            ],
            [
              -80.262034244284,
              43.91475590380629
            ],
            [
              -80.26240670918666,
              43.91477274642732
            ],
            [
              -80.26275587798594,
              43.9150588397348
            ],
            [
              -80.26499068451278,
              43.91515986029897
            ],
            [
              -80.26617792997679,
              43.91440259458604
            ],
            [
              -80.26692285775489,
              43.91443624906745
            ],
            [
              -80.26731859576736,
              43.91418382152431
            ],
            [
              -80.26769105840584,
              43.91420064537139
            ],
            [
              -80.26887824579735,
              43.91344335005791
            ],
            [
              -80.26925070388377,
              43.91346016835129
            ],
            [
              -80.27122926868559,
              43.91219797427043
            ],
            [
              -80.27197416960776,
              43.91223159278605
            ],
            [
              -80.27236986844869,
              43.91197914692334
            ],
            [
              -80.27311476709697,
              43.91201275733019
            ],
            [
              -80.27548886449495,
              43.91049803565252
            ],
            [
              -80.27555855940157,
              43.90969027628947
            ],
            [
              -80.27634988374957,
              43.909185357810074
            ],
            [
              -80.27639633767983,
              43.90864685202957
            ],
            [
              -80.27679199028843,
              43.90839439068197
            ],
            [
              -80.2764427906976,
              43.9081083466115
            ],
            [
              -80.2768384392064,
              43.90785588526827
            ],
            [
              -80.27688488721202,
              43.90731738021707
            ],
            [
              -80.27653569399574,
              43.907031336862836
            ],
            [
              -80.27655891925002,
              43.90676208465224
            ],
            [
              -80.27735019212614,
              43.90625716057983
            ],
            [
              -80.277512733824,
              43.904372397675644
            ],
            [
              -80.27790835044974,
              43.90411993354333
            ],
            [
              -80.27797800160826,
              43.9033121793802
            ],
            [
              -80.27837360844255,
              43.90305971384694
            ],
            [
              -80.27839682298993,
              43.902790462643
            ],
            [
              -80.2791880216311,
              43.90228552735781
            ],
            [
              -80.27923444184454,
              43.90174702523152
            ],
            [
              -80.27888527184435,
              43.90146099180523
            ],
            [
              -80.27895490523522,
              43.900653239833886
            ],
            [
              -80.2786057436578,
              43.90036720589091
            ],
            [
              -80.27862895592554,
              43.90009795559449
            ],
            [
              -80.27902453657471,
              43.899845488679496
            ],
            [
              -80.27904774656533,
              43.89957623847629
            ],
            [
              -80.28102558492922,
              43.898313882799634
            ],
            [
              -80.28109518279832,
              43.897506132771625
            ],
            [
              -80.28074603009526,
              43.897220107145095
            ],
            [
              -80.28114158023868,
              43.89696763320714
            ],
            [
              -80.28125756985317,
              43.895621385885974
            ],
            [
              -80.28090842830265,
              43.89533536151391
            ],
            [
              -80.2810012222667,
              43.894258366009716
            ],
            [
              -80.28139674987378,
              43.894005892099685
            ],
            [
              -80.28144314139186,
              43.89346739489815
            ],
            [
              -80.28183866126004,
              43.89321491958604
            ],
            [
              -80.28186185462889,
              43.89294567112426
            ],
            [
              -80.28304838623832,
              43.89218823675258
            ]
          ],
          [
            [
              -80.28304838623832,
              43.89218823675258
            ],
            [
              -80.28379302262289,
              43.89222177045727
            ]
          ]
        ]
      },
      "properties": {
        "SubId": 29005279.0,
        "DowSubId": 29016460.0,
        "RivSlope": 0.00550359507824,
        "RivLength": 4053.74675043,
        "BasSlope": 1.44873659505,
        "BasAspect": 198.351527518,
        "BasArea": 59463000.0,
        "BkfWidth": 23.048307945,
        "BkfDepth": 0.542684846697,
        "Lake_Cat": 0.0,
        "HyLakeId": 0.0,
        "LakeVol": 0.0,
        "LakeDepth": 0.0,
        "LakeArea": 0.0,
        "Laketype": 0.0,
        "Has_POI": 1.0,
        "MeanElev": 483.316959788,
        "FloodP_n": 0.0550226091159,
        "Q_Mean": 8.0250435316,
        "Ch_n": 0.0549135948823,
        "DrainArea": 184236300.0,
        "Strahler": 1.0,
        "Seg_ID": 486.0,
        "Seg_order": 2.0,
        "Max_DEM": 469.275512695,
        "Min_DEM": 445.605407715,
        "Obs_NM": "02GA-19&02GA-19&02GA-19&02GA-19",
        "SRC_obs": "OIHQUAT&OIHQUAT&OIHQUAT&OIHQUAT",
        "centroid_x": -79.5895489055,
        "centroid_y": 43.5859976059,
        "DA_Chn_L": 29622.4004103,
        "DA_Slope": 0.267076722817,
        "DA_Chn_Slp": 0.00201493238098,
        "outletLat": 43.892205,
        "outletLng": -80.2834207,
        "k": 0.0653543025255,
        "c": 0.969084024429,
        "Region": "SW",
        "Sub_Reg": "02G",
        "Subregion": "SWS",
        "rvhName": "02GA-19&02GA-19&02GA-19&02GA-19"
      }
    },
    {
      "type": "Feature",
      "geometry": {
        "type": "LineString",
        "coordinates": [
          [
            -80.29862454275873,
            43.828292167394466
          ],
          [
            -80.29876304115511,
            43.82667679569512
          ],
          [
            -80.29841424682812,
            43.82639085590878
          ],
          [
            -80.29846041432944,
            43.8258523997746
          ],
          [
            -80.29811162681553,
            43.82556645929735
          ],
          [
            -80.2981577965914,
            43.8250280038931
          ],
          [
            -80.29780901589037,
            43.824742062725086
          ],
          [
            -80.29806295096068,
            43.82178056658861
          ],
          [
            -80.29771419138098,
            43.8214946263533
          ],
          [
            -80.29796811654799,
            43.8185331433816
          ],
          [
            -80.29836302073119,
            43.818280631023654
          ],
          [
            -80.29850150157064,
            43.81666528141751
          ],
          [
            -80.29889638986883,
            43.81641276768346
          ],
          [
            -80.29891946717454,
            43.816143543077345
          ],
          [
            -80.29931434979899,
            43.815891027944836
          ],
          [
            -80.29933742483638,
            43.81562180343577
          ],
          [
            -80.30012717510654,
            43.81511676897105
          ],
          [
            -80.30015024583369,
            43.81484754456363
          ],
          [
            -80.30093997749404,
            43.81434250449654
          ],
          [
            -80.30096304391122,
            43.814073280190875
          ],
          [
            -80.30135790225242,
            43.8138207580577
          ],
          [
            -80.30138096640162,
            43.81355153384922
          ],
          [
            -80.30177581906972,
            43.813299010317905
          ],
          [
            -80.30184500403523,
            43.81249133826184
          ],
          [
            -80.30223984694693,
            43.812238813341786
          ],
          [
            -80.30228596504342,
            43.811700365776716
          ],
          [
            -80.30623415362327,
            43.80917503952841
          ],
          [
            -80.30772120461324,
            43.80924176499406
          ],
          [
            -80.30851078604233,
            43.80873667165748
          ],
          [
            -80.30860289249175,
            43.80765977646334
          ]
        ]
      },
      "properties": {
        "SubId": 29011173.0,
        "DowSubId": 29012889.0,
        "RivSlope": 0.00172865791369,
        "RivLength": 2783.08657865,
        "BasSlope": 2.43396923102,
        "BasAspect": 185.885713258,
        "BasArea": 13133700.0,
        "BkfWidth": 45.7265335482,
        "BkfDepth": 0.818587736366,
        "Lake_Cat": 0.0,
        "HyLakeId": 0.0,
        "LakeVol": 0.0,
        "LakeDepth": 0.0,
        "LakeArea": 0.0,
        "Laketype": 0.0,
        "Has_POI": 1.0,
        "MeanElev": 459.62190386,
        "FloodP_n": 0.05,
        "Q_Mean": 40.3340252765,
        "Ch_n": 0.0315960127166,
        "DrainArea": 757560600.0,
        "Strahler": 3.0,
        "Seg_ID": 9366.0,
        "Seg_order": 2.0,
        "Max_DEM": 426.641998291,
        "Min_DEM": 421.830993652,
        "Obs_NM": "02GA001&02GA001&02GA001&02GA001",
        "SRC_obs": "WSC&WSC&WSC&WSC",
        "centroid_x": -78.701876491,
        "centroid_y": 44.6270931965,
        "DA_Chn_L": 73571.5540575,
        "DA_Slope": 0.229093382749,
        "DA_Chn_Slp": 0.00197009142793,
        "outletLat": 43.807929,
        "outletLng": -80.30857987,
        "k": 0.0653543025255,
        "c": 0.969084024429,
        "Region": "SW",
        "Sub_Reg": "02G",
        "Subregion": "SWS",
        "rvhName": "02GA001&02GA001&02GA001&02GA001"
      }
    },
    {
      "type": "Feature",
      "geometry": {
        "type": "LineString",
        "coordinates": [
          [
            -80.30860289249175,
            43.80765977646334
          ],
          [
            -80.30825416770935,
            43.80737387676255
          ],
          [
            -80.3083923301482,
            43.805758537835715
          ],
          [
            -80.30878709455506,
            43.80550599052521
          ],
          [
            -80.30881011879721,
            43.805236767700244
          ],
          [
            -80.31117861675786,
            43.80372145442365
          ],
          [
            -80.31120162852983,
            43.80345223172145
          ],
          [
            -80.31159636344371,
            43.80319967460678
          ],
          [
            -80.31171140871707,
            43.801853562513216
          ],
          [
            -80.31136270461741,
            43.8015676754047
          ],
          [
            -80.3114547431336,
            43.80049078812303
          ],
          [
            -80.31184945560206,
            43.8002382310643
          ],
          [
            -80.31189546942612,
            43.799699787990825
          ],
          [
            -80.31229017418426,
            43.7994472295406
          ],
          [
            -80.31231317871773,
            43.7991780081483
          ],
          [
            -80.31270787780603,
            43.79892544830154
          ],
          [
            -80.31273088007376,
            43.7986562270073
          ],
          [
            -80.31352026328152,
            43.79815110311919
          ],
          [
            -80.31365824767178,
            43.79653577736719
          ],
          [
            -80.3140529215912,
            43.79628321335208
          ],
          [
            -80.31407591616063,
            43.796013992723935
          ],
          [
            -80.31447058441093,
            43.79576142731259
          ],
          [
            -80.31449357671504,
            43.79549220678264
          ],
          [
            -80.31488823929634,
            43.79523963997514
          ],
          [
            -80.314957208737,
            43.79443197895898
          ],
          [
            -80.3153518615698,
            43.79417941076597
          ],
          [
            -80.31548978212895,
            43.792564091276304
          ],
          [
            -80.31588441909474,
            43.79231152171405
          ],
          [
            -80.31593038673289,
            43.79177308263901
          ],
          [
            -80.31632501599087,
            43.79152051168629
          ],
          [
            -80.31634799743253,
            43.791251292293715
          ],
          [
            -80.31674262102244,
            43.790998719945215
          ],
          [
            -80.31676560019937,
            43.7907295006511
          ],
          [
            -80.31873865352512,
            43.7894666179192
          ],
          [
            -80.31876162228008,
            43.78919739874546
          ],
          [
            -80.3250747507575,
            43.785155938741354
          ],
          [
            -80.32512062234574,
            43.7846175008526
          ],
          [
            -80.32551515796047,
            43.78436489770788
          ],
          [
            -80.32553809137882,
            43.78409567890904
          ],
          [
            -80.32593262132724,
            43.78384307436955
          ],
          [
            -80.32595555248228,
            43.783573855669665
          ],
          [
            -80.32635007676451,
            43.78332124973548
          ],
          [
            -80.32637300565635,
            43.78305203113459
          ],
          [
            -80.3267675242725,
            43.782799423805756
          ],
          [
            -80.3268133773052,
            43.78226098689528
          ],
          [
            -80.327207888217,
            43.78200837817768
          ],
          [
            -80.32723081235798,
            43.78173915986814
          ],
          [
            -80.327625317604,
            43.78148654975602
          ],
          [
            -80.32764823948203,
            43.78121733154558
          ],
          [
            -80.3280427390624,
            43.780964720039016
          ],
          [
            -80.32806565867756,
            43.78069550192769
          ],
          [
            -80.32846015259237,
            43.78044288902673
          ],
          [
            -80.32848306994474,
            43.78017367101457
          ],
          [
            -80.32887755819414,
            43.77992105671928
          ],
          [
            -80.32890047328378,
            43.77965183880631
          ],
          [
            -80.32929495586788,
            43.77939922311674
          ],
          [
            -80.32931786869489,
            43.77913000530302
          ],
          [
            -80.32971234561383,
            43.77887738821922
          ],
          [
            -80.32973525617827,
            43.778608170504754
          ],
          [
            -80.33012972743215,
            43.7783555520268
          ],
          [
            -80.33015263573412,
            43.778086334411604
          ],
          [
            -80.33054710132306,
            43.777833714539575
          ],
          [
            -80.33057000736265,
            43.7775644970237
          ],
          [
            -80.33096446728676,
            43.77731187575763
          ],
          [
            -80.33098737106403,
            43.77704265834109
          ],
          [
            -80.33177627595606,
            43.77653741162107
          ],
          [
            -80.33179917543333,
            43.77626819430992
          ],
          [
            -80.33219362040144,
            43.77601556885606
          ],
          [
            -80.33223941460741,
            43.77547713452603
          ],
          [
            -80.3330282855129,
            43.77497187944298
          ],
          [
            -80.33307407067103,
            43.77443344551085
          ],
          [
            -80.33346849660877,
            43.77418081588181
          ],
          [
            -80.33351427679466,
            43.77364238233559
          ],
          [
            -80.33390869503094,
            43.77338975131905
          ],
          [
            -80.33397735751544,
            43.77258210171896
          ],
          [
            -80.33437176601316,
            43.772329469321186
          ],
          [
            -80.33441753580692,
            43.77179103673411
          ],
          [
            -80.33481193660377,
            43.77153840294906
          ],
          [
            -80.33485770142613,
            43.77099997074828
          ],
          [
            -80.33525209452236,
            43.77074733557608
          ],
          [
            -80.33532073396299,
            43.76993968799479
          ],
          [
            -80.33571511732174,
            43.76968705144177
          ],
          [
            -80.33576087175383,
            43.769148620200994
          ],
          [
            -80.33615524741256,
            43.768895982261064
          ],
          [
            -80.33622387126874,
            43.768088336120236
          ],
          [
            -80.33661823719075,
            43.76783569679977
          ],
          [
            -80.33666398123387,
            43.76729726651963
          ],
          [
            -80.33705833945642,
            43.76704462581246
          ],
          [
            -80.33712694773011,
            43.76623698111305
          ],
          [
            -80.33752129621668,
            43.76598433902564
          ],
          [
            -80.33756702987212,
            43.765445909706756
          ],
          [
            -80.33796137065984,
            43.76519326623288
          ],
          [
            -80.33802996335294,
            43.76438562297582
          ],
          [
            -80.33842429440546,
            43.764132978122
          ],
          [
            -80.33849287897304,
            43.76332533572692
          ],
          [
            -80.33888720029078,
            43.76307268949332
          ],
          [
            -80.33900149324228,
            43.76172662074036
          ],
          [
            -80.33939580075292,
            43.76147397314008
          ],
          [
            -80.33951007792507,
            43.76012790676195
          ],
          [
            -80.33990437162954,
            43.7598752577953
          ],
          [
            -80.33999578119277,
            43.75879840640597
          ],
          [
            -80.34039006312805,
            43.75854575606671
          ],
          [
            -80.34050430986548,
            43.757199693972424
          ],
          [
            -80.34089857799623,
            43.75694704226736
          ],
          [
            -80.34055000699378,
            43.756661269791174
          ],
          [
            -80.3405957032269,
            43.75612284598511
          ],
          [
            -80.34024713902531,
            43.75583707282099
          ],
          [
            -80.3402928375398,
            43.755298649752156
          ],
          [
            -80.33994428013882,
            43.75501287590019
          ],
          [
            -80.33998998093452,
            43.754474453568704
          ],
          [
            -80.33964143033391,
            43.75418867902898
          ],
          [
            -80.33968713341065,
            43.75365025743493
          ],
          [
            -80.33933858961018,
            43.75336448220752
          ],
          [
            -80.33938429496781,
            43.75282606135104
          ],
          [
            -80.33903575796724,
            43.75254028543605
          ],
          [
            -80.3390814656056,
            43.75200186531721
          ],
          [
            -80.33629332545608,
            43.74971562310929
          ],
          [
            -80.33631619164218,
            43.74944641463984
          ],
          [
            -80.33283135842404,
            43.7465885192434
          ],
          [
            -80.333083046309,
            43.74362725222052
          ],
          [
            -80.33347725121386,
            43.74337463316094
          ],
          [
            -80.333660263639,
            43.741220991617666
          ],
          [
            -80.33405444864036,
            43.74096837121391
          ],
          [
            -80.3342145585073,
            43.73908393985082
          ],
          [
            -80.33460872564191,
            43.73883131809666
          ],
          [
            -80.33463159554933,
            43.738562113999535
          ],
          [
            -80.33541991488347,
            43.73805686631081
          ],
          [
            -80.33544278049736,
            43.73778766232159
          ],
          [
            -80.33583693269706,
            43.73753503638713
          ],
          [
            -80.33585979605236,
            43.737265832498984
          ],
          [
            -80.3362539425957,
            43.73701320517347
          ],
          [
            -80.33634538563976,
            43.73593639059037
          ],
          [
            -80.33673952042312,
            43.73568376189473
          ],
          [
            -80.33683095174786,
            43.73460694884672
          ],
          [
            -80.33722507477188,
            43.73435431878116
          ],
          [
            -80.33724793000913,
            43.73408511576171
          ]
        ]
      },
      "properties": {
        "SubId": 29012889.0,
        "DowSubId": 29016526.0,
        "RivSlope": 0.0010030600376,
        "RivLength": 9701.75756957,
        "BasSlope": 2.1966036223,
        "BasAspect": 161.524688342,
        "BasArea": 29637900.0,
        "BkfWidth": 46.5847835948,
        "BkfDepth": 0.827771968994,
        "Lake_Cat": 1.0,
        "HyLakeId": 110809.0,
        "LakeVol": 61.2,
        "LakeDepth": 11.0,
        "LakeArea": 5540000.0,
        "Laketype": 2.0,
        "Has_POI": 1.0,
        "MeanElev": 440.052738207,
        "FloodP_n": 0.0608303249097,
        "Q_Mean": 41.8623083058,
        "Ch_n": 0.0333927098102,
        "DrainArea": 787198500.0,
        "Strahler": 3.0,
        "Seg_ID": 9366.0,
        "Seg_order": 3.0,
        "Max_DEM": 421.785980225,
        "Min_DEM": 412.054534912,
        "Obs_NM": "02GA-08&2GA71&2GA71&ODI_775&02GA-08&2GA71&2GA71&ODI_775&02GA-08&2GA71&2GA71&ODI_775&02GA-08&2GA71&2GA71&ODI_775",
        "SRC_obs": "OIHQUAT&GS&WPF&ODI&OIHQUAT&GS&WPF&ODI&OIHQUAT&GS&WPF&ODI&OIHQUAT&GS&WPF&ODI",
        "centroid_x": -78.0830136817,
        "centroid_y": 44.6273507687,
        "DA_Chn_L": 83273.311627,
        "DA_Slope": 0.303169834532,
        "DA_Chn_Slp": 0.00185742743117,
        "outletLat": 43.73435432,
        "outletLng": -80.33722507,
        "k": 0.0653543025255,
        "c": 0.969084024429,
        "Region": "SW",
        "Sub_Reg": "02G",
        "Subregion": "SWS",
        "rvhName": "02GA-08&2GA71&2GA71&ODI_775&02GA-08&2GA71&2GA71&ODI_775&02GA-08&2GA71&2GA71&ODI_775&02GA-08&2GA71&2GA71&ODI_775"
      }
    },
    {
      "type": "Feature",
      "geometry": {
        "type": "MultiLineString",
        "coordinates": [
          [
            [
              -80.37792015531083,
              44.03021482485895
            ],
            [
              -80.37686864959909,
              44.029357564003746
            ],
            [
              -80.37649536982575,
              44.02934112532418
            ],
            [
              -80.37579438843201,
              44.02876961029204
            ],
            [
              -80.37583996501472,
              44.028230976948485
            ],
            [
              -80.37663207760917,
              44.02772522425411
            ],
            [
              -80.37667764507604,
              44.02718659127162
            ],
            [
              -80.37707369177305,
              44.02693371281318
            ],
            [
              -80.3773014951069,
              44.02424055322821
            ],
            [
              -80.37695103103916,
              44.02395480080902
            ],
            [
              -80.37697381174515,
              44.02368548551243
            ],
            [
              -80.37662335294343,
              44.02339973220502
            ],
            [
              -80.37669169853343,
              44.02259178737191
            ],
            [
              -80.3782757300868,
              44.02158027085649
            ],
            [
              -80.37864895745703,
              44.02159670304946
            ],
            [
              -80.38023292402896,
              44.02058515833372
            ],
            [
              -80.3803012128138,
              44.01977721408618
            ],
            [
              -80.38069718914562,
              44.01952432438967
            ],
            [
              -80.38076546975266,
              44.018716380945975
            ],
            [
              -80.38116143626347,
              44.01846348984634
            ],
            [
              -80.38118419396406,
              44.018194175544494
            ],
            [
              -80.383163961358,
              44.01692969891716
            ],
            [
              -80.38391035582553,
              44.01696252706341
            ],
            [
              -80.38430629511463,
              44.01670962468736
            ]
          ],
          [
            [
              -80.38430629511463,
              44.01670962468736
            ],
            [
              -80.38470223074441,
              44.01645672090214
            ],
            [
              -80.38507542510227,
              44.01647313016508
            ],
            [
              -80.38402407133324,
              44.0156159560738
            ],
            [
              -80.38365088313564,
              44.015599543095504
            ],
            [
              -80.38330044125108,
              44.01531381503345
            ],
            [
              -80.382904507412,
              44.01556671316422
            ],
            [
              -80.38288175926937,
              44.015836026925314
            ],
            [
              -80.38218088416171,
              44.015264564433956
            ],
            [
              -80.38231738892685,
              44.01364868530083
            ],
            [
              -80.38310923062149,
              44.01314289330701
            ],
            [
              -80.38348240190598,
              44.01315930815676
            ],
            [
              -80.3838783156595,
              44.01290640863497
            ],
            [
              -80.38425148556223,
              44.012922820748564
            ],
            [
              -80.38464739405136,
              44.01266991840647
            ],
            [
              -80.38502056257225,
              44.01268632778394
            ],
            [
              -80.38581236536297,
              44.012180516050364
            ],
            [
              -80.38583509756623,
              44.011911202926484
            ],
            [
              -80.38548466789483,
              44.01162548350933
            ],
            [
              -80.3851115064676,
              44.01160907580244
            ]
          ]
        ]
      },
      "properties": {
        "SubId": 29016395.0,
        "DowSubId": 29005216.0,
        "RivSlope": 0.00313273620134,
        "RivLength": 3029.48268172,
        "BasSlope": 0.897299152129,
        "BasAspect": 175.659079182,
        "BasArea": 9442799.99999,
        "BkfWidth": 24.4199993834,
        "BkfDepth": 0.561838706418,
        "Lake_Cat": 0.0,
        "HyLakeId": 0.0,
        "LakeVol": 0.0,
        "LakeDepth": 0.0,
        "LakeArea": 0.0,
        "Laketype": 0.0,
        "Has_POI": 1.0,
        "MeanElev": 485.19500288,
        "FloodP_n": 0.05,
        "Q_Mean": 11.259691759,
        "Ch_n": 0.0414254618384,
        "DrainArea": 207582300.0,
        "Strahler": 2.0,
        "Seg_ID": 9281.0,
        "Seg_order": 1.0,
        "Max_DEM": 480.945556641,
        "Min_DEM": 475.239227295,
        "Obs_NM": "02GA-17&02GA-17&02GA-17&02GA-17",
        "SRC_obs": "OIHQUAT&OIHQUAT&OIHQUAT&OIHQUAT",
        "centroid_x": -80.7258417924,
        "centroid_y": 45.8771099162,
        "DA_Chn_L": 37207.8333036,
        "DA_Slope": 0.204183120143,
        "DA_Chn_Slp": 0.00188386687073,
        "outletLat": 44.01162548,
        "outletLng": -80.38548467,
        "k": 0.0653543025255,
        "c": 0.969084024429,
        "Region": "SW",
        "Sub_Reg": "02G",
        "Subregion": "SWS",
        "rvhName": "02GA-17&02GA-17&02GA-17&02GA-17"
      }
    },
    {
      "type": "Feature",
      "geometry": {
        "type": "LineString",
        "coordinates": [
          [
            -80.3605837031259,
            43.9740356760418
          ],
          [
            -80.36023364753838,
            43.973749886475424
          ],
          [
            -80.3602564895617,
            43.973480592326446
          ],
          [
            -80.35990643922946,
            43.973194801875984
          ],
          [
            -80.36002065398651,
            43.97184833335583
          ],
          [
            -80.35792047676338,
            43.97013357367863
          ],
          [
            -80.35794332865157,
            43.969864281302
          ],
          [
            -80.35619328942515,
            43.9684352866307
          ],
          [
            -80.35621614909644,
            43.96816599522632
          ],
          [
            -80.3551661741955,
            43.96730858623215
          ],
          [
            -80.35442047360877,
            43.967275556068465
          ]
        ]
      },
      "properties": {
        "SubId": 29016418.0,
        "DowSubId": 29016456.0,
        "RivSlope": 0.00316146482946,
        "RivLength": 978.822509939,
        "BasSlope": 1.7925243039,
        "BasAspect": 157.627611107,
        "BasArea": 592200.0,
        "BkfWidth": 31.8546755904,
        "BkfDepth": 0.658973846012,
        "Lake_Cat": 0.0,
        "HyLakeId": 0.0,
        "LakeVol": 0.0,
        "LakeDepth": 0.0,
        "LakeArea": 0.0,
        "Laketype": 0.0,
        "Has_POI": 1.0,
        "MeanElev": 472.809932396,
        "FloodP_n": 0.05,
        "Q_Mean": 19.5740809601,
        "Ch_n": 0.0422815611152,
        "DrainArea": 359261100.0,
        "Strahler": 3.0,
        "Seg_ID": 9282.0,
        "Seg_order": 1.0,
        "Max_DEM": 467.149536133,
        "Min_DEM": 464.055023193,
        "Obs_NM": "16018409002&16018409002&16018409002&16018409002",
        "SRC_obs": "PWQMN&PWQMN&PWQMN&PWQMN",
        "centroid_x": -80.4820957476,
        "centroid_y": 45.7720582139,
        "DA_Chn_L": 44441.0627357,
        "DA_Slope": 0.140886237839,
        "DA_Chn_Slp": 0.00195647264121,
        "outletLat": 43.96729207,
        "outletLng": -80.35479332,
        "k": 0.0653543025255,
        "c": 0.969084024429,
        "Region": "SW",
        "Sub_Reg": "02G",
        "Subregion": "SWS",
        "rvhName": "16018409002&16018409002&16018409002&16018409002"
      }
    },
    {
      "type": "Feature",
      "geometry": {
        "type": "MultiLineString",
        "coordinates": [
          [
            [
              -80.35442047360877,
              43.967275556068465
            ],
            [
              -80.35330192441513,
              43.96722600089609
            ],
            [
              -80.35295195034145,
              43.9669401895952
            ],
            [
              -80.35257910311111,
              43.96692366732072
            ]
          ],
          [
            [
              -80.35257910311111,
              43.96692366732072
            ],
            [
              -80.35260197992004,
              43.96665437723441
            ],
            [
              -80.35225201315089,
              43.96636856381378
            ],
            [
              -80.35264773286309,
              43.96611579733068
            ],
            [
              -80.35269348490642,
              43.96557721778547
            ],
            [
              -80.3530891968645,
              43.96532444989961
            ],
            [
              -80.35313494390626,
              43.96478587071824
            ],
            [
              -80.35278498629401,
              43.964500059770835
            ],
            [
              -80.35280786107862,
              43.96423077049132
            ],
            [
              -80.35245790871937,
              43.96394495866084
            ],
            [
              -80.35285360997311,
              43.96369219220131
            ],
            [
              -80.35250366081591,
              43.963406380724244
            ],
            [
              -80.35254941201279,
              43.9628678031464
            ],
            [
              -80.35219946970929,
              43.96258199096311
            ],
            [
              -80.3522452232084,
              43.962043414097536
            ],
            [
              -80.3518952877584,
              43.96175760120809
            ],
            [
              -80.35191816577144,
              43.96148831308663
            ],
            [
              -80.35231385177016,
              43.96123554947204
            ],
            [
              -80.35245110282132,
              43.9596198226439
            ],
            [
              -80.35210118177862,
              43.95933401134548
            ],
            [
              -80.35212405776743,
              43.95906472403175
            ],
            [
              -80.3517741419767,
              43.958778911850644
            ],
            [
              -80.35179701934132,
              43.95850962480349
            ],
            [
              -80.35109720191467,
              43.95793799761654
            ],
            [
              -80.35112008225559,
              43.95766871101287
            ],
            [
              -80.35042028263433,
              43.957097079942
            ],
            [
              -80.35044316595139,
              43.95682779378186
            ],
            [
              -80.35009327321768,
              43.956541976834274
            ],
            [
              -80.35013904237786,
              43.95600340513724
            ],
            [
              -80.34873952075422,
              43.95486012816948
            ],
            [
              -80.34836675700565,
              43.95484359119845
            ],
            [
              -80.34591774906406,
              43.95284280707462
            ],
            [
              -80.34554499989288,
              43.95282626012782
            ],
            [
              -80.34484532029232,
              43.95225459551771
            ],
            [
              -80.34447257544699,
              43.95223804477573
            ],
            [
              -80.34412274317238,
              43.95195220964629
            ],
            [
              -80.34263177424468,
              43.951885988502916
            ],
            [
              -80.34228195382164,
              43.951600147370826
            ],
            [
              -80.34153647481027,
              43.95156702638837
            ],
            [
              -80.34118666213811,
              43.95128118172568
            ],
            [
              -80.34044118812895,
              43.95124805297891
            ],
            [
              -80.34009138320765,
              43.95096220478571
            ],
            [
              -80.33748224562979,
              43.950846203842644
            ],
            [
              -80.3370865662469,
              43.95109890812365
            ],
            [
              -80.33596836301227,
              43.95104916935575
            ],
            [
              -80.33557267518118,
              43.951301867997536
            ],
            [
              -80.33519993962149,
              43.951285284351535
            ],
            [
              -80.33480424654107,
              43.95153798017493
            ],
            [
              -80.33443150960767,
              43.95152139379534
            ],
            [
              -80.33403581127791,
              43.95177408680027
            ],
            [
              -80.33329033488963,
              43.95174090725069
            ],
            [
              -80.33289462971125,
              43.95199359602658
            ],
            [
              -80.32879450812965,
              43.95181099838464
            ],
            [
              -80.3270458058919,
              43.95038155174983
            ],
            [
              -80.32706880128443,
              43.950112273063084
            ],
            [
              -80.32671907338519,
              43.9498263807389
            ],
            [
              -80.3267420701505,
              43.94955710231948
            ],
            [
              -80.32639234749973,
              43.94927120911458
            ],
            [
              -80.32641534563776,
              43.949001930962474
            ],
            [
              -80.32606562823534,
              43.9487160368769
            ],
            [
              -80.32608862774602,
              43.94844675899216
            ],
            [
              -80.32573891559181,
              43.94816086402599
            ],
            [
              -80.3257619164751,
              43.94789158640865
            ],
            [
              -80.32541220956898,
              43.9476056905619
            ],
            [
              -80.32543521182481,
              43.94733641321196
            ],
            [
              -80.32508551016664,
              43.94705051648472
            ],
            [
              -80.32513151719714,
              43.94651196240965
            ],
            [
              -80.32478182238533,
              43.94622606497946
            ],
            [
              -80.32485083603082,
              43.94541823507414
            ],
            [
              -80.32450114966353,
              43.945132337118636
            ],
            [
              -80.32452415535825,
              43.94486306084102
            ],
            [
              -80.32417447423838,
              43.94457716200522
            ],
            [
              -80.32426650114955,
              43.943500058505
            ],
            [
              -80.32545354108952,
              43.94274209396234
            ]
          ],
          [
            [
              -80.32545354108952,
              43.94274209396234
            ],
            [
              -80.32582621558522,
              43.942758712029026
            ],
            [
              -80.32780453451907,
              43.94149540258172
            ],
            [
              -80.32785051016369,
              43.94095685123712
            ],
            [
              -80.32824615890418,
              43.94070418512946
            ],
            [
              -80.32826914433745,
              43.940434909594885
            ],
            [
              -80.32906042677278,
              43.939929573161734
            ],
            [
              -80.32935916355147,
              43.93642899948169
            ],
            [
              -80.32975477264783,
              43.93617632918854
            ],
            [
              -80.32982370033561,
              43.93536850666508
            ],
            [
              -80.33061489528659,
              43.93486316187301
            ],
            [
              -80.33063786663169,
              43.934593887884425
            ],
            [
              -80.33103345658596,
              43.93434121338016
            ],
            [
              -80.33110236311828,
              43.93353339196411
            ],
            [
              -80.33149794327635,
              43.93328071606097
            ],
            [
              -80.3316357379507,
              43.93166507568243
            ],
            [
              -80.33128610394054,
              43.93137920549214
            ]
          ],
          [
            [
              -80.33128610394054,
              43.93137920549214
            ],
            [
              -80.33130907052775,
              43.931109932589344
            ],
            [
              -80.32781294699801,
              43.92825117430739
            ],
            [
              -80.32744037054063,
              43.92823456361155
            ],
            [
              -80.32709078029518,
              43.92794868073332
            ],
            [
              -80.32634563215647,
              43.92791545290414
            ],
            [
              -80.32599604965633,
              43.92762956649877
            ],
            [
              -80.3252509065197,
              43.92759633090967
            ],
            [
              -80.32420219319502,
              43.92673865794147
            ],
            [
              -80.3242251926383,
              43.92646938823353
            ],
            [
              -80.32247741801454,
              43.92503991303657
            ],
            [
              -80.32250042521788,
              43.9247706443087
            ],
            [
              -80.32215088282943,
              43.92448474627661
            ],
            [
              -80.32217389140384,
              43.9242154778171
            ],
            [
              -80.32182435425871,
              43.92392957890618
            ],
            [
              -80.32184736420409,
              43.92366031071507
            ],
            [
              -80.31975022748324,
              43.92194489612631
            ],
            [
              -80.31977324678395,
              43.92167562909386
            ],
            [
              -80.31942373835481,
              43.92138972314217
            ],
            [
              -80.31953883944989,
              43.920043390227285
            ],
            [
              -80.319934375557,
              43.91979076239962
            ],
            [
              -80.31995739304863,
              43.9195214960909
            ],
            [
              -80.32074845022827,
              43.91901623622022
            ],
            [
              -80.32077146339604,
              43.91874697000778
            ],
            [
              -80.32116698446875,
              43.91849433796488
            ],
            [
              -80.32123601646934,
              43.91768653987932
            ],
            [
              -80.32088652584386,
              43.917400640303235
            ],
            [
              -80.32093254924057,
              43.91686210905513
            ],
            [
              -80.32058306545353,
              43.9165762087789
            ],
            [
              -80.32060607840934,
              43.91630694346883
            ],
            [
              -80.32025659986401,
              43.91602104231438
            ],
            [
              -80.32027961419026,
              43.91575177727303
            ],
            [
              -80.3199301408865,
              43.91546587524041
            ],
            [
              -80.3199531565831,
              43.91519661046783
            ],
            [
              -80.31960368852079,
              43.91491070755708
            ],
            [
              -80.3196267055877,
              43.9146414430533
            ],
            [
              -80.31822887617288,
              43.91349782156059
            ]
          ],
          [
            [
              -80.31822887617288,
              43.91349782156059
            ],
            [
              -80.31825189939885,
              43.91322855786037
            ],
            [
              -80.31790245275333,
              43.91294265002496
            ],
            [
              -80.31792547734935,
              43.91267338659364
            ],
            [
              -80.31757603594467,
              43.91238747788037
            ],
            [
              -80.31762208765046,
              43.91184895164619
            ],
            [
              -80.31657379488023,
              43.91099122023984
            ],
            [
              -80.31659682518197,
              43.91072195779368
            ],
            [
              -80.3162474031434,
              43.9104360453912
            ],
            [
              -80.31627043481488,
              43.91016678321406
            ],
            [
              -80.31557160486246,
              43.909594955597996
            ],
            [
              -80.31564070809482,
              43.90878717068091
            ],
            [
              -80.314941902294,
              43.90821533991165
            ],
            [
              -80.3145694658878,
              43.90819868395639
            ],
            [
              -80.31417398868774,
              43.90845128769524
            ],
            [
              -80.31380155091212,
              43.908434629008354
            ],
            [
              -80.31340606847233,
              43.90868722993078
            ],
            [
              -80.31305667603986,
              43.90840130766866
            ],
            [
              -80.31231180207305,
              43.908367981041174
            ],
            [
              -80.31091428516994,
              43.907224271562136
            ]
          ],
          [
            [
              -80.31091428516994,
              43.907224271562136
            ],
            [
              -80.31056491505387,
              43.90693834155325
            ],
            [
              -80.31019248865199,
              43.90692167008586
            ],
            [
              -80.30984312422808,
              43.90663573778729
            ],
            [
              -80.30947070010109,
              43.90661906376389
            ],
            [
              -80.30912134136929,
              43.90633312917567
            ],
            [
              -80.30874891951719,
              43.90631645259629
            ],
            [
              -80.30839956647749,
              43.90603051571853
            ],
            [
              -80.30765472754977,
              43.90599715612601
            ],
            [
              -80.30660670258271,
              43.9051393317559
            ],
            [
              -80.30662977937108,
              43.90487007358162
            ],
            [
              -80.30628044659757,
              43.904584130192774
            ],
            [
              -80.30630352475436,
              43.904314872287884
            ],
            [
              -80.3059541972193,
              43.904028928022356
            ],
            [
              -80.30597727674446,
              43.90375967038689
            ],
            [
              -80.30562795444773,
              43.90347372524473
            ],
            [
              -80.3060234351148,
              43.90322115538827
            ],
            [
              -80.30611574913564,
              43.90214412648052
            ],
            [
              -80.30651121796659,
              43.901891555228964
            ],
            [
              -80.30658044495804,
              43.90108378451045
            ],
            [
              -80.30776681115988,
              43.90032606234247
            ],
            [
              -80.30813919202963,
              43.90034274227672
            ],
            [
              -80.30853463854953,
              43.900090163997966
            ],
            [
              -80.30890701805087,
              43.9001068412009
            ],
            [
              -80.31325667180269,
              43.89732837180449
            ],
            [
              -80.31327971265347,
              43.89705911495043
            ],
            [
              -80.31367511181844,
              43.896806518388736
            ],
            [
              -80.31369815039548,
              43.89653726162879
            ],
            [
              -80.31488431989334,
              43.89577946351628
            ]
          ]
        ]
      },
      "properties": {
        "SubId": 29016456.0,
        "DowSubId": 29005277.0,
        "RivSlope": 0.00192432977109,
        "RivLength": 11870.6515063,
        "BasSlope": 1.12893684875,
        "BasAspect": 181.637428311,
        "BasArea": 72459000.0,
        "BkfWidth": 34.8205637802,
        "BkfDepth": 0.695129541383,
        "Lake_Cat": 0.0,
        "HyLakeId": 0.0,
        "LakeVol": 0.0,
        "LakeDepth": 0.0,
        "LakeArea": 0.0,
        "Laketype": 0.0,
        "Has_POI": 1.0,
        "MeanElev": 480.003811134,
        "FloodP_n": 0.0503353699748,
        "Q_Mean": 21.9544178854,
        "Ch_n": 0.0325787304877,
        "DrainArea": 431720100.0,
        "Strahler": 3.0,
        "Seg_ID": 9282.0,
        "Seg_order": 2.0,
        "Max_DEM": 467.58416748,
        "Min_DEM": 450.454986572,
        "Obs_NM": "02GA-13&ODI_799&02GA-13&ODI_799&02GA-13&ODI_799&02GA-13&ODI_799",
        "SRC_obs": "OIHQUAT&ODI&OIHQUAT&ODI&OIHQUAT&ODI&OIHQUAT&ODI",
        "centroid_x": -77.9716498604,
        "centroid_y": 44.9832984575,
        "DA_Chn_L": 56311.714242,
        "DA_Slope": 0.200412550144,
        "DA_Chn_Slp": 0.00194969684305,
        "outletLat": 43.89603206,
        "outletLng": -80.31448893,
        "k": 0.0653543025255,
        "c": 0.969084024429,
        "Region": "SW",
        "Sub_Reg": "02G",
        "Subregion": "SWS",
        "rvhName": "02GA-13&ODI_799&02GA-13&ODI_799&02GA-13&ODI_799&02GA-13&ODI_799"
      }
    },
    {
      "type": "Feature",
      "geometry": {
        "type": "LineString",
        "coordinates": [
          [
            -80.28379302262289,
            43.89222177045727
          ],
          [
            -80.28388575467405,
            43.89114477684488
          ],
          [
            -80.28353662791525,
            43.89085876291906
          ],
          [
            -80.28355981195203,
            43.89058951492265
          ]
        ]
      },
      "properties": {
        "SubId": 29016460.0,
        "DowSubId": 29016476.0,
        "RivSlope": 0.00257698584626,
        "RivLength": 192.426406871,
        "BasSlope": 1.65002100014,
        "BasAspect": 80.2091810785,
        "BasArea": 625500.0,
        "BkfWidth": 42.590467679,
        "BkfDepth": 0.784425515349,
        "Lake_Cat": 0.0,
        "HyLakeId": 0.0,
        "LakeVol": 0.0,
        "LakeDepth": 0.0,
        "LakeArea": 0.0,
        "Laketype": 0.0,
        "Has_POI": 1.0,
        "MeanElev": 467.054941872,
        "FloodP_n": 0.05,
        "Q_Mean": 34.9912796512,
        "Ch_n": 0.0385024708818,
        "DrainArea": 654239700.0,
        "Strahler": 3.0,
        "Seg_ID": 9283.0,
        "Seg_order": 1.0,
        "Max_DEM": 445.714874268,
        "Min_DEM": 445.218994141,
        "Obs_NM": "02GA022&02GA022&02GA022&02GA022",
        "SRC_obs": "WSC&WSC&WSC&WSC",
        "centroid_x": -79.0250936843,
        "centroid_y": 44.9960012884,
        "DA_Chn_L": 61711.562723,
        "DA_Slope": 0.151927985796,
        "DA_Chn_Slp": 0.00192018355795,
        "outletLat": 43.89085876,
        "outletLng": -80.28353663,
        "k": 0.0653543025255,
        "c": 0.969084024429,
        "Region": "SW",
        "Sub_Reg": "02G",
        "Subregion": "SWS",
        "rvhName": "02GA022&02GA022&02GA022&02GA022"
      }
    },
    {
      "type": "Feature",
      "geometry": {
        "type": "LineString",
        "coordinates": [
          [
            -80.28355981195203,
            43.89058951492265
          ],
          [
            -80.2835829957612,
            43.890320267017245
          ],
          [
            -80.28323387582972,
            43.890034252396134
          ],
          [
            -80.2832802459511,
            43.88949575721688
          ],
          [
            -80.2822329175613,
            43.8886377081067
          ],
          [
            -80.28225610705918,
            43.888368461191554
          ],
          [
            -80.28120881621693,
            43.887510403136055
          ],
          [
            -80.28123201026541,
            43.88724115685005
          ],
          [
            -80.27983567981815,
            43.88609706540975
          ],
          [
            -80.2798588800094,
            43.88582781993244
          ],
          [
            -80.27811355682712,
            43.884397682825664
          ],
          [
            -80.27815997245074,
            43.88385919393891
          ],
          [
            -80.27781092192036,
            43.88357316371635
          ],
          [
            -80.27801979527955,
            43.88114996985224
          ],
          [
            -80.27767076271945,
            43.88086394019224
          ],
          [
            -80.27774038784808,
            43.880056211083634
          ],
          [
            -80.27739136370421,
            43.87977018090918
          ],
          [
            -80.27753061736257,
            43.878154726231735
          ],
          [
            -80.27718160641047,
            43.877868696081826
          ],
          [
            -80.2772048161481,
            43.87759945413446
          ],
          [
            -80.27685581042745,
            43.877313423111175
          ],
          [
            -80.27687902152914,
            43.87704418143468
          ],
          [
            -80.27618102418984,
            43.87647211658847
          ],
          [
            -80.27622745207704,
            43.875933634227906
          ],
          [
            -80.2755294756621,
            43.875361565888745
          ],
          [
            -80.27555269244735,
            43.87509232520475
          ],
          [
            -80.27520371129035,
            43.87480628963558
          ],
          [
            -80.27531979975662,
            43.8734600884836
          ],
          [
            -80.27571520356359,
            43.87320764297296
          ],
          [
            -80.27573841852586,
            43.872938403019354
          ],
          [
            -80.27692460197174,
            43.87218105805715
          ],
          [
            -80.27694781056448,
            43.87191181820362
          ],
          [
            -80.2773431957217,
            43.87165936707295
          ],
          [
            -80.27741281399182,
            43.87085164806923
          ],
          [
            -80.27427227005225,
            43.86827736030621
          ],
          [
            -80.27429549000915,
            43.86800812243944
          ],
          [
            -80.27394656046542,
            43.86772208538284
          ],
          [
            -80.27406266478744,
            43.86637589831977
          ],
          [
            -80.27445802332676,
            43.86612345993198
          ],
          [
            -80.27410910492102,
            43.865837424134675
          ],
          [
            -80.2741555441431,
            43.865298950315385
          ],
          [
            -80.27380663255735,
            43.865012913825566
          ],
          [
            -80.2738298534176,
            43.864743677233065
          ],
          [
            -80.27348094706062,
            43.864457639870864
          ],
          [
            -80.2736202769823,
            43.86284222331701
          ],
          [
            -80.272922494272,
            43.86227014759555
          ],
          [
            -80.27294571830969,
            43.86200091218353
          ],
          [
            -80.27224795333053,
            43.86142883261345
          ]
        ]
      },
      "properties": {
        "SubId": 29016476.0,
        "DowSubId": 29003600.0,
        "RivSlope": 0.00251753306661,
        "RivLength": 3788.89393669,
        "BasSlope": 1.93449061821,
        "BasAspect": 192.036720941,
        "BasArea": 12249900.0,
        "BkfWidth": 42.9750225728,
        "BkfDepth": 0.788667481698,
        "Lake_Cat": 0.0,
        "HyLakeId": 0.0,
        "LakeVol": 0.0,
        "LakeDepth": 0.0,
        "LakeArea": 0.0,
        "Laketype": 0.0,
        "Has_POI": 1.0,
        "MeanElev": 466.822665172,
        "FloodP_n": 0.05,
        "Q_Mean": 35.6260139879,
        "Ch_n": 0.0380652318157,
        "DrainArea": 666489600.0,
        "Strahler": 3.0,
        "Seg_ID": 9283.0,
        "Seg_order": 2.0,
        "Max_DEM": 446.384643555,
        "Min_DEM": 436.845977783,
        "Obs_NM": "02GA014&16018406702&02GA014&16018406702&02GA014&16018406702&02GA014&16018406702",
        "SRC_obs": "WSC&PWQMN&WSC&PWQMN&WSC&PWQMN&WSC&PWQMN",
        "centroid_x": -77.9284434872,
        "centroid_y": 44.8315112713,
        "DA_Chn_L": 65500.4566597,
        "DA_Slope": 0.184691008641,
        "DA_Chn_Slp": 0.00195473742287,
        "outletLat": 43.86171487,
        "outletLng": -80.27259683,
        "k": 0.0653543025255,
        "c": 0.969084024429,
        "Region": "SW",
        "Sub_Reg": "02G",
        "Subregion": "SWS",
        "rvhName": "02GA014&16018406702&02GA014&16018406702&02GA014&16018406702&02GA014&16018406702"
      }
    },
    {
      "type": "Feature",
      "geometry": {
        "type": "LineString",
        "coordinates": [
          [
            -80.29732415468142,
            43.830395859095866
          ],
          [
            -80.29850912120266,
            43.82963831301469
          ],
          [
            -80.29862454275873,
            43.828292167394466
          ]
        ]
      },
      "properties": {
        "SubId": 29016489.0,
        "DowSubId": 29011173.0,
        "RivSlope": 0.00357037296983,
        "RivLength": 277.279220614,
        "BasSlope": 3.51671511183,
        "BasAspect": 118.278723461,
        "BasArea": 221399.999998,
        "BkfWidth": 45.3406797943,
        "BkfDepth": 0.814436225744,
        "Lake_Cat": 0.0,
        "HyLakeId": 0.0,
        "LakeVol": 0.0,
        "LakeDepth": 0.0,
        "LakeArea": 0.0,
        "Laketype": 0.0,
        "Has_POI": 1.0,
        "MeanElev": 453.818866761,
        "FloodP_n": 0.05,
        "Q_Mean": 39.6561968404,
        "Ch_n": 0.0453978241075,
        "DrainArea": 744426900.0,
        "Strahler": 3.0,
        "Seg_ID": 9366.0,
        "Seg_order": 1.0,
        "Max_DEM": 427.631988525,
        "Min_DEM": 426.641998291,
        "Obs_NM": "02GA027&02GA027&02GA027&02GA027",
        "SRC_obs": "WSC&WSC&WSC&WSC",
        "centroid_x": -79.2818794028,
        "centroid_y": 44.798587024,
        "DA_Chn_L": 70788.4674788,
        "DA_Slope": 0.190193421009,
        "DA_Chn_Slp": 0.00197958351608,
        "outletLat": 43.8285614,
        "outletLng": -80.29860146,
        "k": 0.0653543025255,
        "c": 0.969084024429,
        "Region": "SW",
        "Sub_Reg": "02G",
        "Subregion": "SWS",
        "rvhName": "02GA027&02GA027&02GA027&02GA027"
      }
    },
    {
      "type": "Feature",
      "geometry": {
        "type": "LineString",
        "coordinates": [
          [
            -80.33724793000913,
            43.73408511576171
          ],
          [
            -80.33803616112463,
            43.733579851451424
          ],
          [
            -80.33840742211638,
            43.73359642019814
          ],
          [
            -80.33998383454583,
            43.73258586918692
          ],
          [
            -80.34000667554314,
            43.73231666621681
          ],
          [
            -80.34079485596304,
            43.73181138233995
          ],
          [
            -80.34081769266851,
            43.731542179478325
          ],
          [
            -80.34160585453643,
            43.73103689002576
          ],
          [
            -80.34162868695029,
            43.730767687272724
          ]
        ]
      },
      "properties": {
        "SubId": 29016526.0,
        "DowSubId": 29016527.0,
        "RivSlope": 0.00151072825617,
        "RivLength": 544.264068712,
        "BasSlope": 3.48244226136,
        "BasAspect": 212.773865675,
        "BasArea": 498600.0,
        "BkfWidth": 46.5990782163,
        "BkfDepth": 0.827924361599,
        "Lake_Cat": 0.0,
        "HyLakeId": 0.0,
        "LakeVol": 0.0,
        "LakeDepth": 0.0,
        "LakeArea": 0.0,
        "Laketype": 0.0,
        "Has_POI": 1.0,
        "MeanElev": 420.14873579,
        "FloodP_n": 0.0535714285714,
        "Q_Mean": 41.888003291,
        "Ch_n": 0.0295523232835,
        "DrainArea": 787697100.0,
        "Strahler": 3.0,
        "Seg_ID": 9366.0,
        "Seg_order": 4.0,
        "Max_DEM": 404.415222168,
        "Min_DEM": 403.592987061,
        "Obs_NM": "02GA016&02GA016&02GA016&02GA016",
        "SRC_obs": "WSC&WSC&WSC&WSC",
        "centroid_x": -77.3677496319,
        "centroid_y": 44.5379557415,
        "DA_Chn_L": 83817.5756957,
        "DA_Slope": 0.305182264478,
        "DA_Chn_Slp": 0.00185517616225,
        "outletLat": 43.73103689,
        "outletLng": -80.34160585,
        "k": 0.0653543025255,
        "c": 0.969084024429,
        "Region": "SW",
        "Sub_Reg": "02G",
        "Subregion": "SWS",
        "rvhName": "02GA016&02GA016&02GA016&02GA016"
      }
    },
    {
      "type": "Feature",
      "geometry": {
        "type": "LineString",
        "coordinates": [
          [
            -80.34162868695029,
            43.730767687272724
          ],
          [
            -80.34202276041893,
            43.73051504045747
          ],
          [
            -80.34218256682001,
            43.72863062387772
          ],
          [
            -80.3418341686163,
            43.728344866740315
          ],
          [
            -80.34197114633567,
            43.72672965729825
          ],
          [
            -80.34354729646113,
            43.725719062086945
          ],
          [
            -80.3435701171645,
            43.72544986087274
          ],
          [
            -80.34396414361179,
            43.725197208584405
          ],
          [
            -80.34400978028145,
            43.72465880645394
          ]
        ]
      },
      "properties": {
        "SubId": 29016527.0,
        "DowSubId": 29016532.0,
        "RivSlope": 0.00198203162995,
        "RivLength": 776.984848098,
        "BasSlope": 1.61634557003,
        "BasAspect": 182.891035752,
        "BasArea": 2078100.0,
        "BkfWidth": 46.6586061707,
        "BkfDepth": 0.828558778347,
        "Lake_Cat": 0.0,
        "HyLakeId": 0.0,
        "LakeVol": 0.0,
        "LakeDepth": 0.0,
        "LakeArea": 0.0,
        "Laketype": 0.0,
        "Has_POI": 1.0,
        "MeanElev": 422.672292294,
        "FloodP_n": 0.05,
        "Q_Mean": 41.9950912382,
        "Ch_n": 0.0338507727614,
        "DrainArea": 789775200.0,
        "Strahler": 3.0,
        "Seg_ID": 9366.0,
        "Seg_order": 5.0,
        "Max_DEM": 403.583007812,
        "Min_DEM": 402.042999268,
        "Obs_NM": "16018403702&16018403702&16018403702&16018403702",
        "SRC_obs": "PWQMN&PWQMN&PWQMN&PWQMN",
        "centroid_x": -76.7449018781,
        "centroid_y": 44.5198875818,
        "DA_Chn_L": 84594.5605438,
        "DA_Slope": 0.308632269574,
        "DA_Chn_Slp": 0.00185634130544,
        "outletLat": 43.72492801,
        "outletLng": -80.34398696,
        "k": 0.0653543025255,
        "c": 0.969084024429,
        "Region": "SW",
        "Sub_Reg": "02G",
        "Subregion": "SWS",
        "rvhName": "16018403702&16018403702&16018403702&16018403702"
      }
    },
    {
      "type": "Feature",
      "geometry": {
        "type": "MultiLineString",
        "coordinates": [
          [
            [
              -80.34400978028145,
              43.72465880645394
            ],
            [
              -80.34416950158922,
              43.7227744019726
            ],
            [
              -80.34382113015803,
              43.722488653749984
            ],
            [
              -80.34421513423838,
              43.72223600154249
            ],
            [
              -80.34423795022794,
              43.721966801469144
            ],
            [
              -80.34502594346299,
              43.72146149287822
            ],
            [
              -80.34507156663949,
              43.72092309304472
            ],
            [
              -80.34546555376131,
              43.72067043666883
            ],
            [
              -80.34548836298156,
              43.7204012369013
            ],
            [
              -80.34588234445077,
              43.72014857913609
            ],
            [
              -80.34590515141474,
              43.719879379470534
            ],
            [
              -80.34629912723146,
              43.719626720316036
            ],
            [
              -80.3463447364238,
              43.719088321283564
            ],
            [
              -80.34673870455526,
              43.718835660747324
            ],
            [
              -80.34676150678374,
              43.71856646138044
            ],
            [
              -80.347549428123,
              43.71806113613304
            ],
            [
              -80.34757222606268,
              43.71779193687577
            ],
            [
              -80.34914801717963,
              43.716781269652245
            ],
            [
              -80.34917080676546,
              43.71651207051991
            ],
            [
              -80.34956474346427,
              43.716259400230356
            ],
            [
              -80.34993589102338,
              43.716275927661464
            ],
            [
              -80.3511176746462,
              43.715517904202144
            ],
            [
              -80.35148881766877,
              43.71553442610407
            ],
            [
              -80.35188273671857,
              43.71528174742088
            ],
            [
              -80.35225387837752,
              43.71529826660176
            ],
            [
              -80.35264779222179,
              43.71504558511827
            ],
            [
              -80.35301893251707,
              43.7150621015781
            ],
            [
              -80.35459454535892,
              43.714051356065845
            ],
            [
              -80.3549656795306,
              43.71406786559284
            ],
            [
              -80.35614734640446,
              43.71330978758722
            ],
            [
              -80.35617010029985,
              43.71304058821511
            ],
            [
              -80.35656397998827,
              43.71278789276224
            ]
          ],
          [
            [
              -80.35656397998827,
              43.71278789276224
            ],
            [
              -80.35735172850914,
              43.712282497668475
            ],
            [
              -80.35772285157422,
              43.71229899736836
            ],
            [
              -80.35811671882004,
              43.71204629632367
            ],
            [
              -80.35846509837219,
              43.71233199281713
            ],
            [
              -80.35883622210505,
              43.712348488566036
            ],
            [
              -80.35918460730774,
              43.71263418278075
            ],
            [
              -80.35955573329505,
              43.71265067598249
            ],
            [
              -80.35990412414829,
              43.71293636791839
            ],
            [
              -80.36250202651229,
              43.713051774843315
            ],
            [
              -80.36289587719284,
              43.71279905553347
            ],
            [
              -80.36363813383893,
              43.71283201428002
            ],
            [
              -80.36403197772671,
              43.712579290766904
            ],
            [
              -80.36477423208804,
              43.712612241437924
            ],
            [
              -80.36516806918296,
              43.71235951372163
            ],
            [
              -80.36553919510996,
              43.71237598567794
            ],
            [
              -80.36593302699907,
              43.71212325516227
            ],
            [
              -80.36667527634553,
              43.71215619231647
            ],
            [
              -80.36706910144166,
              43.71190345759779
            ],
            [
              -80.36781134850251,
              43.711936386676676
            ],
            [
              -80.36820516680558,
              43.71168364775511
            ],
            [
              -80.368576289082,
              43.711700108915416
            ],
            [
              -80.36936391165773,
              43.711194624078445
            ],
            [
              -80.36973503098174,
              43.711211081114506
            ],
            [
              -80.3713102263611,
              43.71020008908082
            ]
          ]
        ]
      },
      "properties": {
        "SubId": 29016532.0,
        "DowSubId": 29016547.0,
        "RivSlope": 0.00329299380196,
        "RivLength": 3271.61471607,
        "BasSlope": 1.81335601361,
        "BasAspect": 180.427491713,
        "BasArea": 12301200.0,
        "BkfWidth": 47.0093369973,
        "BkfDepth": 0.832290125261,
        "Lake_Cat": 0.0,
        "HyLakeId": 0.0,
        "LakeVol": 0.0,
        "LakeDepth": 0.0,
        "LakeArea": 0.0,
        "Laketype": 0.0,
        "Has_POI": 1.0,
        "MeanElev": 419.142520116,
        "FloodP_n": 0.05,
        "Q_Mean": 42.3877357782,
        "Ch_n": 0.0434878772086,
        "DrainArea": 802076400.0,
        "Strahler": 3.0,
        "Seg_ID": 9366.0,
        "Seg_order": 6.0,
        "Max_DEM": 402.116027832,
        "Min_DEM": 391.345001221,
        "Obs_NM": "2GA13&2GA13&ODI_819&2GA13&2GA13&ODI_819&2GA13&2GA13&ODI_819&2GA13&2GA13&ODI_819",
        "SRC_obs": "GS&WPF&ODI&GS&WPF&ODI&GS&WPF&ODI&GS&WPF&ODI",
        "centroid_x": -77.2269839143,
        "centroid_y": 44.4964467338,
        "DA_Chn_L": 87866.1752599,
        "DA_Slope": 0.32074424166,
        "DA_Chn_Slp": 0.00190983371518,
        "outletLat": 43.71045284,
        "outletLng": -80.37091643,
        "k": 0.0653543025255,
        "c": 0.969084024429,
        "Region": "SW",
        "Sub_Reg": "02G",
        "Subregion": "SWS",
        "rvhName": "2GA13&2GA13&ODI_819&2GA13&2GA13&ODI_819&2GA13&2GA13&ODI_819&2GA13&2GA13&ODI_819"
      }
    },
    {
      "type": "Feature",
      "geometry": {
        "type": "LineString",
        "coordinates": [
          [
            -80.4477963522303,
            43.69518960650851
          ],
          [
            -80.44818968309437,
            43.69493657228409
          ],
          [
            -80.4478409480811,
            43.69465118180284
          ],
          [
            -80.44786324567922,
            43.694381969592904
          ],
          [
            -80.44716578968554,
            43.6938111858379
          ],
          [
            -80.44679476474514,
            43.69379500405235
          ],
          [
            -80.44644604420097,
            43.69350960936673
          ],
          [
            -80.44496195472914,
            43.69344486413146
          ]
        ]
      },
      "properties": {
        "SubId": 29016541.0,
        "DowSubId": 29003708.0,
        "RivSlope": 0.0205967874303,
        "RivLength": 392.132034356,
        "BasSlope": 3.08949658854,
        "BasAspect": 187.393246918,
        "BasArea": 288000.0,
        "BkfWidth": 23.7464898335,
        "BkfDepth": 0.552489361072,
        "Lake_Cat": 0.0,
        "HyLakeId": 0.0,
        "LakeVol": 0.0,
        "LakeDepth": 0.0,
        "LakeArea": 0.0,
        "Laketype": 0.0,
        "Has_POI": 1.0,
        "MeanElev": 398.572298622,
        "FloodP_n": 0.106869081783,
        "Q_Mean": 10.8776192016,
        "Ch_n": 0.106869081783,
        "DrainArea": 195939900.0,
        "Strahler": 1.0,
        "Seg_ID": 344.0,
        "Seg_order": 2.0,
        "Max_DEM": 388.997558594,
        "Min_DEM": 380.920898438,
        "Obs_NM": "02GA005&ODI_814&02GA005&ODI_814&02GA005&ODI_814&02GA005&ODI_814",
        "SRC_obs": "WSC&ODI&WSC&ODI&WSC&ODI&WSC&ODI",
        "centroid_x": -77.3272771778,
        "centroid_y": 44.5012931792,
        "DA_Chn_L": 45050.4739907,
        "DA_Slope": 0.533159900917,
        "DA_Chn_Slp": 0.00258853267665,
        "outletLat": 43.69346105,
        "outletLng": -80.44533298,
        "k": 0.0653543025255,
        "c": 0.969084024429,
        "Region": "SW",
        "Sub_Reg": "02G",
        "Subregion": "SWS",
        "rvhName": "02GA005&ODI_814&02GA005&ODI_814&02GA005&ODI_814&02GA005&ODI_814"
      }
    },
    {
      "type": "Feature",
      "geometry": {
        "type": "LineString",
        "coordinates": [
          [
            -80.3713102263611,
            43.71020008908082
          ],
          [
            -80.37170401615961,
            43.70994733758394
          ],
          [
            -80.37172669253934,
            43.70967813607708
          ],
          [
            -80.37212047668825,
            43.70942538319311
          ],
          [
            -80.37214315081492,
            43.70915618178929
          ],
          [
            -80.37411200712891,
            43.707892396482
          ],
          [
            -80.3741346708787,
            43.70762319521438
          ],
          [
            -80.37570968267829,
            43.706612141889195
          ],
          [
            -80.37573233808305,
            43.70634294074979
          ],
          [
            -80.37651981821286,
            43.70583740573374
          ],
          [
            -80.37654246933452,
            43.70556820470598
          ],
          [
            -80.37732993093115,
            43.70506266412692
          ],
          [
            -80.37735257776995,
            43.7047934632109
          ],
          [
            -80.37774630111088,
            43.704540690837476
          ],
          [
            -80.37776894569754,
            43.70427149002481
          ],
          [
            -80.37816266339014,
            43.70401871626499
          ],
          [
            -80.37818530572476,
            43.703749515555735
          ],
          [
            -80.37857901776916,
            43.70349674040957
          ],
          [
            -80.37860165785177,
            43.703227539803734
          ],
          [
            -80.3789953642481,
            43.7029747632713
          ],
          [
            -80.37904063968801,
            43.702436362361496
          ],
          [
            -80.37943433840609,
            43.702183584451376
          ],
          [
            -80.37945697376348,
            43.70191438414746
          ],
          [
            -80.37985066683376,
            43.7016616048512
          ],
          [
            -80.37987329993945,
            43.701392404650804
          ],
          [
            -80.38026698736206,
            43.70113962396848
          ],
          [
            -80.38042539868998,
            43.6992552252858
          ],
          [
            -80.38007698792457,
            43.69896960712241
          ],
          [
            -80.3801901401656,
            43.69762361182164
          ],
          [
            -80.3805837991678,
            43.69737083125979
          ],
          [
            -80.38069693572395,
            43.69602483837898
          ],
          [
            -80.38109058096025,
            43.69577205646611
          ],
          [
            -80.38113582997349,
            43.695233659996845
          ],
          [
            -80.3815294675337,
            43.69498087670708
          ],
          [
            -80.38157471160218,
            43.694442480635715
          ],
          [
            -80.3843300448468,
            43.692672958692285
          ],
          [
            -80.3847010437284,
            43.692689362184645
          ],
          [
            -80.38509464671075,
            43.69243656635629
          ],
          [
            -80.3854656442265,
            43.69245296712925
          ],
          [
            -80.38625283616818,
            43.69194736848485
          ],
          [
            -80.38662383073098,
            43.69196376513558
          ],
          [
            -80.38859173936557,
            43.69069973711698
          ],
          [
            -80.38861432520362,
            43.69043053909773
          ],
          [
            -80.389007894053,
            43.690177729321476
          ],
          [
            -80.38903047764107,
            43.68990853140641
          ],
          [
            -80.39099825750307,
            43.68864446166423
          ],
          [
            -80.39322410307345,
            43.68874272030675
          ],
          [
            -80.39361763867504,
            43.6884898937615
          ],
          [
            -80.39658543243088,
            43.6886208203426
          ],
          [
            -80.39693386334775,
            43.68890637939453
          ],
          [
            -80.39841777363412,
            43.68897180616869
          ],
          [
            -80.39876621628112,
            43.68925735925014
          ],
          [
            -80.39913719643249,
            43.6892737114221
          ],
          [
            -80.39948564472405,
            43.6895592622241
          ],
          [
            -80.39985662712435,
            43.68957561184916
          ],
          [
            -80.4009019997814,
            43.69043225426914
          ],
          [
            -80.40127298848759,
            43.69044859888633
          ],
          [
            -80.40196992573047,
            43.69101968612611
          ],
          [
            -80.40345389898648,
            43.69108504158557
          ],
          [
            -80.40380238114629,
            43.691370578709446
          ],
          [
            -80.40417337703946,
            43.69138691305241
          ],
          [
            -80.40456688124135,
            43.69113404435654
          ],
          [
            -80.40864783312873,
            43.69131361980952
          ],
          [
            -80.40904131624522,
            43.691060734293224
          ],
          [
            -80.4094123116036,
            43.69107705003267
          ],
          [
            -80.40980578951545,
            43.690824161720876
          ],
          [
            -80.41054777771564,
            43.69085678644528
          ],
          [
            -80.41094124883456,
            43.69060389393567
          ],
          [
            -80.41131224167624,
            43.69062020292065
          ],
          [
            -80.41170570759049,
            43.690367307615695
          ],
          [
            -80.41207669906375,
            43.69038361388175
          ],
          [
            -80.41325707034342,
            43.689624915402405
          ],
          [
            -80.41362805727147,
            43.68964121614489
          ],
          [
            -80.41441495019971,
            43.6891354073898
          ],
          [
            -80.41478593417075,
            43.68915170401117
          ],
          [
            -80.41557280945727,
            43.68864588688045
          ],
          [
            -80.41594379047118,
            43.688662179380756
          ],
          [
            -80.41633722110173,
            43.68840926732407
          ],
          [
            -80.41670820074681,
            43.68842555710561
          ],
          [
            -80.41867529171536,
            43.68716096892177
          ],
          [
            -80.41869772894667,
            43.68689176573902
          ],
          [
            -80.41948453596679,
            43.68638592073701
          ],
          [
            -80.41950696892368,
            43.68611671766901
          ],
          [
            -80.42029375742533,
            43.685610867116615
          ],
          [
            -80.42031618610804,
            43.685341664163396
          ],
          [
            -80.42149633566,
            43.684582877921216
          ],
          [
            -80.42151875804151,
            43.68431367509266
          ],
          [
            -80.42191213196685,
            43.68406074357044
          ],
          [
            -80.42193455210186,
            43.68379154084708
          ],
          [
            -80.42232792038442,
            43.683538607942396
          ],
          [
            -80.422350338273,
            43.68326940532429
          ],
          [
            -80.42313705993729,
            43.68276353535794
          ],
          [
            -80.4235080035387,
            43.68277980087516
          ],
          [
            -80.42390135735909,
            43.68252686240177
          ],
          [
            -80.42427229959122,
            43.682543125200645
          ],
          [
            -80.42466564820761,
            43.6822901839332
          ],
          [
            -80.4250365890704,
            43.68230644401375
          ],
          [
            -80.42582327227974,
            43.68180055449881
          ],
          [
            -80.42619421018455,
            43.681816810459146
          ],
          [
            -80.4269808757551,
            43.681310912572386
          ],
          [
            -80.42735181070181,
            43.681327164412586
          ],
          [
            -80.42813845863374,
            43.68082125815433
          ],
          [
            -80.42888032282963,
            43.68085375227826
          ],
          [
            -80.4292736381953,
            43.680600794257636
          ],
          [
            -80.42964456903303,
            43.68061703794328
          ],
          [
            -80.43003787919471,
            43.68036407712903
          ],
          [
            -80.43152159837976,
            43.68042903310106
          ],
          [
            -80.43187015865635,
            43.6807144724142
          ],
          [
            -80.43224109102626,
            43.68073070688554
          ]
        ]
      },
      "properties": {
        "SubId": 29016547.0,
        "DowSubId": 29003709.0,
        "RivSlope": 0.00367473599432,
        "RivLength": 7235.36146651,
        "BasSlope": 2.32988211422,
        "BasAspect": 192.852638283,
        "BasArea": 13861800.0,
        "BkfWidth": 47.4012570565,
        "BkfDepth": 0.836446526001,
        "Lake_Cat": 0.0,
        "HyLakeId": 0.0,
        "LakeVol": 0.0,
        "LakeDepth": 0.0,
        "LakeArea": 0.0,
        "Laketype": 0.0,
        "Has_POI": 1.0,
        "MeanElev": 407.32799378,
        "FloodP_n": 0.0654228855721,
        "Q_Mean": 43.3425765922,
        "Ch_n": 0.0461115092085,
        "DrainArea": 815938200.0,
        "Strahler": 3.0,
        "Seg_ID": 9366.0,
        "Seg_order": 7.0,
        "Max_DEM": 392.403106689,
        "Min_DEM": 365.815063477,
        "Obs_NM": "2GA37&2GA37&ODI_829&ODI_796&ODI_790&2GA37&2GA37&ODI_829&ODI_796&ODI_790&2GA37&2GA37&ODI_829&ODI_796&ODI_790&2GA37&2GA37&ODI_829&ODI_796&ODI_790",
        "SRC_obs": "GS&WPF&ODI&ODI&ODI&GS&WPF&ODI&ODI&ODI&GS&WPF&ODI&ODI&ODI&GS&WPF&ODI&ODI&ODI",
        "centroid_x": -77.2401578189,
        "centroid_y": 44.5029195682,
        "DA_Chn_L": 95101.5367264,
        "DA_Slope": 0.354877056329,
        "DA_Chn_Slp": 0.00204410815892,
        "outletLat": 43.68071447,
        "outletLng": -80.43187016,
        "k": 0.0653543025255,
        "c": 0.969084024429,
        "Region": "SW",
        "Sub_Reg": "02G",
        "Subregion": "SWS",
        "rvhName": "2GA37&2GA37&ODI_829&ODI_796&ODI_790&2GA37&2GA37&ODI_829&ODI_796&ODI_790&2GA37&2GA37&ODI_829&ODI_796&ODI_790&2GA37&2GA37&ODI_829&ODI_796&ODI_790"
      }
    },
    {
      "type": "Feature",
      "geometry": {
        "type": "MultiLineString",
        "coordinates": [
          [
            [
              -80.45047950902561,
              43.64478388778814
            ],
            [
              -80.45059082940809,
              43.64343791800163
            ],
            [
              -80.44641001122207,
              43.64001350382139
            ],
            [
              -80.44643229369521,
              43.63974431233062
            ],
            [
              -80.44573554438271,
              43.6391735623153
            ],
            [
              -80.44575782981245,
              43.63890437128403
            ],
            [
              -80.44366767803683,
              43.63719209716339
            ],
            [
              -80.44329703550285,
              43.637175904233864
            ],
            [
              -80.44260035116837,
              43.63660513534635
            ]
          ],
          [
            [
              -80.44260035116837,
              43.63660513534635
            ],
            [
              -80.44155535173897,
              43.63574897415281
            ],
            [
              -80.44157765621225,
              43.63547978530113
            ],
            [
              -80.44088101114717,
              43.63490900629432
            ],
            [
              -80.44099254611024,
              43.633563065299974
            ],
            [
              -80.4413854681906,
              43.63331007833292
            ],
            [
              -80.44143007660446,
              43.63277170263296
            ],
            [
              -80.44182299103048,
              43.6325187142992
            ],
            [
              -80.44186759452731,
              43.63198033900773
            ],
            [
              -80.44383209229701,
              43.63071537661557
            ],
            [
              -80.44385438360652,
              43.630446189171074
            ],
            [
              -80.4450330328945,
              43.62968719510211
            ],
            [
              -80.44505531791947,
              43.62941800778824
            ],
            [
              -80.44623392866202,
              43.62865900125365
            ],
            [
              -80.44627848592599,
              43.62812062698408
            ],
            [
              -80.44706420028965,
              43.62761461572953
            ],
            [
              -80.4471310224209,
              43.626807055118384
            ],
            [
              -80.44752386812421,
              43.62655404744249
            ],
            [
              -80.44754613971075,
              43.62628486077684
            ],
            [
              -80.44793897978383,
              43.6260318517238
            ],
            [
              -80.44805032434299,
              43.62468591990289
            ],
            [
              -80.44844315069908,
              43.62443290951891
            ],
            [
              -80.44848768295611,
              43.623894537490315
            ],
            [
              -80.45005893612687,
              43.622882482162346
            ],
            [
              -80.45080003306583,
              43.62291481805751
            ],
            [
              -80.45114832934,
              43.62320017020764
            ],
            [
              -80.45151888015715,
              43.62321633495307
            ],
            [
              -80.45221548757247,
              43.62378703364954
            ],
            [
              -80.45258604264993,
              43.623803194620415
            ],
            [
              -80.45297884188103,
              43.62355016748277
            ],
            [
              -80.45334939558921,
              43.623566325738786
            ],
            [
              -80.45374218962557,
              43.623313295812906
            ],
            [
              -80.45411274196441,
              43.62332945135407
            ],
            [
              -80.45446105801781,
              43.62361479261732
            ],
            [
              -80.4548316125953,
              43.62363094561369
            ],
            [
              -80.45692159681532,
              43.62534296380111
            ],
            [
              -80.4580332982354,
              43.62539139276147
            ],
            [
              -80.45838164763178,
              43.62567672176698
            ],
            [
              -80.45986392731704,
              43.62574127038446
            ],
            [
              -80.46056065310559,
              43.62631191540975
            ],
            [
              -80.46093122761215,
              43.62632804681651
            ],
            [
              -80.46127959794046,
              43.626613366526286
            ],
            [
              -80.46165017468532,
              43.62662949538796
            ],
            [
              -80.46204295243386,
              43.62637643314685
            ],
            [
              -80.46278410339984,
              43.6264086841254
            ],
            [
              -80.46317687436516,
              43.62615561769649
            ],
            [
              -80.4639180230241,
              43.62618786061533
            ],
            [
              -80.46531158431847,
              43.627329093071886
            ],
            [
              -80.46528939911998,
              43.62759828391325
            ],
            [
              -80.4656378000528,
              43.627883589587064
            ],
            [
              -80.4656156162251,
              43.62815278070655
            ],
            [
              -80.46596402235429,
              43.62843808551305
            ],
            [
              -80.4659418398974,
              43.62870727691062
            ],
            [
              -80.46629025122313,
              43.628992580849726
            ],
            [
              -80.46624588883432,
              43.629530964297615
            ],
            [
              -80.46798801547574,
              43.63095747007378
            ],
            [
              -80.46835862340741,
              43.63097357522154
            ],
            [
              -80.4687070615845,
              43.63125887199947
            ],
            [
              -80.46909983992083,
              43.631005781571645
            ],
            [
              -80.4735471571961,
              43.63119890920072
            ],
            [
              -80.4738956236701,
              43.63148418875255
            ],
            [
              -80.47500746392353,
              43.631532437377544
            ],
            [
              -80.47697118452147,
              43.630266852374234
            ],
            [
              -80.47701544268003,
              43.62972846382056
            ],
            [
              -80.47740817193011,
              43.62947534268076
            ],
            [
              -80.47745242518194,
              43.62893695453774
            ],
            [
              -80.47784514678135,
              43.62868383203441
            ],
            [
              -80.4778893951267,
              43.62814544430217
            ],
            [
              -80.47828210907566,
              43.627892320435436
            ],
            [
              -80.47830423090333,
              43.62762312672641
            ],
            [
              -80.47869693922274,
              43.62737000148424
            ],
            [
              -80.47876329734679,
              43.62656242097366
            ],
            [
              -80.47915599599564,
              43.62630929438039
            ],
            [
              -80.47924446238609,
              43.62523252176884
            ],
            [
              -80.4796371493444,
              43.62497939383681
            ],
            [
              -80.47965926338127,
              43.624710200937926
            ],
            [
              -80.4793108099095,
              43.624424943325835
            ],
            [
              -80.4795761805528,
              43.621194638262615
            ],
            [
              -80.47922774974569,
              43.62090938177744
            ],
            [
              -80.47924986414924,
              43.620640190499365
            ],
            [
              -80.47785618335199,
              43.6194991547948
            ],
            [
              -80.47787830389073,
              43.61922996433917
            ],
            [
              -80.47752989429881,
              43.61894470297224
            ],
            [
              -80.47775110367483,
              43.61625280555799
            ],
            [
              -80.47740271356685,
              43.61596754495695
            ],
            [
              -80.4775796782057,
              43.61381403545474
            ],
            [
              -80.47797229143734,
              43.613560917834505
            ],
            [
              -80.47801652639652,
              43.61302254145316
            ],
            [
              -80.47766815533805,
              43.61273728303039
            ],
            [
              -80.47773451091814,
              43.611929719730384
            ],
            [
              -80.47738614822856,
              43.61164446080379
            ],
            [
              -80.47740826791033,
              43.61137527341266
            ],
            [
              -80.47705991041481,
              43.61109001361916
            ],
            [
              -80.4770820314677,
              43.610820826506654
            ],
            [
              -80.47673367916609,
              43.61053556584632
            ],
            [
              -80.47675580159007,
              43.61026637901245
            ],
            [
              -80.47640745448224,
              43.60998111748532
            ],
            [
              -80.47645170185605,
              43.60944274447189
            ],
            [
              -80.47610336152898,
              43.60915748225969
            ],
            [
              -80.47612548647875,
              43.608888296080195
            ],
            [
              -80.47542881981799,
              43.60831776887416
            ],
            [
              -80.4746879047709,
              43.60828560847769
            ],
            [
              -80.47433958088877,
              43.60800034084242
            ],
            [
              -80.47396912570892,
              43.60798425744244
            ],
            [
              -80.47362080745242,
              43.60769898752906
            ],
            [
              -80.47364294394326,
              43.60742980242727
            ],
            [
              -80.47329463087985,
              43.60714453164744
            ],
            [
              -80.47331676874124,
              43.60687534682447
            ],
            [
              -80.47262015660633,
              43.60630480248396
            ],
            [
              -80.47264229742494,
              43.60603561812159
            ],
            [
              -80.47194570288752,
              43.60546506995236
            ],
            [
              -80.47196784666316,
              43.60519588605065
            ],
            [
              -80.47127126972259,
              43.604625334053026
            ],
            [
              -80.47133770927097,
              43.60381778402152
            ],
            [
              -80.46994461769663,
              43.60267666963342
            ],
            [
              -80.46957419958507,
              43.60266057075421
            ],
            [
              -80.46887767946959,
              43.60209000481389
            ],
            [
              -80.46850726561281,
              43.60207390216097
            ],
            [
              -80.46537312173008,
              43.59950629250327
            ],
            [
              -80.46541746847755,
              43.59896793209824
            ],
            [
              -80.46506925146605,
              43.59868263726253
            ],
            [
              -80.46513577472051,
              43.597875097930306
            ],
            [
              -80.46478756607148,
              43.59758980259331
            ],
            [
              -80.46480974164226,
              43.59732062319245
            ],
            [
              -80.4644615381838,
              43.597035326990145
            ],
            [
              -80.46450589184705,
              43.59649696884435
            ],
            [
              -80.46415769516476,
              43.59621167195887
            ],
            [
              -80.46424640623468,
              43.595134957563005
            ],
            [
              -80.46463894763829,
              43.59488189674164
            ],
            [
              -80.46468329783595,
              43.594343540152444
            ],
            [
              -80.46507583159755,
              43.59409047796956
            ],
            [
              -80.46509800435275,
              43.59382129983344
            ],
            [
              -80.46549053249129,
              43.593568236276596
            ],
            [
              -80.46555704340153,
              43.59276070248984
            ],
            [
              -80.46594956187987,
              43.592507637584205
            ],
            [
              -80.46597172973162,
              43.59223845986253
            ],
            [
              -80.46636424258725,
              43.59198539358311
            ],
            [
              -80.46638640820396,
              43.59171621597137
            ],
            [
              -80.46677891543699,
              43.59146314831822
            ],
            [
              -80.46680107881873,
              43.59119397081645
            ],
            [
              -80.46719358042927,
              43.59094090178964
            ],
            [
              -80.46721574157613,
              43.59067172439785
            ],
            [
              -80.46800072994861,
              43.590165582210794
            ],
            [
              -80.46802288684233,
              43.5898964049417
            ],
            [
              -80.46841537360444,
              43.589643331781545
            ],
            [
              -80.46845968270614,
              43.589104977560936
            ],
            [
              -80.46924463734611,
              43.588598827133005
            ],
            [
              -80.46961496087245,
              43.58861492686343
            ],
            [
              -80.4703998979266,
              43.588108768093754
            ],
            [
              -80.47077021849813,
              43.588124863712636
            ],
            [
              -80.47116268003418,
              43.58787178085009
            ]
          ]
        ]
      },
      "properties": {
        "SubId": 29016588.0,
        "DowSubId": 29016589.0,
        "RivSlope": 0.00181460947708,
        "RivLength": 11621.2402513,
        "BasSlope": 1.79971950178,
        "BasAspect": 184.643675768,
        "BasArea": 67149900.0,
        "BkfWidth": 56.1839747044,
        "BkfDepth": 0.926257510021,
        "Lake_Cat": 0.0,
        "HyLakeId": 0.0,
        "LakeVol": 0.0,
        "LakeDepth": 0.0,
        "LakeArea": 0.0,
        "Laketype": 0.0,
        "Has_POI": 1.0,
        "MeanElev": 379.294289907,
        "FloodP_n": 0.05,
        "Q_Mean": 60.5527919535,
        "Ch_n": 0.0322665530961,
        "DrainArea": 1158811200.0,
        "Strahler": 3.0,
        "Seg_ID": 9459.0,
        "Seg_order": 1.0,
        "Max_DEM": 340.38369751,
        "Min_DEM": 320.393981934,
        "Obs_NM": "16018410302&16018410302&16018410302&16018410302",
        "SRC_obs": "PWQMN&PWQMN&PWQMN&PWQMN",
        "centroid_x": -80.4575045435,
        "centroid_y": 44.5179539424,
        "DA_Chn_L": 112150.493424,
        "DA_Slope": 0.310127055895,
        "DA_Chn_Slp": 0.00236334051322,
        "outletLat": 43.58812486,
        "outletLng": -80.47077022,
        "k": 0.0653543025255,
        "c": 0.969084024429,
        "Region": "SW",
        "Sub_Reg": "02G",
        "Subregion": "SWS",
        "rvhName": "16018410302&16018410302&16018410302&16018410302"
      }
    },
    {
      "type": "Feature",
      "geometry": {
        "type": "LineString",
        "coordinates": [
          [
            -80.47116268003418,
            43.58787178085009
          ],
          [
            -80.47153299923637,
            43.587887873756195
          ],
          [
            -80.47192545558322,
            43.58763478810897
          ],
          [
            -80.47229577341601,
            43.58765087830236
          ],
          [
            -80.47268822457364,
            43.58739778987052
          ],
          [
            -80.47305854103696,
            43.58741387735122
          ],
          [
            -80.4734509870054,
            43.58716078613483
          ],
          [
            -80.47382130209917,
            43.58717687090284
          ],
          [
            -80.47421374287839,
            43.586923776901955
          ],
          [
            -80.47458405660258,
            43.586939858957294
          ],
          [
            -80.47536892417907,
            43.586433664000914
          ],
          [
            -80.47573923494785,
            43.58644974194499
          ],
          [
            -80.47613166174516,
            43.5861966409896
          ],
          [
            -80.47724259059011,
            43.586244862742056
          ],
          [
            -80.47763500902661,
            43.58599175620522
          ],
          [
            -80.4805974827587,
            43.586120278540704
          ],
          [
            -80.48098988490457,
            43.58586715942997
          ],
          [
            -80.48136019350619,
            43.585883217410384
          ],
          [
            -80.48214498381557,
            43.58537697223546
          ]
        ]
      },
      "properties": {
        "SubId": 29016589.0,
        "DowSubId": -1.0,
        "RivSlope": 0.0018425613046,
        "RivLength": 1006.69047558,
        "BasSlope": 2.70781493341,
        "BasAspect": 184.936349412,
        "BasArea": 816300.0,
        "BkfWidth": 56.2031482391,
        "BkfDepth": 0.926447155755,
        "Lake_Cat": 0.0,
        "HyLakeId": 0.0,
        "LakeVol": 0.0,
        "LakeDepth": 0.0,
        "LakeArea": 0.0,
        "Laketype": 0.0,
        "Has_POI": 1.0,
        "MeanElev": 331.420173048,
        "FloodP_n": 0.05,
        "Q_Mean": 60.9335237652,
        "Ch_n": 0.0327949306827,
        "DrainArea": 1159627500.0,
        "Strahler": 3.0,
        "Seg_ID": 9459.0,
        "Seg_order": 2.0,
        "Max_DEM": 321.148895264,
        "Min_DEM": 319.294006348,
        "Obs_NM": "02GA-04&02GA034&02GA-04&02GA034&02GA-04&02GA034&02GA-04&02GA034",
        "SRC_obs": "OIHQUAT&WSC&OIHQUAT&WSC&OIHQUAT&WSC&OIHQUAT&WSC",
        "centroid_x": -80.4715587923,
        "centroid_y": 44.4912912413,
        "DA_Chn_L": 113157.1839,
        "DA_Slope": 0.311814867381,
        "DA_Chn_Slp": 0.00235870745811,
        "outletLat": 43.5856301,
        "outletLng": -80.48175259,
        "k": 0.0653543025255,
        "c": 0.969084024429,
        "Region": "SW",
        "Sub_Reg": "02G",
        "Subregion": "SWS",
        "rvhName": "02GA-04&02GA034&02GA-04&02GA034&02GA-04&02GA034&02GA-04&02GA034"
      }
    },
    {
      "type": "Feature",
      "geometry": {
        "type": "Polygon",
        "coordinates": [
          [
            [
              -80.40119552616568,
              43.962226931766295
            ],
            [
              -80.40119019053584,
              43.9622233047138
            ],
            [
              -80.40118526348368,
              43.96221938744638
            ],
            [
              -80.40118030001447,
              43.962214716269784
            ],
            [
              -80.401175920242,
              43.962209749043595
            ],
            [
              -80.40117215571901,
              43.96220452589339
            ],
            [
              -80.40116903558823,
              43.96219908593817
            ],
            [
              -80.40116658518849,
              43.96219346903103
            ],
            [
              -80.40116481946393,
              43.96218771997502
            ],
            [
              -80.40116418684806,
              43.9621847397456
            ],
            [
              -80.40106968816987,
              43.961662040116956
            ],
            [
              -80.40106909806546,
              43.961657678761185
            ],
            [
              -80.40106890120367,
              43.96165329861265
            ],
            [
              -80.40106925725861,
              43.96164741556572
            ],
            [
              -80.4010703204751,
              43.96164157794767
            ],
            [
              -80.40107208474558,
              43.961635828737194
            ],
            [
              -80.40107453752232,
              43.961630213333656
            ],
            [
              -80.40107765661756,
              43.961624773109534
            ],
            [
              -80.4010814211617,
              43.961619548594214
            ],
            [
              -80.40108543634506,
              43.96161496304809
            ],
            [
              -80.40108994723887,
              43.96161062358366
            ],
            [
              -80.40157310881965,
              43.96118292828164
            ],
            [
              -80.40143081789142,
              43.960875288566676
            ],
            [
              -80.40142887289946,
              43.96087050020631
            ],
            [
              -80.40142742200555,
              43.960865620892356
            ],
            [
              -80.4014263585344,
              43.960859782816996
            ],
            [
              -80.40142600230352,
              43.96085390007485
            ],
            [
              -80.40142632245896,
              43.96084831007781
            ],
            [
              -80.4014272842028,
              43.96084275902815
            ],
            [
              -80.40147548863857,
              43.96063467203712
            ],
            [
              -80.40112911346897,
              43.9599017051925
            ],
            [
              -80.40112706790063,
              43.95989676375902
            ],
            [
              -80.40112554948695,
              43.95989172381392
            ],
            [
              -80.40079163406548,
              43.95853603861882
            ],
            [
              -80.40013460764273,
              43.95721441170174
            ],
            [
              -80.4001322398286,
              43.95720892905575
            ],
            [
              -80.40013052744519,
              43.95720332019595
            ],
            [
              -80.40012933345231,
              43.95719629252957
            ],
            [
              -80.4000728350621,
              43.95661079295169
            ],
            [
              -80.40007260856538,
              43.95660609889042
            ],
            [
              -80.40007296469449,
              43.956600215885665
            ],
            [
              -80.40007402916186,
              43.9565943783707
            ],
            [
              -80.40007579337424,
              43.95658862921493
            ],
            [
              -80.40007824361739,
              43.956583012864954
            ],
            [
              -80.40008136376686,
              43.95657757276082
            ],
            [
              -80.40008512798373,
              43.956572349213374
            ],
            [
              -80.4000872331854,
              43.95656984317943
            ],
            [
              -80.40192092305445,
              43.95448960016426
            ],
            [
              -80.402172699255,
              43.953878736586354
            ],
            [
              -80.40217444852377,
              43.953874913030255
            ],
            [
              -80.40217756831086,
              43.95386947288309
            ],
            [
              -80.40218133206648,
              43.953864250176636
            ],
            [
              -80.40218571162005,
              43.95385928331779
            ],
            [
              -80.40219067368011,
              43.9538546122909
            ],
            [
              -80.40219271328344,
              43.95385291422151
            ],
            [
              -80.40305961329307,
              43.9531551149413
            ],
            [
              -80.40306419051687,
              43.953151682949674
            ],
            [
              -80.4030690904412,
              43.95314849214807
            ],
            [
              -80.40307555747654,
              43.95314490695979
            ],
            [
              -80.40308243183676,
              43.95314174325969
            ],
            [
              -80.40308653068742,
              43.95314013095576
            ],
            [
              -80.40449602039725,
              43.952618209804854
            ],
            [
              -80.4047662316657,
              43.952185298382965
            ],
            [
              -80.40479826048794,
              43.951433622406434
            ],
            [
              -80.40479870932981,
              43.951428782316036
            ],
            [
              -80.40479963657982,
              43.95142397760861
            ],
            [
              -80.4048014012971,
              43.95141822936443
            ],
            [
              -80.40480385206705,
              43.951412612996656
            ],
            [
              -80.40480697145287,
              43.95140717278888
            ],
            [
              -80.40481073486396,
              43.95140194910732
            ],
            [
              -80.40481511390705,
              43.95139698305244
            ],
            [
              -80.40482007559534,
              43.95139231101865
            ],
            [
              -80.40482254944948,
              43.95139026615494
            ],
            [
              -80.4055888501497,
              43.95078196690255
            ],
            [
              -80.4055932256792,
              43.95077871969397
            ],
            [
              -80.40559789333459,
              43.95077569160533
            ],
            [
              -80.40560435860647,
              43.95077210711558
            ],
            [
              -80.40561123376541,
              43.95076894331415
            ],
            [
              -80.4056184644407,
              43.950766223946175
            ],
            [
              -80.40562599400225,
              43.95076396995482
            ],
            [
              -80.40563174636911,
              43.95076260841473
            ],
            [
              -80.40624305170752,
              43.95063357320429
            ],
            [
              -80.40888162393426,
              43.949400214065896
            ],
            [
              -80.40935870892234,
              43.94886577920853
            ],
            [
              -80.40932861339279,
              43.94836909905954
            ],
            [
              -80.40906220892333,
              43.947951270082314
            ],
            [
              -80.40815293499271,
              43.94736373373523
            ],
            [
              -80.4073918608406,
              43.94722864975683
            ],
            [
              -80.40738219756841,
              43.94722652815361
            ],
            [
              -80.4073746665061,
              43.9472242747164
            ],
            [
              -80.40736743759835,
              43.947221556110364
            ],
            [
              -80.40736056283875,
              43.947218391731326
            ],
            [
              -80.40735409742055,
              43.947214807421894
            ],
            [
              -80.40734808784003,
              43.94721082864367
            ],
            [
              -80.40734258255088,
              43.94720648725069
            ],
            [
              -80.40733761999215,
              43.947201815559275
            ],
            [
              -80.40733324086152,
              43.94719684868745
            ],
            [
              -80.4073294780254,
              43.947191625915025
            ],
            [
              -80.40732635938066,
              43.94718618630406
            ],
            [
              -80.40732390785402,
              43.94718056869884
            ],
            [
              -80.40732214445214,
              43.94717481996814
            ],
            [
              -80.40732108061864,
              43.94716898205705
            ],
            [
              -80.40732072384391,
              43.947163099440274
            ],
            [
              -80.40732108045124,
              43.94715721564043
            ],
            [
              -80.40732214396296,
              43.94715137812414
            ],
            [
              -80.40732390835325,
              43.947145628972066
            ],
            [
              -80.40732635867361,
              43.947140012576824
            ],
            [
              -80.40732947756574,
              43.9471345723245
            ],
            [
              -80.4073332404429,
              43.94712934858174
            ],
            [
              -80.40733682854842,
              43.947125211837104
            ],
            [
              -80.40734082145289,
              43.94712127391631
            ],
            [
              -80.40758794859573,
              43.94689510733159
            ],
            [
              -80.40763907188725,
              43.94651890385712
            ],
            [
              -80.4076400444835,
              43.94651377771566
            ],
            [
              -80.4076418088199,
              43.946508028562995
            ],
            [
              -80.40764426024619,
              43.94650241311713
            ],
            [
              -80.40764737907045,
              43.94649697285989
            ],
            [
              -80.40765114187353,
              43.9464917491101
            ],
            [
              -80.4076555215091,
              43.94648678302313
            ],
            [
              -80.40766048251065,
              43.94648211088516
            ],
            [
              -80.40766598933621,
              43.94647776988001
            ],
            [
              -80.40767199819906,
              43.94647379142472
            ],
            [
              -80.4076784640701,
              43.94647020688185
            ],
            [
              -80.4076853385696,
              43.94646704296241
            ],
            [
              -80.40769256725642,
              43.946464324310114
            ],
            [
              -80.40770009738392,
              43.946462070237125
            ],
            [
              -80.40770787006882,
              43.94646029888586
            ],
            [
              -80.40771582672895,
              43.94645902480816
            ],
            [
              -80.40772088255093,
              43.94645848316798
            ],
            [
              -80.40827240415219,
              43.946410501419905
            ],
            [
              -80.40904578741618,
              43.94579291426065
            ],
            [
              -80.40874234454262,
              43.944780789889705
            ],
            [
              -80.40874164725804,
              43.94477822138619
            ],
            [
              -80.40874058339514,
              43.94477238261018
            ],
            [
              -80.40874022772594,
              43.944766500071104
            ],
            [
              -80.40874058284763,
              43.944760617128175
            ],
            [
              -80.40874164755452,
              43.944754777874934
            ],
            [
              -80.4087422723455,
              43.94475245827263
            ],
            [
              -80.40883901767565,
              43.94442378483108
            ],
            [
              -80.40856970146508,
              43.94400144604206
            ],
            [
              -80.40856676271581,
              43.94399628555164
            ],
            [
              -80.40856431229659,
              43.943990669848624
            ],
            [
              -80.40856254762483,
              43.94398492110837
            ],
            [
              -80.4085614849635,
              43.94397908328868
            ],
            [
              -80.40856112939406,
              43.94397319985749
            ],
            [
              -80.40856148452974,
              43.943967316921245
            ],
            [
              -80.408562549165,
              43.94396147857358
            ],
            [
              -80.40856431208016,
              43.94395572937024
            ],
            [
              -80.40856676337303,
              43.94395011302394
            ],
            [
              -80.40856988196043,
              43.94394467275754
            ],
            [
              -80.40857364442499,
              43.94393944988978
            ],
            [
              -80.40857802384828,
              43.94393448288326
            ],
            [
              -80.40858298570717,
              43.94392981166938
            ],
            [
              -80.40858849227844,
              43.94392546973271
            ],
            [
              -80.40859449947675,
              43.94392149208116
            ],
            [
              -80.40860096630388,
              43.943917906650206
            ],
            [
              -80.40860795529224,
              43.94391469635771
            ],
            [
              -80.4090344176412,
              43.943737957413745
            ],
            [
              -80.4092239896173,
              43.94346878717199
            ],
            [
              -80.40922634635918,
              43.94346564968013
            ],
            [
              -80.40923072444308,
              43.94346068259502
            ],
            [
              -80.40923568612811,
              43.94345601225085
            ],
            [
              -80.40924119135771,
              43.94345167022822
            ],
            [
              -80.40924720101671,
              43.94344769175295
            ],
            [
              -80.40925366642756,
              43.94344410712726
            ],
            [
              -80.40926054045646,
              43.94344094311725
            ],
            [
              -80.40926776866601,
              43.94343822436725
            ],
            [
              -80.40927529947997,
              43.94343597114221
            ],
            [
              -80.409281403889,
              43.94343453477472
            ],
            [
              -80.40928763223093,
              43.94343340474941
            ],
            [
              -80.40958508680451,
              43.94338724171256
            ],
            [
              -80.40976592205962,
              43.94317027720358
            ],
            [
              -80.40976992229056,
              43.94316587466492
            ],
            [
              -80.40977438617965,
              43.943161712258366
            ],
            [
              -80.40977989257934,
              43.94315737026359
            ],
            [
              -80.4097859009246,
              43.94315339170461
            ],
            [
              -80.40979236750795,
              43.94314980710153
            ],
            [
              -80.40979924022646,
              43.94314664300302
            ],
            [
              -80.40980646837046,
              43.94314392421697
            ],
            [
              -80.40981399912181,
              43.943141670954184
            ],
            [
              -80.40981871820091,
              43.943140531574436
            ],
            [
              -80.41060609358183,
              43.9429671571284
            ],
            [
              -80.41146823815933,
              43.9425757270641
            ],
            [
              -80.41121115443526,
              43.94258534973473
            ],
            [
              -80.41037866433383,
              43.942898282263975
            ],
            [
              -80.41037316293135,
              43.94290018655265
            ],
            [
              -80.41036750145045,
              43.94290182886581
            ],
            [
              -80.4103597293563,
              43.94290360040574
            ],
            [
              -80.41035177203163,
              43.94290487462353
            ],
            [
              -80.41034369249664,
              43.942905643466844
            ],
            [
              -80.41033554996959,
              43.94290589961796
            ],
            [
              -80.41032740803556,
              43.94290564315782
            ],
            [
              -80.41031932772003,
              43.94290487495642
            ],
            [
              -80.41031137091397,
              43.942903600426156
            ],
            [
              -80.41030359920764,
              43.94290182857022
            ],
            [
              -80.41029606854427,
              43.942899576252984
            ],
            [
              -80.4102888401374,
              43.94289685696594
            ],
            [
              -80.41028196699403,
              43.942893692850575
            ],
            [
              -80.41027550072793,
              43.94289010778937
            ],
            [
              -80.41026949257667,
              43.94288613015298
            ],
            [
              -80.41026398632347,
              43.94288178798581
            ],
            [
              -80.41025902522499,
              43.94287711561573
            ],
            [
              -80.4102546460998,
              43.94287214979158
            ],
            [
              -80.4102508832823,
              43.942866927153496
            ],
            [
              -80.4102477635018,
              43.94286148581046
            ],
            [
              -80.41024531420341,
              43.942855870209385
            ],
            [
              -80.41024354946713,
              43.94285012060833
            ],
            [
              -80.41024248540634,
              43.942844282759935
            ],
            [
              -80.41024213083087,
              43.942838400295216
            ],
            [
              -80.41024248577874,
              43.94283251736208
            ],
            [
              -80.41024355021285,
              43.94282667900601
            ],
            [
              -80.41024531415738,
              43.942820929837424
            ],
            [
              -80.41024776390967,
              43.94281531430346
            ],
            [
              -80.41025088358323,
              43.94280987315194
            ],
            [
              -80.41025464580964,
              43.94280465023173
            ],
            [
              -80.41025902491458,
              43.94279968406009
            ],
            [
              -80.4102639866026,
              43.942795011876036
            ],
            [
              -80.41026793344162,
              43.9427918250607
            ],
            [
              -80.41027215024596,
              43.9427888239468
            ],
            [
              -80.41104964927027,
              43.94226971732899
            ],
            [
              -80.4114035872398,
              43.94011733471314
            ],
            [
              -80.41140435354325,
              43.94011357800663
            ],
            [
              -80.41140611852096,
              43.94010782889339
            ],
            [
              -80.41140856803291,
              43.94010221335231
            ],
            [
              -80.41141168736152,
              43.940096773083305
            ],
            [
              -80.41141545053333,
              43.94009155019441
            ],
            [
              -80.4114187022066,
              43.940087773445995
            ],
            [
              -80.41142229061661,
              43.94008415919143
            ],
            [
              -80.4117247677579,
              43.93979986595282
            ],
            [
              -80.41187397037879,
              43.93936418641773
            ],
            [
              -80.41187686937268,
              43.93935731301864
            ],
            [
              -80.41187998861238,
              43.93935187274102
            ],
            [
              -80.41188375044612,
              43.93934664978608
            ],
            [
              -80.41188813044464,
              43.93934168272574
            ],
            [
              -80.41189309153017,
              43.93933701228115
            ],
            [
              -80.41189665467148,
              43.939334114958776
            ],
            [
              -80.41269675052855,
              43.938720392898844
            ],
            [
              -80.41285950510152,
              43.938288490916044
            ],
            [
              -80.41282681337901,
              43.93773419408728
            ],
            [
              -80.41256109721502,
              43.937262707726994
            ],
            [
              -80.41170430246521,
              43.93626251979087
            ],
            [
              -80.41109172055374,
              43.93585287654468
            ],
            [
              -80.40980036389038,
              43.935914854559044
            ],
            [
              -80.40948913459353,
              43.9360650978065
            ],
            [
              -80.40924767542593,
              43.936373904709455
            ],
            [
              -80.40924724453639,
              43.936374448923
            ],
            [
              -80.40924286577788,
              43.936379415908185
            ],
            [
              -80.40923790590115,
              43.93638408716142
            ],
            [
              -80.40923240013908,
              43.93638842908917
            ],
            [
              -80.40922639257059,
              43.936392406683495
            ],
            [
              -80.40921992667231,
              43.93639599211759
            ],
            [
              -80.40921305476692,
              43.936399156150124
            ],
            [
              -80.40921060445419,
              43.93640014257052
            ],
            [
              -80.40854770348695,
              43.936657844087016
            ],
            [
              -80.40854165058238,
              43.93665999796679
            ],
            [
              -80.40853539787713,
              43.93666182866742
            ],
            [
              -80.40852762660872,
              43.93666360005721
            ],
            [
              -80.4085196700721,
              43.93666487502327
            ],
            [
              -80.40851159150677,
              43.93666564282162
            ],
            [
              -80.40850344982287,
              43.936665899726144
            ],
            [
              -80.40849543157577,
              43.93666565120577
            ],
            [
              -80.40524954167007,
              43.93646348786346
            ],
            [
              -80.40511355772973,
              43.93667215771263
            ],
            [
              -80.4051099444402,
              43.93667714999128
            ],
            [
              -80.4051055666001,
              43.93668211596264
            ],
            [
              -80.40510060626788,
              43.93668678791981
            ],
            [
              -80.40509510138983,
              43.9366911296867
            ],
            [
              -80.40508909341251,
              43.936695107943414
            ],
            [
              -80.40508262845006,
              43.936698693178485
            ],
            [
              -80.40507575502575,
              43.9367018568869
            ],
            [
              -80.40506852742138,
              43.93670457622183
            ],
            [
              -80.4050609986017,
              43.93670682917956
            ],
            [
              -80.40505794383373,
              43.936707589001585
            ],
            [
              -80.40455157739108,
              43.93682661282988
            ],
            [
              -80.40435867772418,
              43.93783570155013
            ],
            [
              -80.40449077965202,
              43.93838422658746
            ],
            [
              -80.40449181542725,
              43.93838999207619
            ],
            [
              -80.40449216311451,
              43.93839580037511
            ],
            [
              -80.404491807578,
              43.93840168325456
            ],
            [
              -80.40449074269243,
              43.93840752062072
            ],
            [
              -80.40448897952841,
              43.938413269713756
            ],
            [
              -80.40448652930755,
              43.93841888597852
            ],
            [
              -80.40448302860916,
              43.93842491116535
            ],
            [
              -80.4040022297977,
              43.939151711261026
            ],
            [
              -80.40399884925651,
              43.9391563488521
            ],
            [
              -80.40399446980004,
              43.939161315636454
            ],
            [
              -80.40398950914869,
              43.93916598755628
            ],
            [
              -80.40398400393354,
              43.93917032927903
            ],
            [
              -80.4039779944369,
              43.93917430653298
            ],
            [
              -80.4039723654498,
              43.939177464394824
            ],
            [
              -80.40396641923003,
              43.93918030202666
            ],
            [
              -80.40265564571682,
              43.93975517872008
            ],
            [
              -80.40211991983671,
              43.94083741004572
            ],
            [
              -80.40211734219312,
              43.9408420305593
            ],
            [
              -80.40211442186931,
              43.94084633692821
            ],
            [
              -80.40160156313574,
              43.94153912817511
            ],
            [
              -80.40132764921043,
              43.942273071399605
            ],
            [
              -80.40145532644968,
              43.942917229777386
            ],
            [
              -80.40145603261378,
              43.94292200335173
            ],
            [
              -80.40145626928461,
              43.94292679957676
            ],
            [
              -80.40145591455979,
              43.94293268343303
            ],
            [
              -80.40145485050502,
              43.942938520857595
            ],
            [
              -80.40145308563443,
              43.942944269879305
            ],
            [
              -80.4014506348998,
              43.942949886106554
            ],
            [
              -80.40144751690447,
              43.94295532620881
            ],
            [
              -80.40144375251053,
              43.942960549657506
            ],
            [
              -80.40143937507854,
              43.94296551557136
            ],
            [
              -80.40143441254727,
              43.942970188236885
            ],
            [
              -80.40142968389266,
              43.94297396210358
            ],
            [
              -80.40142457384101,
              43.942977466973716
            ],
            [
              -80.40109656643004,
              43.94318608013565
            ],
            [
              -80.401038563504,
              43.94338005530849
            ],
            [
              -80.40103700797472,
              43.943384514342576
            ],
            [
              -80.4010350358583,
              43.94338888572791
            ],
            [
              -80.40103191655447,
              43.94339432576646
            ],
            [
              -80.40102815449994,
              43.943399550209904
            ],
            [
              -80.4010237745105,
              43.94340451600027
            ],
            [
              -80.40101881446411,
              43.94340918786022
            ],
            [
              -80.40101330734494,
              43.943413529396786
            ],
            [
              -80.40100729950116,
              43.94341750840705
            ],
            [
              -80.40100083362938,
              43.94342109162699
            ],
            [
              -80.40099396029301,
              43.94342425604813
            ],
            [
              -80.4009867315995,
              43.94342697512594
            ],
            [
              -80.40097920161284,
              43.94342922870834
            ],
            [
              -80.40097142906501,
              43.94343100045197
            ],
            [
              -80.4009634714455,
              43.943432273958834
            ],
            [
              -80.40095539162564,
              43.94343304297765
            ],
            [
              -80.40094725006789,
              43.9434333002504
            ],
            [
              -80.4009391080995,
              43.94343304306186
            ],
            [
              -80.40093102783779,
              43.94343227413712
            ],
            [
              -80.40092307109825,
              43.9434309997919
            ],
            [
              -80.40091529822752,
              43.943429228980385
            ],
            [
              -80.4009077691954,
              43.943426975144895
            ],
            [
              -80.40090053986712,
              43.94342425605258
            ],
            [
              -80.40089366588197,
              43.94342109216343
            ],
            [
              -80.40088720001705,
              43.943417508316635
            ],
            [
              -80.40088119256492,
              43.94341352924248
            ],
            [
              -80.40087568560959,
              43.94340918832059
            ],
            [
              -80.40087072394603,
              43.943404516346696
            ],
            [
              -80.40086634562962,
              43.94339955012748
            ],
            [
              -80.40086258250382,
              43.94339432619707
            ],
            [
              -80.4008594634747,
              43.943388886366556
            ],
            [
              -80.40085701263017,
              43.943383270433564
            ],
            [
              -80.40085524886199,
              43.94337752067073
            ],
            [
              -80.40085486888916,
              43.94337583994538
            ],
            [
              -80.40078356851207,
              43.943033340131244
            ],
            [
              -80.40078278970826,
              43.94302833362001
            ],
            [
              -80.40078252937789,
              43.94302330030333
            ],
            [
              -80.40078288658488,
              43.943017417455316
            ],
            [
              -80.40078394962127,
              43.943011578187175
            ],
            [
              -80.40078571332197,
              43.943005829121674
            ],
            [
              -80.40078816412725,
              43.943000212909574
            ],
            [
              -80.40078959643209,
              43.94299754677097
            ],
            [
              -80.40101784724952,
              43.942597967161845
            ],
            [
              -80.40074495161555,
              43.94195056788972
            ],
            [
              -80.40049503688081,
              43.9419631365879
            ],
            [
              -80.40048855058065,
              43.94196329976578
            ],
            [
              -80.40048040751515,
              43.94196304338526
            ],
            [
              -80.40047232747663,
              43.941962274426714
            ],
            [
              -80.40046437220344,
              43.94196100010367
            ],
            [
              -80.40045659955614,
              43.94195922926159
            ],
            [
              -80.40044906942703,
              43.9419569762407
            ],
            [
              -80.40044184039095,
              43.94195425622437
            ],
            [
              -80.40043496778358,
              43.94195109326341
            ],
            [
              -80.40042850227299,
              43.94194750760003
            ],
            [
              -80.40042249369756,
              43.94194352935041
            ],
            [
              -80.40041698824396,
              43.9419391875697
            ],
            [
              -80.4004104496646,
              43.94193283638952
            ],
            [
              -80.40001730443188,
              43.94149999318457
            ],
            [
              -80.3999288120852,
              43.94154070427763
            ],
            [
              -80.3999476758028,
              43.94175317757813
            ],
            [
              -80.39994786863592,
              43.94175749978426
            ],
            [
              -80.39994751258983,
              43.941763382674246
            ],
            [
              -80.39994644956397,
              43.941769221026696
            ],
            [
              -80.39994468457279,
              43.94177497001424
            ],
            [
              -80.39994223373577,
              43.941780586197645
            ],
            [
              -80.39993911565732,
              43.941786026246746
            ],
            [
              -80.39993535244224,
              43.941791249687874
            ],
            [
              -80.39993097364909,
              43.9417962163743
            ],
            [
              -80.39992601241288,
              43.941800888118244
            ],
            [
              -80.39992050668653,
              43.9418052287452
            ],
            [
              -80.39991449769741,
              43.94180920763001
            ],
            [
              -80.39990803303539,
              43.94181279262488
            ],
            [
              -80.39990115867074,
              43.9418159560156
            ],
            [
              -80.39989393005963,
              43.941818675910035
            ],
            [
              -80.39988640149146,
              43.94182092946382
            ],
            [
              -80.39987862921186,
              43.94182270022516
            ],
            [
              -80.3998706718004,
              43.94182397364648
            ],
            [
              -80.39986259220245,
              43.941824742579556
            ],
            [
              -80.39985444963611,
              43.94182499971247
            ],
            [
              -80.39984630783646,
              43.941824743337335
            ],
            [
              -80.39983822906954,
              43.94182397438461
            ],
            [
              -80.39983027258886,
              43.941822699959246
            ],
            [
              -80.39982249998158,
              43.941820929070545
            ],
            [
              -80.39981496989762,
              43.941818676004566
            ],
            [
              -80.39980774091129,
              43.94181595594504
            ],
            [
              -80.39980680171797,
              43.941815558855666
            ],
            [
              -80.39965790237434,
              43.94175175938907
            ],
            [
              -80.39965152307974,
              43.94174876577891
            ],
            [
              -80.39964550359305,
              43.94174540775767
            ],
            [
              -80.3996394938543,
              43.94174142940979
            ],
            [
              -80.39963398848313,
              43.94173708758916
            ],
            [
              -80.39962902707694,
              43.9417324155668
            ],
            [
              -80.39962464768888,
              43.9417274501498
            ],
            [
              -80.39962088479619,
              43.941722226186336
            ],
            [
              -80.39961776722792,
              43.94171678638536
            ],
            [
              -80.39961531658533,
              43.9417111704357
            ],
            [
              -80.39961355175903,
              43.94170542061008
            ],
            [
              -80.39961257757336,
              43.94170027758431
            ],
            [
              -80.3995579819109,
              43.941297398976204
            ],
            [
              -80.39872286345438,
              43.941690746738644
            ],
            [
              -80.39871855954034,
              43.941692656138095
            ],
            [
              -80.39871132964456,
              43.94169537589611
            ],
            [
              -80.39870379980228,
              43.94169762931018
            ],
            [
              -80.39869602750194,
              43.94169939998365
            ],
            [
              -80.39868807249009,
              43.941700674321815
            ],
            [
              -80.3986799916514,
              43.9417014431092
            ],
            [
              -80.39867185034025,
              43.94170170020487
            ],
            [
              -80.3986637073975,
              43.94170144278584
            ],
            [
              -80.39865562742304,
              43.94170067368769
            ],
            [
              -80.3986476709124,
              43.94169940007055
            ],
            [
              -80.39863989960314,
              43.941697629149076
            ],
            [
              -80.39863236958466,
              43.941695375998584
            ],
            [
              -80.39862514067327,
              43.94169265585806
            ],
            [
              -80.39861826827904,
              43.94168949188162
            ],
            [
              -80.39861180152495,
              43.94168590784825
            ],
            [
              -80.39860579442788,
              43.941681928652905
            ],
            [
              -80.39860028782681,
              43.94167758762152
            ],
            [
              -80.39859532651404,
              43.941672915550654
            ],
            [
              -80.39859094846672,
              43.94166795014546
            ],
            [
              -80.39858718443443,
              43.9416627260908
            ],
            [
              -80.39858406572986,
              43.941657286205015
            ],
            [
              -80.39858161519587,
              43.94165167023165
            ],
            [
              -80.39857985040449,
              43.941645921286764
            ],
            [
              -80.39857878760968,
              43.94164008332938
            ],
            [
              -80.39857843188491,
              43.941634199827945
            ],
            [
              -80.39857878807715,
              43.941628316943586
            ],
            [
              -80.39857985256378,
              43.94162247776291
            ],
            [
              -80.3985816152086,
              43.94161672869044
            ],
            [
              -80.39858406610227,
              43.94161111343765
            ],
            [
              -80.39858718562307,
              43.94160567258695
            ],
            [
              -80.39859094763614,
              43.94160045003857
            ],
            [
              -80.39859278344343,
              43.94159825031635
            ],
            [
              -80.39871793721316,
              43.94145454203237
            ],
            [
              -80.39839714628357,
              43.941211483639286
            ],
            [
              -80.3983931880596,
              43.941208288101265
            ],
            [
              -80.39838822680706,
              43.94120361602352
            ],
            [
              -80.39838384889138,
              43.94119864971507
            ],
            [
              -80.39838008483561,
              43.94119342655388
            ],
            [
              -80.39837696749608,
              43.941187985822175
            ],
            [
              -80.39837451576197,
              43.94118236979289
            ],
            [
              -80.39837275224974,
              43.941176620902546
            ],
            [
              -80.39837168948611,
              43.94117078294669
            ],
            [
              -80.39837133246884,
              43.941164900291284
            ],
            [
              -80.39837168868026,
              43.94115901741125
            ],
            [
              -80.39837275186207,
              43.9411531790794
            ],
            [
              -80.39837443345627,
              43.94114765259408
            ],
            [
              -80.39837675047839,
              43.94114225040376
            ],
            [
              -80.39846317932506,
              43.94096693019604
            ],
            [
              -80.39798278332657,
              43.94042490272417
            ],
            [
              -80.39798055010783,
              43.940422249591805
            ],
            [
              -80.39797678731054,
              43.940417027373655
            ],
            [
              -80.39797366764613,
              43.94041158562878
            ],
            [
              -80.39797121847268,
              43.94040596970487
            ],
            [
              -80.39796945378545,
              43.940400220759116
            ],
            [
              -80.3979684624857,
              43.940394957141564
            ],
            [
              -80.39789896384146,
              43.93987235686368
            ],
            [
              -80.39789853547896,
              43.93986589988057
            ],
            [
              -80.39789889049048,
              43.93986001695763
            ],
            [
              -80.39789995493965,
              43.93985417869505
            ],
            [
              -80.39790147743996,
              43.93984909121121
            ],
            [
              -80.39790354011654,
              43.93984410402306
            ],
            [
              -80.39795443946835,
              43.93973630400925
            ],
            [
              -80.39795506915029,
              43.93973501356641
            ],
            [
              -80.39795818862675,
              43.9397295727478
            ],
            [
              -80.39796195057106,
              43.939724350234826
            ],
            [
              -80.397966329377,
              43.93971938364401
            ],
            [
              -80.39797129059184,
              43.93971471200547
            ],
            [
              -80.39797679641359,
              43.93971036969741
            ],
            [
              -80.3979828039955,
              43.93970639177758
            ],
            [
              -80.39798926977727,
              43.939702806965734
            ],
            [
              -80.39799614282036,
              43.939699642756814
            ],
            [
              -80.39800337117059,
              43.93969692389828
            ],
            [
              -80.39801089944902,
              43.939694671383464
            ],
            [
              -80.39801867280491,
              43.939692899922306
            ],
            [
              -80.39802662885853,
              43.9396916247951
            ],
            [
              -80.39803470809234,
              43.93969085690317
            ],
            [
              -80.39804285035002,
              43.93969059991214
            ],
            [
              -80.39805099174879,
              43.93969085732411
            ],
            [
              -80.39805907156936,
              43.93969162467154
            ],
            [
              -80.39806702762387,
              43.93969290012523
            ],
            [
              -80.3980747998726,
              43.93969467113897
            ],
            [
              -80.39808232959314,
              43.939696924323535
            ],
            [
              -80.39808955712307,
              43.93969964264451
            ],
            [
              -80.39809485040614,
              43.939702024685644
            ],
            [
              -80.3980999095283,
              43.93970465591969
            ],
            [
              -80.39833615474188,
              43.93983635223023
            ],
            [
              -80.39835999648605,
              43.939814274208686
            ],
            [
              -80.39794783514395,
              43.93943026655746
            ],
            [
              -80.39794411453059,
              43.939426545370864
            ],
            [
              -80.39794075153588,
              43.93942264888356
            ],
            [
              -80.39793698764431,
              43.93941742571865
            ],
            [
              -80.39793387044972,
              43.93941198498645
            ],
            [
              -80.39793141884057,
              43.939406368959915
            ],
            [
              -80.39792965543198,
              43.939400620075546
            ],
            [
              -80.39792859150772,
              43.93939478207424
            ],
            [
              -80.39792823586735,
              43.93938889858794
            ],
            [
              -80.39792859211478,
              43.93938301572312
            ],
            [
              -80.39792965523385,
              43.93937717830701
            ],
            [
              -80.39793141911694,
              43.9393714293169
            ],
            [
              -80.39793387005228,
              43.9393658131982
            ],
            [
              -80.39793698826756,
              43.93936037232829
            ],
            [
              -80.3979407515062,
              43.93935514897551
            ],
            [
              -80.39794513020908,
              43.939350183285626
            ],
            [
              -80.39795009146788,
              43.93934551075272
            ],
            [
              -80.39795559717865,
              43.9393411693455
            ],
            [
              -80.39796160472171,
              43.93933719142883
            ],
            [
              -80.39796807053669,
              43.93933360572239
            ],
            [
              -80.39797494345923,
              43.939330442414025
            ],
            [
              -80.39798217183737,
              43.939327722660636
            ],
            [
              -80.39798970130813,
              43.939325470202995
            ],
            [
              -80.39799747337007,
              43.9393236986897
            ],
            [
              -80.39800542921972,
              43.93932242535999
            ],
            [
              -80.39801350855035,
              43.939321655674824
            ],
            [
              -80.39802164951102,
              43.939321398631
            ],
            [
              -80.39802979209699,
              43.93932165609903
            ],
            [
              -80.39803787046962,
              43.93932242518842
            ],
            [
              -80.39804582662109,
              43.93932369884785
            ],
            [
              -80.39805360005903,
              43.93932546991689
            ],
            [
              -80.39806112848571,
              43.939327723047306
            ],
            [
              -80.3980683571326,
              43.939330442320575
            ],
            [
              -80.39806890507009,
              43.939330672692726
            ],
            [
              -80.39835168463263,
              43.93945049854611
            ],
            [
              -80.39875884639993,
              43.939330404981945
            ],
            [
              -80.39876220040453,
              43.93932947016732
            ],
            [
              -80.39876997244208,
              43.93932769859683
            ],
            [
              -80.39877792951663,
              43.93932642526312
            ],
            [
              -80.39878600751928,
              43.93932565636153
            ],
            [
              -80.39879414971917,
              43.93932539931234
            ],
            [
              -80.39880275118507,
              43.93932568587189
            ],
            [
              -80.3993879497962,
              43.93936478617629
            ],
            [
              -80.39939557063563,
              43.9393655251692
            ],
            [
              -80.39940329366536,
              43.93936675425678
            ],
            [
              -80.39941084525475,
              43.93936845061844
            ],
            [
              -80.40038234653706,
              43.9396198509656
            ],
            [
              -80.40098598537323,
              43.93954793223459
            ],
            [
              -80.40090228926378,
              43.93925526385468
            ],
            [
              -80.39938909532407,
              43.937990954365056
            ],
            [
              -80.39938819225337,
              43.93799018766693
            ],
            [
              -80.39938323120734,
              43.937985515655946
            ],
            [
              -80.39937885345867,
              43.93798054940997
            ],
            [
              -80.39937508952909,
              43.93797532630651
            ],
            [
              -80.39937197227376,
              43.937969885627325
            ],
            [
              -80.39936958762883,
              43.93796445097481
            ],
            [
              -80.39911928993675,
              43.93729685115977
            ],
            [
              -80.3991174581837,
              43.937290920926976
            ],
            [
              -80.39911639549162,
              43.9372850821108
            ],
            [
              -80.3991160384952,
              43.93727919859027
            ],
            [
              -80.39911639460139,
              43.93727331573772
            ],
            [
              -80.39911745755303,
              43.9372674783257
            ],
            [
              -80.39911922248582,
              43.937261729386094
            ],
            [
              -80.39912167320509,
              43.937256113255216
            ],
            [
              -80.39912283767603,
              43.93725391831269
            ],
            [
              -80.39942893914596,
              43.93670631864321
            ],
            [
              -80.39943159140945,
              43.93670201231989
            ],
            [
              -80.399434655453,
              43.93669785020175
            ],
            [
              -80.39943903271691,
              43.93669288261709
            ],
            [
              -80.39944399353232,
              43.93668821092748
            ],
            [
              -80.39944949878235,
              43.936683870354656
            ],
            [
              -80.39945550716779,
              43.93667989242085
            ],
            [
              -80.39946197257159,
              43.936676306634915
            ],
            [
              -80.39946904786855,
              43.93667305934317
            ],
            [
              -80.39996133880308,
              43.93647003894717
            ],
            [
              -80.39996644400156,
              43.935968702869715
            ],
            [
              -80.39996682646523,
              43.935963068944616
            ],
            [
              -80.39996785986041,
              43.935957478001164
            ],
            [
              -80.39996962341971,
              43.9359517290026
            ],
            [
              -80.39997207399317,
              43.93594611286153
            ],
            [
              -80.39997519297826,
              43.935940672907655
            ],
            [
              -80.39997895571237,
              43.93593545040285
            ],
            [
              -80.39998285721536,
              43.935930979968056
            ],
            [
              -80.4003235576093,
              43.93557258005321
            ],
            [
              -80.40032899505904,
              43.93556741211189
            ],
            [
              -80.40033450027731,
              43.93556306970378
            ],
            [
              -80.40034050847565,
              43.93555909172517
            ],
            [
              -80.4003469736138,
              43.93555550678763
            ],
            [
              -80.40035384592521,
              43.93555234333915
            ],
            [
              -80.40036107361156,
              43.935549624333014
            ],
            [
              -80.40036860254088,
              43.935547370818256
            ],
            [
              -80.4003763739147,
              43.93554560003523
            ],
            [
              -80.40038433055365,
              43.935544324790776
            ],
            [
              -80.40039240914294,
              43.93554355672151
            ],
            [
              -80.40040054945588,
              43.93554330039212
            ],
            [
              -80.40040262523033,
              43.93554331580168
            ],
            [
              -80.40120621344889,
              43.935556216915806
            ],
            [
              -80.40187050262173,
              43.9352128021696
            ],
            [
              -80.40187814736754,
              43.93520924276523
            ],
            [
              -80.40188537493299,
              43.93520652365536
            ],
            [
              -80.40189290243494,
              43.93520427087539
            ],
            [
              -80.40189483248135,
              43.93520377984157
            ],
            [
              -80.40306539452934,
              43.934916713381014
            ],
            [
              -80.40378189076623,
              43.93449295860795
            ],
            [
              -80.40515918154959,
              43.93308513281788
            ],
            [
              -80.40516389867983,
              43.933080710603285
            ],
            [
              -80.40516940435658,
              43.93307636980547
            ],
            [
              -80.40517541076458,
              43.93307239061098
            ],
            [
              -80.40518187638465,
              43.933068807236985
            ],
            [
              -80.4051887481805,
              43.93306564258464
            ],
            [
              -80.40519755850487,
              43.93306240434802
            ],
            [
              -80.4057225565012,
              43.93289400429109
            ],
            [
              -80.40572850405829,
              43.93289227032037
            ],
            [
              -80.40573627612446,
              43.93289049920107
            ],
            [
              -80.4057442308604,
              43.93288922529554
            ],
            [
              -80.40575106397081,
              43.93288854098819
            ],
            [
              -80.40575794854807,
              43.93288822381476
            ],
            [
              -80.40759054640631,
              43.93285272371333
            ],
            [
              -80.4075930504588,
              43.93285270009031
            ],
            [
              -80.40760118971977,
              43.932852955807085
            ],
            [
              -80.40760926844,
              43.93285372510527
            ],
            [
              -80.40761722372416,
              43.932854999823554
            ],
            [
              -80.40762499655376,
              43.93285677016863
            ],
            [
              -80.40763252433479,
              43.932859024388605
            ],
            [
              -80.4076397526033,
              43.932861742979554
            ],
            [
              -80.40764236186072,
              43.93286287265446
            ],
            [
              -80.40891986217478,
              43.93343677314743
            ],
            [
              -80.40892536411073,
              43.93343944485899
            ],
            [
              -80.40893058988014,
              43.93344239187125
            ],
            [
              -80.40893551919511,
              43.93344560338535
            ],
            [
              -80.41029470473838,
              43.93439649908742
            ],
            [
              -80.4108215643905,
              43.93452649417825
            ],
            [
              -80.41146077508104,
              43.93454695140485
            ],
            [
              -80.41197496564598,
              43.93440636042653
            ],
            [
              -80.412570998231,
              43.93399877422276
            ],
            [
              -80.41282748878683,
              43.93341345580924
            ],
            [
              -80.41284253523996,
              43.933060101175194
            ],
            [
              -80.41244656747322,
              43.93241486467742
            ],
            [
              -80.41244417965572,
              43.93241058616096
            ],
            [
              -80.41244172943243,
              43.93240496973621
            ],
            [
              -80.41243996596914,
              43.93239922120295
            ],
            [
              -80.41243878027659,
              43.93239226098262
            ],
            [
              -80.41238305454523,
              43.93182273682412
            ],
            [
              -80.41166810855464,
              43.93095946360249
            ],
            [
              -80.41166736244891,
              43.93095854893149
            ],
            [
              -80.41166360163196,
              43.93095332558245
            ],
            [
              -80.41166048348096,
              43.930947886216174
            ],
            [
              -80.41165856175257,
              43.93094364070184
            ],
            [
              -80.41135949426761,
              43.930200090122774
            ],
            [
              -80.4112040765627,
              43.93007091002543
            ],
            [
              -80.41032502434345,
              43.92985409318849
            ],
            [
              -80.4095724283918,
              43.93002832623921
            ],
            [
              -80.40897217390993,
              43.93038607524848
            ],
            [
              -80.40896599629653,
              43.930389457013256
            ],
            [
              -80.40895945062375,
              43.930392455977135
            ],
            [
              -80.4089522228773,
              43.930395174604925
            ],
            [
              -80.40894469500869,
              43.93039742872024
            ],
            [
              -80.40893692347493,
              43.93039919917371
            ],
            [
              -80.4089289690993,
              43.930400474214714
            ],
            [
              -80.40892089146304,
              43.930401242038286
            ],
            [
              -80.40891275071174,
              43.93040149897244
            ],
            [
              -80.40890622847071,
              43.93040133489625
            ],
            [
              -80.40889973766011,
              43.9304008406545
            ],
            [
              -80.40779539453825,
              43.93028854334489
            ],
            [
              -80.4068502974352,
              43.93042538420286
            ],
            [
              -80.40684816884462,
              43.93042567381527
            ],
            [
              -80.40684009110008,
              43.93042644237631
            ],
            [
              -80.40683195033527,
              43.930426699149066
            ],
            [
              -80.40682560066723,
              43.9304265434072
            ],
            [
              -80.40681928225307,
              43.93042607460975
            ],
            [
              -80.40614718131339,
              43.930359576380276
            ],
            [
              -80.40614363223165,
              43.9303591748674
            ],
            [
              -80.40613567734403,
              43.930357900041585
            ],
            [
              -80.4061279062343,
              43.93035612874886
            ],
            [
              -80.40612037746622,
              43.93035387616918
            ],
            [
              -80.40611314967911,
              43.930351156584884
            ],
            [
              -80.40611186415084,
              43.930350610132365
            ],
            [
              -80.40520636298702,
              43.92995870878517
            ],
            [
              -80.40520016748772,
              43.929955781228884
            ],
            [
              -80.40519431395336,
              43.92995250739054
            ],
            [
              -80.40518830642233,
              43.92994852857881
            ],
            [
              -80.40518280179617,
              43.92994418711646
            ],
            [
              -80.40517784215113,
              43.92993951638084
            ],
            [
              -80.40517346342872,
              43.929934548579396
            ],
            [
              -80.4051710820368,
              43.92993137470533
            ],
            [
              -80.4046018044746,
              43.92912162272523
            ],
            [
              -80.40343348548876,
              43.92842538686404
            ],
            [
              -80.40188906730496,
              43.927762638952125
            ],
            [
              -80.40188271375325,
              43.927759653803356
            ],
            [
              -80.40187671595055,
              43.92775630677197
            ],
            [
              -80.401874769688,
              43.92775509431787
            ],
            [
              -80.40031747043558,
              43.92675659260238
            ],
            [
              -80.40031250786359,
              43.92675316658384
            ],
            [
              -80.40030790558039,
              43.92674948790037
            ],
            [
              -80.40030294671526,
              43.92674481605638
            ],
            [
              -80.40029856861447,
              43.92673984896999
            ],
            [
              -80.40029480661113,
              43.92673462603119
            ],
            [
              -80.40029168858636,
              43.92672918630281
            ],
            [
              -80.4002892386203,
              43.92672356958183
            ],
            [
              -80.40028747537235,
              43.92671782083288
            ],
            [
              -80.40028641151868,
              43.926711982055146
            ],
            [
              -80.40028605570748,
              43.926706098674885
            ],
            [
              -80.40028641161943,
              43.92670021590011
            ],
            [
              -80.40028747555874,
              43.92669437771424
            ],
            [
              -80.40028923878646,
              43.92668862878035
            ],
            [
              -80.40029168891303,
              43.92668301270015
            ],
            [
              -80.40029480733932,
              43.92667757280301
            ],
            [
              -80.40029856948259,
              43.92667234945276
            ],
            [
              -80.40030294703412,
              43.92666738284965
            ],
            [
              -80.40030790686845,
              43.926662711180754
            ],
            [
              -80.40031341111863,
              43.92665836972218
            ],
            [
              -80.40031941841782,
              43.926654390893724
            ],
            [
              -80.40032568584576,
              43.92665090638078
            ],
            [
              -80.4005009854455,
              43.92656170577047
            ],
            [
              -80.40050805444758,
              43.92655844291974
            ],
            [
              -80.40051528101573,
              43.926555723037524
            ],
            [
              -80.40052280738594,
              43.926553470381435
            ],
            [
              -80.40053057755503,
              43.92655169871033
            ],
            [
              -80.40053853273399,
              43.92655042526449
            ],
            [
              -80.40054661131293,
              43.926549656349344
            ],
            [
              -80.40055475160675,
              43.92654939916789
            ],
            [
              -80.40056288982343,
              43.92654965632604
            ],
            [
              -80.40057096759122,
              43.926550425262064
            ],
            [
              -80.40057892318963,
              43.92655169876261
            ],
            [
              -80.40058669358062,
              43.92655347045738
            ],
            [
              -80.4005912940992,
              43.926554781404384
            ],
            [
              -80.40131308877768,
              43.92677658926737
            ],
            [
              -80.40159721197746,
              43.92674979534607
            ],
            [
              -80.40200663339277,
              43.92607566915461
            ],
            [
              -80.40201126928963,
              43.92606904891062
            ],
            [
              -80.40201564656239,
              43.926064083137646
            ],
            [
              -80.4020206074382,
              43.926059411446
            ],
            [
              -80.40202570793082,
              43.926055363016005
            ],
            [
              -80.4029379613288,
              43.92538789733291
            ],
            [
              -80.40347455238404,
              43.92407955797406
            ],
            [
              -80.40331146378122,
              43.92323786136033
            ],
            [
              -80.40331078644938,
              43.923233190987055
            ],
            [
              -80.40331056090447,
              43.92322849898806
            ],
            [
              -80.40331091646924,
              43.923222616229964
            ],
            [
              -80.40331198001901,
              43.923216778040185
            ],
            [
              -80.40331374281759,
              43.92321102908174
            ],
            [
              -80.40331619247893,
              43.92320541295667
            ],
            [
              -80.40331931048259,
              43.92319997209691
            ],
            [
              -80.40332307334077,
              43.92319474871659
            ],
            [
              -80.40332745026518,
              43.923189782907684
            ],
            [
              -80.40333240952717,
              43.92318511111722
            ],
            [
              -80.40333791450577,
              43.923180768676765
            ],
            [
              -80.40334392112894,
              43.92317679059095
            ],
            [
              -80.40335038453489,
              43.92317320642437
            ],
            [
              -80.40335725643786,
              43.923170041987596
            ],
            [
              -80.40336606287158,
              43.92316680294033
            ],
            [
              -80.4038909626129,
              43.922998403928425
            ],
            [
              -80.40389690915426,
              43.9229966700841
            ],
            [
              -80.40390467863473,
              43.92299489906905
            ],
            [
              -80.40391263336973,
              43.92299362357813
            ],
            [
              -80.40392070998463,
              43.92299285614759
            ],
            [
              -80.4039288497344,
              43.922992598705584
            ],
            [
              -80.40393698868075,
              43.922992855655295
            ],
            [
              -80.40394506597171,
              43.92299362432798
            ],
            [
              -80.4039530197396,
              43.92299489930752
            ],
            [
              -80.40396078981088,
              43.92299666984654
            ],
            [
              -80.40396831740428,
              43.92299892345697
            ],
            [
              -80.40397554419097,
              43.923001642265035
            ],
            [
              -80.40398241455148,
              43.92300480581305
            ],
            [
              -80.40398887930216,
              43.92300839122271
            ],
            [
              -80.40399488481896,
              43.923012369114716
            ],
            [
              -80.40400038865492,
              43.92301671059976
            ],
            [
              -80.40400534866447,
              43.923021383198176
            ],
            [
              -80.4040097256376,
              43.9230263491535
            ],
            [
              -80.4040134877404,
              43.92303157193364
            ],
            [
              -80.40401660577346,
              43.92303701332016
            ],
            [
              -80.40401905603201,
              43.92304262902924
            ],
            [
              -80.4040208195531,
              43.923048377687685
            ],
            [
              -80.40402131446994,
              43.92305063368455
            ],
            [
              -80.40409030817541,
              43.9234027432741
            ],
            [
              -80.4043917635107,
              43.92335675367669
            ],
            [
              -80.40439483343285,
              43.92335632432238
            ],
            [
              -80.40440291141161,
              43.92335555601118
            ],
            [
              -80.40441105113763,
              43.923355299429275
            ],
            [
              -80.40441919014009,
              43.92335555634172
            ],
            [
              -80.4044272675666,
              43.923356324080025
            ],
            [
              -80.40443522139833,
              43.92335759902358
            ],
            [
              -80.40444299146125,
              43.92335937042538
            ],
            [
              -80.40445051795783,
              43.923361623050205
            ],
            [
              -80.40445774481616,
              43.923364341826385
            ],
            [
              -80.40446461641652,
              43.92336750629639
            ],
            [
              -80.40447108007494,
              43.923371090726
            ],
            [
              -80.40447708566646,
              43.923375068592264
            ],
            [
              -80.4044825907436,
              43.923379411006195
            ],
            [
              -80.40448754966052,
              43.923384082631955
            ],
            [
              -80.4044919279482,
              43.92338904862399
            ],
            [
              -80.4044956900465,
              43.923394272286956
            ],
            [
              -80.4044988069815,
              43.9233997127097
            ],
            [
              -80.40450125723031,
              43.9234053293078
            ],
            [
              -80.40450302081364,
              43.92341107796088
            ],
            [
              -80.40450364372217,
              43.9234140071529
            ],
            [
              -80.404787045721,
              43.92497310699603
            ],
            [
              -80.40478764355207,
              43.92497749369016
            ],
            [
              -80.40478784212019,
              43.92498189981553
            ],
            [
              -80.40478753358994,
              43.924987387339876
            ],
            [
              -80.40478660740966,
              43.92499283787164
            ],
            [
              -80.40468478212709,
              43.925440989289235
            ],
            [
              -80.40477418877754,
              43.92587317043187
            ],
            [
              -80.40495449348042,
              43.92604514660155
            ],
            [
              -80.405044524756,
              43.9260035314369
            ],
            [
              -80.40483801342018,
              43.92581754834448
            ],
            [
              -80.40483376738877,
              43.92581340980507
            ],
            [
              -80.40482996994535,
              43.92580905038711
            ],
            [
              -80.40482620764945,
              43.92580382671953
            ],
            [
              -80.40482309054525,
              43.925798386289316
            ],
            [
              -80.40482064015647,
              43.92579276968101
            ],
            [
              -80.40481887646322,
              43.92578702101526
            ],
            [
              -80.40481796680346,
              43.92578233955531
            ],
            [
              -80.40481751248974,
              43.92577762400525
            ],
            [
              -80.40480721334065,
              43.925561523936096
            ],
            [
              -80.40480715787155,
              43.92555919981652
            ],
            [
              -80.40480751329082,
              43.9255533170353
            ],
            [
              -80.40480857680166,
              43.925547477914826
            ],
            [
              -80.4048103395183,
              43.92554172891361
            ],
            [
              -80.40481279037233,
              43.925536112790816
            ],
            [
              -80.40481590828468,
              43.92553067276754
            ],
            [
              -80.40481966984304,
              43.925525450160656
            ],
            [
              -80.4048240481352,
              43.925520483430915
            ],
            [
              -80.40482900748049,
              43.925515811555385
            ],
            [
              -80.40483451249924,
              43.9255114699207
            ],
            [
              -80.40484051926921,
              43.92550749173702
            ],
            [
              -80.40484698292757,
              43.925503906569624
            ],
            [
              -80.40485385371903,
              43.925500742868316
            ],
            [
              -80.40486108109859,
              43.92549802364267
            ],
            [
              -80.40486860846237,
              43.92549576983483
            ],
            [
              -80.40487713059245,
              43.92549385694916
            ],
            [
              -80.405251530067,
              43.925423757331316
            ],
            [
              -80.40525873264778,
              43.92542262532505
            ],
            [
              -80.40526680967697,
              43.92542185689082
            ],
            [
              -80.4052749497059,
              43.92542160024118
            ],
            [
              -80.4052830902611,
              43.925421857141764
            ],
            [
              -80.40529116676225,
              43.92542262476122
            ],
            [
              -80.40529912215594,
              43.92542389969723
            ],
            [
              -80.40530689137299,
              43.92542567008778
            ],
            [
              -80.40531441935542,
              43.92542792360881
            ],
            [
              -80.40532164645369,
              43.92543064323052
            ],
            [
              -80.40532851843831,
              43.925433806754924
            ],
            [
              -80.40533498107959,
              43.92543739198425
            ],
            [
              -80.40534098820217,
              43.92544136986634
            ],
            [
              -80.40534649355537,
              43.92544571224675
            ],
            [
              -80.40535145156612,
              43.92545038289233
            ],
            [
              -80.40535583002179,
              43.92545534975943
            ],
            [
              -80.40535878043042,
              43.92545934588484
            ],
            [
              -80.40548268660775,
              43.92564171093054
            ],
            [
              -80.40552914022902,
              43.925630794858016
            ],
            [
              -80.40607370935163,
              43.925144019312256
            ],
            [
              -80.40595127254652,
              43.92477035500082
            ],
            [
              -80.40595017823445,
              43.92476652134437
            ],
            [
              -80.40594911381534,
              43.92476068263909
            ],
            [
              -80.40594875857566,
              43.924754800245175
            ],
            [
              -80.40594911394251,
              43.924748916568674
            ],
            [
              -80.40595017840742,
              43.924743079292504
            ],
            [
              -80.40595194097847,
              43.924737330278234
            ],
            [
              -80.40595439043763,
              43.924731714080266
            ],
            [
              -80.40595750950817,
              43.92472627318564
            ],
            [
              -80.40596127097781,
              43.924721049645726
            ],
            [
              -80.40596564910234,
              43.92471608287359
            ],
            [
              -80.40597060820224,
              43.9247114118467
            ],
            [
              -80.40597415591486,
              43.92470852764655
            ],
            [
              -80.40613725543253,
              43.92458332783601
            ],
            [
              -80.40614521913196,
              43.92457789208987
            ],
            [
              -80.40615168259536,
              43.924574306846495
            ],
            [
              -80.40615855443694,
              43.924571143118044
            ],
            [
              -80.40616578162921,
              43.924568423805866
            ],
            [
              -80.4061733074944,
              43.924566170750396
            ],
            [
              -80.40618107960758,
              43.92456439967198
            ],
            [
              -80.4061890332002,
              43.924563124849044
            ],
            [
              -80.4061971100144,
              43.92456235724169
            ],
            [
              -80.40620524998666,
              43.924562099622534
            ],
            [
              -80.4062133891013,
              43.92456235729384
            ],
            [
              -80.40622146673078,
              43.92456312489526
            ],
            [
              -80.40622942077944,
              43.92456439970484
            ],
            [
              -80.40623719107133,
              43.92456617097656
            ],
            [
              -80.40624471897395,
              43.92456842442835
            ],
            [
              -80.40625194483844,
              43.92457114303082
            ],
            [
              -80.40625881669366,
              43.92457430738836
            ],
            [
              -80.40626528061173,
              43.924577891713135
            ],
            [
              -80.40627128639045,
              43.924581870380656
            ],
            [
              -80.40627679056432,
              43.924586211755276
            ],
            [
              -80.40628175098517,
              43.92459088335809
            ],
            [
              -80.40628612945648,
              43.92459585018078
            ],
            [
              -80.40628989064204,
              43.92460107283565
            ],
            [
              -80.40629300899027,
              43.92460651416577
            ],
            [
              -80.4062954595523,
              43.924612129833285
            ],
            [
              -80.40629722204535,
              43.92461787930851
            ],
            [
              -80.40629828533214,
              43.92462371705711
            ],
            [
              -80.40629864053317,
              43.92462960034646
            ],
            [
              -80.40629856515126,
              43.924632325941744
            ],
            [
              -80.40628510048982,
              43.924873072665605
            ],
            [
              -80.40661526845341,
              43.92511521985637
            ],
            [
              -80.40662029217278,
              43.92511921221758
            ],
            [
              -80.4066252515046,
              43.9251238828554
            ],
            [
              -80.40662962880766,
              43.92512884961279
            ],
            [
              -80.40663339122908,
              43.92513407321105
            ],
            [
              -80.40663650847517,
              43.92513951358275
            ],
            [
              -80.40663895902082,
              43.92514513014379
            ],
            [
              -80.40664072288432,
              43.92515087877411
            ],
            [
              -80.40664178614271,
              43.925156717420926
            ],
            [
              -80.40664214145939,
              43.92516259981559
            ],
            [
              -80.40664188198602,
              43.92516762371076
            ],
            [
              -80.40664110741254,
              43.92517262142551
            ],
            [
              -80.40659654046597,
              43.92538718731513
            ],
            [
              -80.40674471171485,
              43.9254777910103
            ],
            [
              -80.40732372028835,
              43.925388777039146
            ],
            [
              -80.40732693304982,
              43.92538832502399
            ],
            [
              -80.40733501121163,
              43.92538755738265
            ],
            [
              -80.4073431500591,
              43.92538729962053
            ],
            [
              -80.40735129054359,
              43.92538755725828
            ],
            [
              -80.40735936831061,
              43.9253883247729
            ],
            [
              -80.40736732243019,
              43.92538960039528
            ],
            [
              -80.40737509170926,
              43.9253913706326
            ],
            [
              -80.4073826197719,
              43.925393624005174
            ],
            [
              -80.40738984572631,
              43.92539634342985
            ],
            [
              -80.40739671782599,
              43.92539950681867
            ],
            [
              -80.40740318184046,
              43.92540309197487
            ],
            [
              -80.40740918910947,
              43.92540706973838
            ],
            [
              -80.40741469338101,
              43.92541141195565
            ],
            [
              -80.40741965280695,
              43.92541608255773
            ],
            [
              -80.40742403013002,
              43.92542105018151
            ],
            [
              -80.40742779148056,
              43.92542627280124
            ],
            [
              -80.40743091006406,
              43.92543171320587
            ],
            [
              -80.40743391440392,
              43.92543890180285
            ],
            [
              -80.40751820253305,
              43.92569028210766
            ],
            [
              -80.40769424539842,
              43.92572944220575
            ],
            [
              -80.40808843006559,
              43.925677595448676
            ],
            [
              -80.40830728661203,
              43.92537502703354
            ],
            [
              -80.40830916966333,
              43.92537255001277
            ],
            [
              -80.40831354762716,
              43.92536758313842
            ],
            [
              -80.40831850782777,
              43.92536291205093
            ],
            [
              -80.40832401255479,
              43.92535857023406
            ],
            [
              -80.40833001905473,
              43.92535459185142
            ],
            [
              -80.4083364823915,
              43.92535100736743
            ],
            [
              -80.40834335427964,
              43.92534784259504
            ],
            [
              -80.40835058139065,
              43.92534512402724
            ],
            [
              -80.40835810851453,
              43.92534287086716
            ],
            [
              -80.40836587942539,
              43.925341099570694
            ],
            [
              -80.4083738330799,
              43.92533982458085
            ],
            [
              -80.40838190997795,
              43.92533905680449
            ],
            [
              -80.40839004997999,
              43.925338799913256
            ],
            [
              -80.40839819046218,
              43.92533905746977
            ],
            [
              -80.40840626699476,
              43.925339824849345
            ],
            [
              -80.40841422237361,
              43.92534110044666
            ],
            [
              -80.40842199167952,
              43.92534287060634
            ],
            [
              -80.40842951853668,
              43.92534512384926
            ],
            [
              -80.4084367457786,
              43.92534784325608
            ],
            [
              -80.40843916610983,
              43.92534888805915
            ],
            [
              -80.4087244660345,
              43.92547638843497
            ],
            [
              -80.4087300662156,
              43.9254790978025
            ],
            [
              -80.40873538074771,
              43.925482091960326
            ],
            [
              -80.40874138812195,
              43.925486069648
            ],
            [
              -80.40874689250698,
              43.92549041179581
            ],
            [
              -80.4087518519783,
              43.92549508323305
            ],
            [
              -80.4087562295037,
              43.92550004990413
            ],
            [
              -80.40875999215326,
              43.9255052734287
            ],
            [
              -80.40876310963154,
              43.92551071373987
            ],
            [
              -80.40876556041178,
              43.92551633025399
            ],
            [
              -80.4087673232682,
              43.92552207879696
            ],
            [
              -80.40876838676031,
              43.925527917425065
            ],
            [
              -80.4087687423077,
              43.925533799815405
            ],
            [
              -80.4087683873136,
              43.925539682609894
            ],
            [
              -80.40876732305807,
              43.92554552081841
            ],
            [
              -80.40876555951445,
              43.92555126983172
            ],
            [
              -80.40876311030662,
              43.925556886101354
            ],
            [
              -80.4087585708129,
              43.9255644333706
            ],
            [
              -80.4086761964066,
              43.92568133573751
            ],
            [
              -80.40938271463905,
              43.925517857630965
            ],
            [
              -80.40960863688423,
              43.92521219902933
            ],
            [
              -80.40951662471336,
              43.92506167782434
            ],
            [
              -80.4095142899826,
              43.925057486270624
            ],
            [
              -80.40951184046347,
              43.92505186893413
            ],
            [
              -80.409510077544,
              43.92504612040723
            ],
            [
              -80.40950901398223,
              43.925040281790345
            ],
            [
              -80.40950865835869,
              43.92503439940633
            ],
            [
              -80.4095090145872,
              43.925028515770016
            ],
            [
              -80.40951007743648,
              43.9250226784012
            ],
            [
              -80.40951184088509,
              43.92501692937941
            ],
            [
              -80.40951429123393,
              43.925011313150655
            ],
            [
              -80.40951740748312,
              43.9250058720394
            ],
            [
              -80.40952116979938,
              43.925000649322044
            ],
            [
              -80.40952570173532,
              43.92499552428121
            ],
            [
              -80.40995360234882,
              43.92455652429288
            ],
            [
              -80.40995840822711,
              43.92455201125177
            ],
            [
              -80.40996391150084,
              43.92454766929908
            ],
            [
              -80.40996991903485,
              43.924543690881244
            ],
            [
              -80.40997638341072,
              43.924540106354435
            ],
            [
              -80.40998325378531,
              43.92453694232126
            ],
            [
              -80.40999048078334,
              43.92453422274576
            ],
            [
              -80.4099980076532,
              43.92453197036811
            ],
            [
              -80.41000577839608,
              43.924530198952084
            ],
            [
              -80.41001373313674,
              43.92452892389369
            ],
            [
              -80.41002180989233,
              43.92452815599191
            ],
            [
              -80.41002994976614,
              43.92452789897373
            ],
            [
              -80.41003808889377,
              43.92452815634836
            ],
            [
              -80.41004616657177,
              43.92452892365526
            ],
            [
              -80.41005576087,
              43.92453052767373
            ],
            [
              -80.41029624690235,
              43.9245805132529
            ],
            [
              -80.41042382845046,
              43.92442010412212
            ],
            [
              -80.41042825055348,
              43.924415083253415
            ],
            [
              -80.41043320932101,
              43.92441041111982
            ],
            [
              -80.41043871378486,
              43.92440606919745
            ],
            [
              -80.41044472002694,
              43.92440209069876
            ],
            [
              -80.41045118435507,
              43.92439850614339
            ],
            [
              -80.4104580546845,
              43.9243953420797
            ],
            [
              -80.41046528156504,
              43.924392623369634
            ],
            [
              -80.4104728084713,
              43.9243903700607
            ],
            [
              -80.41048057917868,
              43.924388598609845
            ],
            [
              -80.4104885324953,
              43.924387325256546
            ],
            [
              -80.4104966106158,
              43.924386555577556
            ],
            [
              -80.41050475039121,
              43.924386299420185
            ],
            [
              -80.41051087465824,
              43.92438644419638
            ],
            [
              -80.41051697330295,
              43.924386879748546
            ],
            [
              -80.41081567315132,
              43.92441537962985
            ],
            [
              -80.41081966818328,
              43.92441582485013
            ],
            [
              -80.4108276223175,
              43.92441709931088
            ],
            [
              -80.41083539149523,
              43.92441887018738
            ],
            [
              -80.41084291956656,
              43.92442112330882
            ],
            [
              -80.41085014563967,
              43.92442384159407
            ],
            [
              -80.41085701650002,
              43.924427005595454
            ],
            [
              -80.41086348062612,
              43.924430590533916
            ],
            [
              -80.4108694879643,
              43.92443456899185
            ],
            [
              -80.41087499241233,
              43.92443891102201
            ],
            [
              -80.41087995189463,
              43.92444358324981
            ],
            [
              -80.4108843296041,
              43.92444854892766
            ],
            [
              -80.41088809114245,
              43.924453772314266
            ],
            [
              -80.41089120877206,
              43.92445921255467
            ],
            [
              -80.41089365848138,
              43.92446482895693
            ],
            [
              -80.41089542145201,
              43.92447057835384
            ],
            [
              -80.41089577265703,
              43.924472113586255
            ],
            [
              -80.41093567245167,
              43.924661055908935
            ],
            [
              -80.41102845361256,
              43.92469093996407
            ],
            [
              -80.41133432308924,
              43.9244651728053
            ],
            [
              -80.41134101961019,
              43.92446069113681
            ],
            [
              -80.41134748396183,
              43.924457105628335
            ],
            [
              -80.4113543554135,
              43.924453942457724
            ],
            [
              -80.41136158233262,
              43.9244512227881
            ],
            [
              -80.41136910913475,
              43.92444897031228
            ],
            [
              -80.41137687857963,
              43.92444719874057
            ],
            [
              -80.41138483312587,
              43.92444592537362
            ],
            [
              -80.41139291124242,
              43.92444515562553
            ],
            [
              -80.41140104978031,
              43.924444899344216
            ],
            [
              -80.41140919021925,
              43.924445155769234
            ],
            [
              -80.41141726651179,
              43.92444592471139
            ],
            [
              -80.4114252219061,
              43.92444719918128
            ],
            [
              -80.41143299234935,
              43.92444897006796
            ],
            [
              -80.41144051920752,
              43.92445122309225
            ],
            [
              -80.41144774648095,
              43.92445394228846
            ],
            [
              -80.41145374884843,
              43.92445667181788
            ],
            [
              -80.41145944752364,
              43.924459723192385
            ],
            [
              -80.41193014738164,
              43.92473232323491
            ],
            [
              -80.41193178142275,
              43.924733291188154
            ],
            [
              -80.41193778770494,
              43.92473726863451
            ],
            [
              -80.41194329226796,
              43.92474161061038
            ],
            [
              -80.41194825186871,
              43.92474628278955
            ],
            [
              -80.41195262838198,
              43.92475124926804
            ],
            [
              -80.41195639136006,
              43.92475647177521
            ],
            [
              -80.41195950903769,
              43.924761912883646
            ],
            [
              -80.41196195887001,
              43.924767529263235
            ],
            [
              -80.41196372203765,
              43.924773277746816
            ],
            [
              -80.41196478585572,
              43.92477911633679
            ],
            [
              -80.41196514049923,
              43.92478499865612
            ],
            [
              -80.4119647857779,
              43.924790882353214
            ],
            [
              -80.41196372187736,
              43.924796720588404
            ],
            [
              -80.41196319358961,
              43.924798711017466
            ],
            [
              -80.41190414060709,
              43.92500443565654
            ],
            [
              -80.41203638242463,
              43.92526258106504
            ],
            [
              -80.41231617999146,
              43.92520839941442
            ],
            [
              -80.41232413345962,
              43.925207125022965
            ],
            [
              -80.41233221035806,
              43.92520635604509
            ],
            [
              -80.41234035032177,
              43.92520609884741
            ],
            [
              -80.41234848956086,
              43.92520635604305
            ],
            [
              -80.4123565672207,
              43.92520712496804
            ],
            [
              -80.41236452150545,
              43.92520839931363
            ],
            [
              -80.41237229208697,
              43.925210170132544
            ],
            [
              -80.41237981908817,
              43.925212423091686
            ],
            [
              -80.41238704650857,
              43.92521514222596
            ],
            [
              -80.41239391755683,
              43.92521830612997
            ],
            [
              -80.41240038063481,
              43.925221890923105
            ],
            [
              -80.41240638817126,
              43.92522586929718
            ],
            [
              -80.41241189157861,
              43.92523021119693
            ],
            [
              -80.41241252473289,
              43.9252307623478
            ],
            [
              -80.41253602453082,
              43.92533946166429
            ],
            [
              -80.41254063553777,
              43.92534387710875
            ],
            [
              -80.41254473017784,
              43.92534854923534
            ],
            [
              -80.4125484920113,
              43.92535377167101
            ],
            [
              -80.41255160978176,
              43.925359212766175
            ],
            [
              -80.41255405970135,
              43.92536482913632
            ],
            [
              -80.41255582295031,
              43.925370577614444
            ],
            [
              -80.41255688560106,
              43.92537641614866
            ],
            [
              -80.41255724147882,
              43.92538229942263
            ],
            [
              -80.41255688565043,
              43.92538818217438
            ],
            [
              -80.41255582311845,
              43.92539401957686
            ],
            [
              -80.41255405990185,
              43.9253997695503
            ],
            [
              -80.4125516098471,
              43.925405385852876
            ],
            [
              -80.41254849146769,
              43.92541082605074
            ],
            [
              -80.41254472941172,
              43.925416048879505
            ],
            [
              -80.41254098028573,
              43.92542035874057
            ],
            [
              -80.41253679176347,
              43.925424452967086
            ],
            [
              -80.412295728918,
              43.925642354339544
            ],
            [
              -80.41249344816704,
              43.92568630926921
            ],
            [
              -80.41274504627401,
              43.925557376844594
            ],
            [
              -80.41302963399953,
              43.924987547747634
            ],
            [
              -80.4130107345086,
              43.92494202680634
            ],
            [
              -80.41261000205402,
              43.924955229360954
            ],
            [
              -80.41260575059704,
              43.924955300024706
            ],
            [
              -80.41259761015198,
              43.92495504279475
            ],
            [
              -80.41258953252591,
              43.924954273888545
            ],
            [
              -80.4125815783481,
              43.92495299866281
            ],
            [
              -80.41257380772106,
              43.92495122875765
            ],
            [
              -80.41256628082287,
              43.92494897491553
            ],
            [
              -80.4125590534287,
              43.924946255794566
            ],
            [
              -80.4125521824051,
              43.92494309190249
            ],
            [
              -80.41254571935006,
              43.92493950712005
            ],
            [
              -80.41253971183487,
              43.92493552875544
            ],
            [
              -80.41253420837177,
              43.92493118776174
            ],
            [
              -80.41252924746249,
              43.92492651555477
            ],
            [
              -80.41252487088289,
              43.924921549099196
            ],
            [
              -80.41252110915657,
              43.92491632576801
            ],
            [
              -80.4125179913391,
              43.92491088557275
            ],
            [
              -80.41251554136818,
              43.924905270102755
            ],
            [
              -80.41251377697178,
              43.92489952067546
            ],
            [
              -80.41251271433485,
              43.92489368214448
            ],
            [
              -80.41251235846505,
              43.924887798874146
            ],
            [
              -80.41251271429498,
              43.92488191612642
            ],
            [
              -80.41251377689683,
              43.92487607783069
            ],
            [
              -80.41251554126755,
              43.92487032881386
            ],
            [
              -80.41251799122686,
              43.924864713413704
            ],
            [
              -80.4125211084115,
              43.92485927226869
            ],
            [
              -80.4125248705067,
              43.92485404854697
            ],
            [
              -80.41252924789669,
              43.92484908329537
            ],
            [
              -80.41253420776633,
              43.92484441111418
            ],
            [
              -80.41253864138707,
              43.92484085736266
            ],
            [
              -80.41254341060433,
              43.924837538125715
            ],
            [
              -80.41280334138405,
              43.924669121154835
            ],
            [
              -80.41301831911186,
              43.92429246615292
            ],
            [
              -80.41109193831764,
              43.921922049011755
            ],
            [
              -80.41065623638497,
              43.92183675321757
            ],
            [
              -80.41064871045745,
              43.921835029007156
            ],
            [
              -80.41064118274926,
              43.92183277587944
            ],
            [
              -80.41063395710322,
              43.921830056691434
            ],
            [
              -80.41062708533946,
              43.92182689263187
            ],
            [
              -80.41062062153584,
              43.92182330769119
            ],
            [
              -80.41061461566852,
              43.92181933018466
            ],
            [
              -80.41060911150419,
              43.92181498815581
            ],
            [
              -80.4106041522828,
              43.92181031593139
            ],
            [
              -80.41059977480938,
              43.921805350259106
            ],
            [
              -80.41059601348024,
              43.92180012688037
            ],
            [
              -80.41059289486454,
              43.92179468569822
            ],
            [
              -80.4105904452301,
              43.92178907020633
            ],
            [
              -80.4105886823777,
              43.921783320824595
            ],
            [
              -80.4105876186891,
              43.92177748314132
            ],
            [
              -80.41058726304624,
              43.92177159988864
            ],
            [
              -80.41058782073655,
              43.92176423318306
            ],
            [
              -80.41063535751952,
              43.92145128217745
            ],
            [
              -80.410380081384,
              43.92131080704658
            ],
            [
              -80.41037662318084,
              43.92130880780644
            ],
            [
              -80.41037061614573,
              43.92130483023427
            ],
            [
              -80.41036511205228,
              43.92130048819553
            ],
            [
              -80.41036015289832,
              43.92129581596275
            ],
            [
              -80.410355775488,
              43.921290850283675
            ],
            [
              -80.41035201421751,
              43.921285626899724
            ],
            [
              -80.4103488956552,
              43.92128018571401
            ],
            [
              -80.41034644606886,
              43.92127457022018
            ],
            [
              -80.4103446832586,
              43.921268820838286
            ],
            [
              -80.41034361960597,
              43.921262983156495
            ],
            [
              -80.41034326399262,
              43.92125709990698
            ],
            [
              -80.41034357138155,
              43.92125163399053
            ],
            [
              -80.41037087087443,
              43.92100873423183
            ],
            [
              -80.41037198352079,
              43.921002479246226
            ],
            [
              -80.41037374682492,
              43.920996729342775
            ],
            [
              -80.41037619690577,
              43.92099111312364
            ],
            [
              -80.41037931400747,
              43.92098567296761
            ],
            [
              -80.41038307596568,
              43.92098045024696
            ],
            [
              -80.41038745339083,
              43.92097548331481
            ],
            [
              -80.41039241301729,
              43.92097081215633
            ],
            [
              -80.410397917139,
              43.920966470255735
            ],
            [
              -80.41040392300717,
              43.920962491777416
            ],
            [
              -80.41041038569048,
              43.92095890718639
            ],
            [
              -80.41041725683304,
              43.92095574319409
            ],
            [
              -80.41042448457924,
              43.92095302365594
            ],
            [
              -80.41043200977303,
              43.92095077030575
            ],
            [
              -80.41043977867713,
              43.92094899970917
            ],
            [
              -80.4104477315708,
              43.920947725467094
            ],
            [
              -80.41105883242126,
              43.920869825594416
            ],
            [
              -80.41106691118202,
              43.920869056827065
            ],
            [
              -80.4110750505076,
              43.920868799729035
            ],
            [
              -80.41108318909684,
              43.92086905702135
            ],
            [
              -80.41109126617505,
              43.92086982514174
            ],
            [
              -80.41109921980095,
              43.920871099575976
            ],
            [
              -80.41110698848489,
              43.920872870424084
            ],
            [
              -80.4111096309479,
              43.92087359786038
            ],
            [
              -80.41239294907993,
              43.921243381081744
            ],
            [
              -80.41435246354263,
              43.921111091934115
            ],
            [
              -80.41436115046255,
              43.92111079998295
            ],
            [
              -80.41436928910315,
              43.92111105702043
            ],
            [
              -80.41437736626304,
              43.92111182488811
            ],
            [
              -80.41438531992526,
              43.92111309997127
            ],
            [
              -80.41439308874963,
              43.921114870576616
            ],
            [
              -80.41439994586074,
              43.92111690129055
            ],
            [
              -80.41440655761238,
              43.92111931676882
            ],
            [
              -80.41688366595046,
              43.92211562187129
            ],
            [
              -80.41750589139755,
              43.92216052280213
            ],
            [
              -80.418794240713,
              43.921605592086735
            ],
            [
              -80.41870872203474,
              43.920538602725124
            ],
            [
              -80.41870856636517,
              43.920534698580916
            ],
            [
              -80.41870892150189,
              43.92052881584592
            ],
            [
              -80.41870998460122,
              43.92052297757518
            ],
            [
              -80.41871174810699,
              43.92051722938477
            ],
            [
              -80.41871419855397,
              43.92051161302884
            ],
            [
              -80.41871843178413,
              43.92050450162251
            ],
            [
              -80.419451132857,
              43.919445702894436
            ],
            [
              -80.41945377829809,
              43.91944214912971
            ],
            [
              -80.41945870103211,
              43.9194366264225
            ],
            [
              -80.42038960166774,
              43.91849602597869
            ],
            [
              -80.42039401639138,
              43.91849191077977
            ],
            [
              -80.42039951932182,
              43.918487570164
            ],
            [
              -80.42040552660104,
              43.918483592132326
            ],
            [
              -80.4204119895798,
              43.918480006991274
            ],
            [
              -80.42041885851745,
              43.9184768431977
            ],
            [
              -80.42042608536552,
              43.91847412387709
            ],
            [
              -80.42043361229148,
              43.918471869925476
            ],
            [
              -80.4204418655125,
              43.91847000717621
            ],
            [
              -80.42266306458083,
              43.918049006785175
            ],
            [
              -80.42267053536095,
              43.91804782500763
            ],
            [
              -80.42267861215102,
              43.91804705709008
            ],
            [
              -80.4226867496863,
              43.91804679993558
            ],
            [
              -80.42269361541472,
              43.91804698182267
            ],
            [
              -80.4234228507662,
              43.91808584060434
            ],
            [
              -80.42536573408266,
              43.91764934085463
            ],
            [
              -80.42537144021655,
              43.91764820077158
            ],
            [
              -80.42537723526976,
              43.917647324029936
            ],
            [
              -80.4253853119629,
              43.91764655590441
            ],
            [
              -80.42539344942604,
              43.91764629854012
            ],
            [
              -80.42540158877064,
              43.917646555672526
            ],
            [
              -80.42540966549953,
              43.917647323584994
            ],
            [
              -80.42541761884073,
              43.91764859872364
            ],
            [
              -80.42542538738037,
              43.91765037029928
            ],
            [
              -80.42543291504676,
              43.91765262325144
            ],
            [
              -80.4254401395593,
              43.91765534224871
            ],
            [
              -80.42544701157999,
              43.91765850621827
            ],
            [
              -80.42545347454518,
              43.91766209106927
            ],
            [
              -80.42545510253095,
              43.917663101780626
            ],
            [
              -80.42564080257404,
              43.91778110226698
            ],
            [
              -80.42564593505031,
              43.91778462091686
            ],
            [
              -80.42565068341305,
              43.91778841108736
            ],
            [
              -80.4256556435529,
              43.917793082575756
            ],
            [
              -80.42566001943604,
              43.91779804928034
            ],
            [
              -80.42566378192582,
              43.917803272091454
            ],
            [
              -80.42566689932674,
              43.91780871268849
            ],
            [
              -80.42566934901082,
              43.917814328642265
            ],
            [
              -80.42567111207536,
              43.91782007768618
            ],
            [
              -80.42567217473474,
              43.91782591597521
            ],
            [
              -80.42567253072919,
              43.9178317990919
            ],
            [
              -80.42567217511541,
              43.91783768177532
            ],
            [
              -80.42567111156781,
              43.9178435200417
            ],
            [
              -80.4256693488029,
              43.917849269226416
            ],
            [
              -80.42566689918746,
              43.91785488572507
            ],
            [
              -80.42566378253912,
              43.91786032625851
            ],
            [
              -80.42566001976728,
              43.91786554939706
            ],
            [
              -80.42565564280757,
              43.91787051599412
            ],
            [
              -80.42565068359545,
              43.91787518690311
            ],
            [
              -80.42564517982548,
              43.917879528634195
            ],
            [
              -80.42563917423446,
              43.91788350701691
            ],
            [
              -80.4256327104261,
              43.91788709242293
            ],
            [
              -80.42562584069647,
              43.917890255603524
            ],
            [
              -80.42561891560175,
              43.91789287312272
            ],
            [
              -80.42443883884468,
              43.91829433234092
            ],
            [
              -80.42421355274018,
              43.91849707056086
            ],
            [
              -80.42421228405432,
              43.91849818813872
            ],
            [
              -80.42420678010788,
              43.918502529797955
            ],
            [
              -80.42420077434423,
              43.918506508101565
            ],
            [
              -80.42419431036834,
              43.9185100934219
            ],
            [
              -80.4241874404026,
              43.91851325740857
            ],
            [
              -80.424180213811,
              43.91851597609079
            ],
            [
              -80.42417268842497,
              43.918518228570306
            ],
            [
              -80.42416544235704,
              43.91851989774865
            ],
            [
              -80.42415803308413,
              43.91852113367218
            ],
            [
              -80.4236306854633,
              43.91859292387465
            ],
            [
              -80.4235721790396,
              43.918680660130924
            ],
            [
              -80.425712886715,
              43.91974844256858
            ],
            [
              -80.42571987624976,
              43.91975229182939
            ],
            [
              -80.42572588159477,
              43.919756270201425
            ],
            [
              -80.42573138550779,
              43.91976061137118
            ],
            [
              -80.42573634459113,
              43.91976528281369
            ],
            [
              -80.42574072188093,
              43.919770249582044
            ],
            [
              -80.42574448443868,
              43.91977547330143
            ],
            [
              -80.42574760203476,
              43.91978091301261
            ],
            [
              -80.42574947961351,
              43.91978505354565
            ],
            [
              -80.42593198021505,
              43.92023615400077
            ],
            [
              -80.42593431442961,
              43.920243377540125
            ],
            [
              -80.42593537957275,
              43.9202492168512
            ],
            [
              -80.42593573436932,
              43.92025509993154
            ],
            [
              -80.42593537876805,
              43.92026098263464
            ],
            [
              -80.42593431520147,
              43.920266820922336
            ],
            [
              -80.42593298684407,
              43.92027135305183
            ],
            [
              -80.42578577744555,
              43.92070025568547
            ],
            [
              -80.42635721449177,
              43.9208703863231
            ],
            [
              -80.42636286974749,
              43.92087223134915
            ],
            [
              -80.42636834193435,
              43.920874343161174
            ],
            [
              -80.42637521317037,
              43.920877507029154
            ],
            [
              -80.42638167665076,
              43.92088109094057
            ],
            [
              -80.42638746938935,
              43.92088491584925
            ],
            [
              -80.42639279646953,
              43.92088907809383
            ],
            [
              -80.42776585663202,
              43.92205640369728
            ],
            [
              -80.42807902665562,
              43.922087249815185
            ],
            [
              -80.4286245555029,
              43.92179994494935
            ],
            [
              -80.42863285700064,
              43.92179604309437
            ],
            [
              -80.42864008256201,
              43.921793324039555
            ],
            [
              -80.4286476095309,
              43.92179107038644
            ],
            [
              -80.42865450850059,
              43.92178947132332
            ],
            [
              -80.42866155670607,
              43.92178826435698
            ],
            [
              -80.42933515585652,
              43.92169266413972
            ],
            [
              -80.42933693320269,
              43.92169242544182
            ],
            [
              -80.42934501051128,
              43.92169165610974
            ],
            [
              -80.42935314972317,
              43.92169139938874
            ],
            [
              -80.42936128844515,
              43.92169165616116
            ],
            [
              -80.42936936575057,
              43.92169242467053
            ],
            [
              -80.42937731984563,
              43.92169369861814
            ],
            [
              -80.42938509032841,
              43.921695469964185
            ],
            [
              -80.42939261732134,
              43.92169772438536
            ],
            [
              -80.42939984256333,
              43.92170044312444
            ],
            [
              -80.42940671407776,
              43.92170360679733
            ],
            [
              -80.42941317653701,
              43.92170719136937
            ],
            [
              -80.42941918360602,
              43.92171116959437
            ],
            [
              -80.4294246880079,
              43.92171551058159
            ],
            [
              -80.42942675957397,
              43.92171736129846
            ],
            [
              -80.42963937308603,
              43.921914205036195
            ],
            [
              -80.43040040363368,
              43.92201265485295
            ],
            [
              -80.43040823624452,
              43.92201392162077
            ],
            [
              -80.43041589156736,
              43.92201566984817
            ],
            [
              -80.43042341740474,
              43.92201792414223
            ],
            [
              -80.43043064398196,
              43.9220206428656
            ],
            [
              -80.4304375155212,
              43.92202380736997
            ],
            [
              -80.43044397816044,
              43.922027390982386
            ],
            [
              -80.43044776180717,
              43.922029815432836
            ],
            [
              -80.43123986158967,
              43.92256561510849
            ],
            [
              -80.4312475884815,
              43.922571510549965
            ],
            [
              -80.43125254945612,
              43.92257618270082
            ],
            [
              -80.43125692622829,
              43.92258114920327
            ],
            [
              -80.43126068826282,
              43.922586372690034
            ],
            [
              -80.43126380649127,
              43.92259181315503
            ],
            [
              -80.43126625572059,
              43.92259742895939
            ],
            [
              -80.43126801952597,
              43.92260317794548
            ],
            [
              -80.43126908155737,
              43.92260901705807
            ],
            [
              -80.43126943818358,
              43.922614900192784
            ],
            [
              -80.4312690818975,
              43.922620782878134
            ],
            [
              -80.4312680188532,
              43.922626621237995
            ],
            [
              -80.4312662565964,
              43.92263236965533
            ],
            [
              -80.43126369877957,
              43.92263819690327
            ],
            [
              -80.43111129180616,
              43.922934706711054
            ],
            [
              -80.43110825709932,
              43.922939930282524
            ],
            [
              -80.43110462737374,
              43.922944950434506
            ],
            [
              -80.43110024933476,
              43.922949916340144
            ],
            [
              -80.43109529005214,
              43.92295458843535
            ],
            [
              -80.43108978635325,
              43.92295892868586
            ],
            [
              -80.43108377928408,
              43.922962908250334
            ],
            [
              -80.43107731538271,
              43.9229664922205
            ],
            [
              -80.43107044408877,
              43.92296965572462
            ],
            [
              -80.43106096096382,
              43.922973109864365
            ],
            [
              -80.43029886140347,
              43.92321241040697
            ],
            [
              -80.4302935906149,
              43.923213929231636
            ],
            [
              -80.43028582086436,
              43.92321570035172
            ],
            [
              -80.43027786701097,
              43.92321697425182
            ],
            [
              -80.43027165016731,
              43.923217612178796
            ],
            [
              -80.43026538763408,
              43.923217946309784
            ],
            [
              -80.42931344891619,
              43.923245503089184
            ],
            [
              -80.42931689544749,
              43.923290396007694
            ],
            [
              -80.42978996188036,
              43.923548544031355
            ],
            [
              -80.43239038700204,
              43.9235356676656
            ],
            [
              -80.43306628939581,
              43.92312267094791
            ],
            [
              -80.43307288448995,
              43.923119006990696
            ],
            [
              -80.43307975568705,
              43.923115843354815
            ],
            [
              -80.43308698244364,
              43.923113124043134
            ],
            [
              -80.43309450941092,
              43.92311087006708
            ],
            [
              -80.43310228029779,
              43.9231090987934
            ],
            [
              -80.43311023406987,
              43.92310782467935
            ],
            [
              -80.43311831145928,
              43.923107055953
            ],
            [
              -80.43312644962171,
              43.92310679888471
            ],
            [
              -80.43313050636772,
              43.92310686305652
            ],
            [
              -80.4345078794442,
              43.92315012565265
            ],
            [
              -80.43507093211346,
              43.9228861684307
            ],
            [
              -80.4350750554339,
              43.922884342633765
            ],
            [
              -80.43508228198615,
              43.922881624083146
            ],
            [
              -80.43508980883968,
              43.92287936996467
            ],
            [
              -80.43509790384431,
              43.922877536990576
            ],
            [
              -80.43598530360829,
              43.922708141794935
            ],
            [
              -80.43671569077372,
              43.922196685842664
            ],
            [
              -80.43653878602149,
              43.92180999212927
            ],
            [
              -80.43653689746283,
              43.92180529998835
            ],
            [
              -80.43653548351448,
              43.92180052130798
            ],
            [
              -80.43653441837911,
              43.921794683044396
            ],
            [
              -80.436534063677,
              43.921788800042066
            ],
            [
              -80.43653433321826,
              43.921783682059775
            ],
            [
              -80.43659991276203,
              43.921160294239264
            ],
            [
              -80.43640847750387,
              43.920989982560464
            ],
            [
              -80.4355435894276,
              43.9208372708236
            ],
            [
              -80.435533809513,
              43.9208351286319
            ],
            [
              -80.43552628362795,
              43.92083287470792
            ],
            [
              -80.43551905695452,
              43.92083015633976
            ],
            [
              -80.43551218651355,
              43.92082699222728
            ],
            [
              -80.43550572259231,
              43.92082340708334
            ],
            [
              -80.43549971642068,
              43.920819429265535
            ],
            [
              -80.43549421301925,
              43.92081508686102
            ],
            [
              -80.43549050760122,
              43.92081167772395
            ],
            [
              -80.43548711132198,
              43.920808103674
            ],
            [
              -80.43532691152171,
              43.9206273036043
            ],
            [
              -80.4353246775269,
              43.92062464864296
            ],
            [
              -80.43532091516491,
              43.92061942621307
            ],
            [
              -80.43531779664602,
              43.92061398588274
            ],
            [
              -80.4353153471651,
              43.92060836929
            ],
            [
              -80.43531358424131,
              43.920602620441194
            ],
            [
              -80.43531252050116,
              43.92059678222853
            ],
            [
              -80.43531216469614,
              43.92059089917727
            ],
            [
              -80.43531252060991,
              43.920585015596295
            ],
            [
              -80.43531358435087,
              43.920579178162875
            ],
            [
              -80.43531534743397,
              43.92057342884959
            ],
            [
              -80.43531779734934,
              43.92056781305731
            ],
            [
              -80.43532091443524,
              43.92056237227179
            ],
            [
              -80.43532467647165,
              43.92055714876823
            ],
            [
              -80.43532905393681,
              43.92055218270199
            ],
            [
              -80.43533401256641,
              43.92054751131908
            ],
            [
              -80.43533821564533,
              43.9205441286434
            ],
            [
              -80.4353427224335,
              43.92054096009709
            ],
            [
              -80.43614492149119,
              43.920013660301784
            ],
            [
              -80.4361477236707,
              43.92001189135701
            ],
            [
              -80.43615418696699,
              43.920008306190795
            ],
            [
              -80.43616105759625,
              43.920005142366044
            ],
            [
              -80.43616828378998,
              43.92000242285333
            ],
            [
              -80.43617581137049,
              43.9200001696172
            ],
            [
              -80.43618358040004,
              43.919998398966065
            ],
            [
              -80.43619153372407,
              43.91999712372604
            ],
            [
              -80.43619961053699,
              43.91999635566329
            ],
            [
              -80.4362077493902,
              43.919996099308776
            ],
            [
              -80.43621402451477,
              43.919996251875006
            ],
            [
              -80.43659525596681,
              43.92001480813296
            ],
            [
              -80.43723279792849,
              43.919732727569055
            ],
            [
              -80.43723485843186,
              43.919731841615224
            ],
            [
              -80.43724208446142,
              43.919729122927116
            ],
            [
              -80.43724961196024,
              43.91972686961473
            ],
            [
              -80.43725738091648,
              43.91972509888476
            ],
            [
              -80.43726533526802,
              43.91972382541316
            ],
            [
              -80.43727341210044,
              43.919723056370344
            ],
            [
              -80.4372815497411,
              43.919722798980935
            ],
            [
              -80.43728968937488,
              43.919723056089374
            ],
            [
              -80.43729776642652,
              43.91972382488407
            ],
            [
              -80.43730572034542,
              43.91972509912495
            ],
            [
              -80.43731348956337,
              43.919726869825126
            ],
            [
              -80.43732101544494,
              43.919729122719964
            ],
            [
              -80.43732824198777,
              43.91973184185771
            ],
            [
              -80.43733511239631,
              43.91973500584671
            ],
            [
              -80.43734157630885,
              43.919738590872804
            ],
            [
              -80.43734809943236,
              43.91974294604006
            ],
            [
              -80.437731599897,
              43.92002454605453
            ],
            [
              -80.43773658645428,
              43.92002851087843
            ],
            [
              -80.43774154651003,
              43.920033182652716
            ],
            [
              -80.43774592242517,
              43.92003814881375
            ],
            [
              -80.4377496849034,
              43.920043372050365
            ],
            [
              -80.4377528023145,
              43.920048813147865
            ],
            [
              -80.43775525209504,
              43.920054428781896
            ],
            [
              -80.43775701525726,
              43.92006017758555
            ],
            [
              -80.43775807924726,
              43.92006601576932
            ],
            [
              -80.43775843406958,
              43.92007189875412
            ],
            [
              -80.43775807842167,
              43.92007778233941
            ],
            [
              -80.43775701487594,
              43.92008362069141
            ],
            [
              -80.43775561249909,
              43.92008836501837
            ],
            [
              -80.43747831641213,
              43.92088521488156
            ],
            [
              -80.43767319580768,
              43.92191980494987
            ],
            [
              -80.43976855847413,
              43.923374655803975
            ],
            [
              -80.44125262672397,
              43.92392457405614
            ],
            [
              -80.44195893667388,
              43.924101535955145
            ],
            [
              -80.44256110818102,
              43.924045899390684
            ],
            [
              -80.44288813401894,
              43.92386910212707
            ],
            [
              -80.44347127614364,
              43.9230926962604
            ],
            [
              -80.44347247299966,
              43.923091150109464
            ],
            [
              -80.44347685117094,
              43.92308618374072
            ],
            [
              -80.44348181057734,
              43.923081512011194
            ],
            [
              -80.4434873146239,
              43.92307717026638
            ],
            [
              -80.4434933206555,
              43.92307319178655
            ],
            [
              -80.44349978499952,
              43.92306960710501
            ],
            [
              -80.44350665558856,
              43.923066442786535
            ],
            [
              -80.44351388298857,
              43.92306372370855
            ],
            [
              -80.44352140937082,
              43.92306147077998
            ],
            [
              -80.44352491279378,
              43.92306060509164
            ],
            [
              -80.44619631164466,
              43.922443304709006
            ],
            [
              -80.4462023711855,
              43.92244206622811
            ],
            [
              -80.44620853437755,
              43.92244112504107
            ],
            [
              -80.44621537298161,
              43.922440440227575
            ],
            [
              -80.44622226323904,
              43.92244012342072
            ],
            [
              -80.4465960618644,
              43.92243292336686
            ],
            [
              -80.44659855044623,
              43.92243289906354
            ],
            [
              -80.4466066904514,
              43.92243315634774
            ],
            [
              -80.44661476671642,
              43.92243392527155
            ],
            [
              -80.44662272124508,
              43.92243519881068
            ],
            [
              -80.44663049107349,
              43.922436969724885
            ],
            [
              -80.44663801763535,
              43.92243922285711
            ],
            [
              -80.4466452436809,
              43.922441942206454
            ],
            [
              -80.44665211496695,
              43.92244510559664
            ],
            [
              -80.44665857849178,
              43.92244869090519
            ],
            [
              -80.44666458557697,
              43.92245266899033
            ],
            [
              -80.44667008878571,
              43.92245701076429
            ],
            [
              -80.44667554978753,
              43.922462204750445
            ],
            [
              -80.44733368138294,
              43.92315535202778
            ],
            [
              -80.44756164931512,
              43.92319454500272
            ],
            [
              -80.44775132938602,
              43.92300679258841
            ],
            [
              -80.44775521062664,
              43.92300321076643
            ],
            [
              -80.44776071432675,
              43.922998868797904
            ],
            [
              -80.44776672120702,
              43.92299489102548
            ],
            [
              -80.44777318526234,
              43.92299130608102
            ],
            [
              -80.44778005552013,
              43.92298814238071
            ],
            [
              -80.44778728145586,
              43.92298542295471
            ],
            [
              -80.44779480889366,
              43.922983169773765
            ],
            [
              -80.44780257913798,
              43.92298139920694
            ],
            [
              -80.44781053247507,
              43.922980124876446
            ],
            [
              -80.44782187767406,
              43.92297919067046
            ],
            [
              -80.44824557664245,
              43.92296319096307
            ],
            [
              -80.44825045025648,
              43.922963099040224
            ],
            [
              -80.4482585891063,
              43.92296335614251
            ],
            [
              -80.44826666547259,
              43.92296412493972
            ],
            [
              -80.44827462004194,
              43.92296539925212
            ],
            [
              -80.44828238999887,
              43.92296717004524
            ],
            [
              -80.44828991670134,
              43.92296942306052
            ],
            [
              -80.44829714414077,
              43.922972142352
            ],
            [
              -80.4483040155885,
              43.9229753056362
            ],
            [
              -80.44831047928399,
              43.92297889084547
            ],
            [
              -80.44831648530523,
              43.92298286878486
            ],
            [
              -80.4483219886234,
              43.922987211372885
            ],
            [
              -80.44832694860706,
              43.92299188261098
            ],
            [
              -80.44833132564274,
              43.922996849247475
            ],
            [
              -80.44833604177785,
              43.92300359906311
            ],
            [
              -80.44853234291725,
              43.92332869917318
            ],
            [
              -80.44853450664523,
              43.92333261292872
            ],
            [
              -80.44853695760234,
              43.92333822923288
            ],
            [
              -80.44853872075896,
              43.92334397782623
            ],
            [
              -80.4485394612408,
              43.92334757481701
            ],
            [
              -80.44878291825124,
              43.924798877880555
            ],
            [
              -80.44903954153112,
              43.924954167664374
            ],
            [
              -80.44904558818314,
              43.924958169847415
            ],
            [
              -80.44905109175741,
              43.92496251240846
            ],
            [
              -80.44905605205656,
              43.924967182726604
            ],
            [
              -80.44906043048341,
              43.924972150297194
            ],
            [
              -80.44906419189456,
              43.92497737305408
            ],
            [
              -80.44906730946742,
              43.92498281379676
            ],
            [
              -80.44906825170978,
              43.924984779022374
            ],
            [
              -80.4498497534427,
              43.92669927761332
            ],
            [
              -80.44985162239738,
              43.92670393620459
            ],
            [
              -80.44985302447134,
              43.92670867812905
            ],
            [
              -80.44985408856215,
              43.926714517084925
            ],
            [
              -80.44985444348376,
              43.9267204000263
            ],
            [
              -80.44985433981635,
              43.92672358199295
            ],
            [
              -80.44981197476349,
              43.9273723120672
            ],
            [
              -80.45001035653588,
              43.927663807022405
            ],
            [
              -80.45001431280991,
              43.927670512978935
            ],
            [
              -80.45001676287059,
              43.92767612922669
            ],
            [
              -80.45001852632204,
              43.92768187782797
            ],
            [
              -80.45001959044937,
              43.92768771678962
            ],
            [
              -80.45001994539506,
              43.927693599737985
            ],
            [
              -80.45001932489315,
              43.92770136555523
            ],
            [
              -80.44994190354504,
              43.92818444820996
            ],
            [
              -80.45011387106378,
              43.92871359369951
            ],
            [
              -80.45059244287037,
              43.929064073139365
            ],
            [
              -80.45180520042254,
              43.92917523625721
            ],
            [
              -80.45180966858955,
              43.92917572474587
            ],
            [
              -80.45181762290068,
              43.929176998746215
            ],
            [
              -80.45182539377805,
              43.929178770189075
            ],
            [
              -80.45183438053326,
              43.92918152592137
            ],
            [
              -80.45274087934642,
              43.929500926225785
            ],
            [
              -80.45274664872247,
              43.9295031431914
            ],
            [
              -80.45275352117122,
              43.92950630710906
            ],
            [
              -80.45275998476042,
              43.92950989112345
            ],
            [
              -80.4527659917457,
              43.929513869740006
            ],
            [
              -80.45277149738882,
              43.92951821128821
            ],
            [
              -80.45277645702608,
              43.92952288319987
            ],
            [
              -80.45278083506108,
              43.92952784879577
            ],
            [
              -80.45278459699027,
              43.92953307324587
            ],
            [
              -80.45278771650823,
              43.929538513066845
            ],
            [
              -80.45279016569458,
              43.929544129209724
            ],
            [
              -80.45279192949693,
              43.929549877778555
            ],
            [
              -80.45279288550832,
              43.92955489130446
            ],
            [
              -80.45279331996954,
              43.929559940761116
            ],
            [
              -80.45280203281419,
              43.92981616538434
            ],
            [
              -80.45330010424549,
              43.93009622404883
            ],
            [
              -80.45330278636334,
              43.930097790842964
            ],
            [
              -80.4533087933779,
              43.93010177032918
            ],
            [
              -80.45331429919764,
              43.93010611095456
            ],
            [
              -80.45331906147352,
              43.930110578783754
            ],
            [
              -80.45332329003955,
              43.930115318954805
            ],
            [
              -80.45370518984554,
              43.9305853190375
            ],
            [
              -80.4537055368029,
              43.930585749400656
            ],
            [
              -80.45370930028406,
              43.930590972083415
            ],
            [
              -80.45371241863744,
              43.93059641272829
            ],
            [
              -80.45371486796573,
              43.930602028857386
            ],
            [
              -80.45371663182465,
              43.930607778316315
            ],
            [
              -80.45371786650317,
              43.930615261571646
            ],
            [
              -80.4538644686013,
              43.93229966323024
            ],
            [
              -80.45386465278642,
              43.932303900039976
            ],
            [
              -80.45386429762058,
              43.932309782822855
            ],
            [
              -80.45386323431113,
              43.932315621378095
            ],
            [
              -80.4538614703864,
              43.93232137008632
            ],
            [
              -80.45385901936159,
              43.93232698629057
            ],
            [
              -80.45385586228099,
              43.932332488087454
            ],
            [
              -80.4534335695162,
              43.93298523983828
            ],
            [
              -80.4533799861531,
              43.93356080555771
            ],
            [
              -80.45384824169044,
              43.9367625049225
            ],
            [
              -80.45384875961223,
              43.936769598584405
            ],
            [
              -80.45384874097189,
              43.93677093381743
            ],
            [
              -80.45379287874628,
              43.9388113212745
            ],
            [
              -80.45451684419497,
              43.940298215914716
            ],
            [
              -80.45507745101602,
              43.94087856508497
            ],
            [
              -80.45508175085614,
              43.940883449742294
            ],
            [
              -80.45508551385889,
              43.94088867329016
            ],
            [
              -80.45508863300934,
              43.940894113069994
            ],
            [
              -80.45508966735082,
              43.94089628135511
            ],
            [
              -80.45529024369402,
              43.94134091060523
            ],
            [
              -80.45578172688359,
              43.941691996883314
            ],
            [
              -80.45578761286058,
              43.94169661062402
            ],
            [
              -80.45579257378267,
              43.941701283365504
            ],
            [
              -80.45579695306398,
              43.941706248914976
            ],
            [
              -80.45579957588888,
              43.94170976894472
            ],
            [
              -80.45614397615526,
              43.942206569178694
            ],
            [
              -80.45614823449267,
              43.94221371327577
            ],
            [
              -80.4561506859068,
              43.942219328589864
            ],
            [
              -80.45615245039525,
              43.94222507809557
            ],
            [
              -80.45615374944187,
              43.94223340024445
            ],
            [
              -80.45617183122394,
              43.94249243869314
            ],
            [
              -80.45629387583986,
              43.9425040798524
            ],
            [
              -80.45629787241035,
              43.942504525146944
            ],
            [
              -80.45630582876062,
              43.94250579882931
            ],
            [
              -80.45631360043087,
              43.942507569917
            ],
            [
              -80.45632113124098,
              43.94250982426317
            ],
            [
              -80.45632836041375,
              43.942512543017365
            ],
            [
              -80.4563352334586,
              43.94251570670065
            ],
            [
              -80.4563416988166,
              43.94251929055566
            ],
            [
              -80.45634770741353,
              43.94252326993283
            ],
            [
              -80.45635321340515,
              43.94252761131338
            ],
            [
              -80.45635817452525,
              43.94253228313558
            ],
            [
              -80.45636255268182,
              43.942537248613036
            ],
            [
              -80.45636631708803,
              43.94254247307782
            ],
            [
              -80.45636943521745,
              43.942547912777535
            ],
            [
              -80.45637188659468,
              43.942553528986615
            ],
            [
              -80.45637364987469,
              43.942559278437244
            ],
            [
              -80.45637471387485,
              43.94256511559932
            ],
            [
              -80.45637506756664,
              43.94257121837501
            ],
            [
              -80.45637216801174,
              43.942895536450415
            ],
            [
              -80.45637178759759,
              43.942901200200374
            ],
            [
              -80.45637075115553,
              43.94290682110283
            ],
            [
              -80.45636898715286,
              43.942912569933135
            ],
            [
              -80.4563665359113,
              43.942918186274014
            ],
            [
              -80.45636341730773,
              43.94292362594138
            ],
            [
              -80.45635965457359,
              43.94292884940115
            ],
            [
              -80.45635527474217,
              43.94293381638303
            ],
            [
              -80.4563503135434,
              43.94293848699367
            ],
            [
              -80.45634966540497,
              43.94293903998951
            ],
            [
              -80.45612932999254,
              43.94312468587139
            ],
            [
              -80.45627933282537,
              43.943234478553755
            ],
            [
              -80.45628441437732,
              43.94323851144999
            ],
            [
              -80.45628937555591,
              43.943243183279776
            ],
            [
              -80.45629375376315,
              43.94324814876476
            ],
            [
              -80.45629751828614,
              43.94325337233919
            ],
            [
              -80.45630063637459,
              43.94325881294369
            ],
            [
              -80.45630308653423,
              43.94326442910578
            ],
            [
              -80.45630485114677,
              43.943270177719086
            ],
            [
              -80.45630591507887,
              43.94327601578499
            ],
            [
              -80.45630626955803,
              43.94328189877866
            ],
            [
              -80.45630566268969,
              43.94328958427002
            ],
            [
              -80.45625286245654,
              43.94362248506396
            ],
            [
              -80.45625205232128,
              43.943626521167836
            ],
            [
              -80.45625028828306,
              43.94363227000158
            ],
            [
              -80.45624783699716,
              43.94363788634497
            ],
            [
              -80.45624471826632,
              43.943643326911605
            ],
            [
              -80.45624095547144,
              43.943648550372046
            ],
            [
              -80.45623687031211,
              43.94365321120576
            ],
            [
              -80.4562322715396,
              43.94365761554157
            ],
            [
              -80.45603965710589,
              43.94382723669895
            ],
            [
              -80.45603720761339,
              43.94410291755602
            ],
            [
              -80.45622317752431,
              43.944384320877
            ],
            [
              -80.45651778508629,
              43.94449252815889
            ],
            [
              -80.4565221614436,
              43.94449424306736
            ],
            [
              -80.4565290347482,
              43.944497406746144
            ],
            [
              -80.45653550144601,
              43.944500992447736
            ],
            [
              -80.45654150918102,
              43.94450496997492
            ],
            [
              -80.45654701531261,
              43.9445093122543
            ],
            [
              -80.45655197662863,
              43.94451398407945
            ],
            [
              -80.45655635620355,
              43.94451894961559
            ],
            [
              -80.45656011959646,
              43.94452417313545
            ],
            [
              -80.45656323778337,
              43.944529613741224
            ],
            [
              -80.45656568926911,
              43.944535229960366
            ],
            [
              -80.45656745263324,
              43.944540979422705
            ],
            [
              -80.45656851669243,
              43.94454681659798
            ],
            [
              -80.45656887245053,
              43.94455269965441
            ],
            [
              -80.45656851742102,
              43.9445585834387
            ],
            [
              -80.45656745299418,
              43.94456442116366
            ],
            [
              -80.45656568895876,
              43.94457017000976
            ],
            [
              -80.45656323766323,
              43.94457578636744
            ],
            [
              -80.45656011891032,
              43.944581226950184
            ],
            [
              -80.4565563560812,
              43.944586450428346
            ],
            [
              -80.4565519775265,
              43.94459141568771
            ],
            [
              -80.45654701604538,
              43.94459608811316
            ],
            [
              -80.45654106818137,
              43.944600746619514
            ],
            [
              -80.45639056826536,
              43.9447080471407
            ],
            [
              -80.45638500123016,
              43.94471170771791
            ],
            [
              -80.456378535176,
              43.944715293295175
            ],
            [
              -80.45637166152257,
              43.94471845669728
            ],
            [
              -80.456364431979,
              43.94472117584061
            ],
            [
              -80.45635690198189,
              43.944723428802995
            ],
            [
              -80.4563491301733,
              43.94472520010775
            ],
            [
              -80.45634117271067,
              43.944726474170345
            ],
            [
              -80.45633309260951,
              43.94472724291095
            ],
            [
              -80.45632495025183,
              43.94472749993731
            ],
            [
              -80.45631680813158,
              43.94472724345342
            ],
            [
              -80.45630872851915,
              43.944726474356216
            ],
            [
              -80.45630052276451,
              43.94472515203667
            ],
            [
              -80.45543511404811,
              43.944555761140336
            ],
            [
              -80.45495023842194,
              43.94469633798665
            ],
            [
              -80.45470903756564,
              43.945103846159235
            ],
            [
              -80.45483401691308,
              43.94609056927843
            ],
            [
              -80.4552157714132,
              43.94718004144527
            ],
            [
              -80.45652532361213,
              43.94832714860005
            ],
            [
              -80.45653000659807,
              43.94833161737883
            ],
            [
              -80.45653416150238,
              43.948336348863194
            ],
            [
              -80.4565379238384,
              43.948341573253835
            ],
            [
              -80.45654104355732,
              43.948347013043616
            ],
            [
              -80.45654349396915,
              43.94835262923754
            ],
            [
              -80.45654525752833,
              43.94835837783129
            ],
            [
              -80.45654632158477,
              43.9483642159337
            ],
            [
              -80.45654667860771,
              43.94837009907346
            ],
            [
              -80.45654615149691,
              43.94837725923685
            ],
            [
              -80.45647046733176,
              43.94888986772836
            ],
            [
              -80.45696625548722,
              43.94934802544175
            ],
            [
              -80.45697009845243,
              43.94935184427829
            ],
            [
              -80.45697356307488,
              43.949355849427185
            ],
            [
              -80.45697732567184,
              43.94936107201369
            ],
            [
              -80.45698044541791,
              43.94936651269541
            ],
            [
              -80.45698285829317,
              43.94937202635341
            ],
            [
              -80.45698460843377,
              43.94937766715346
            ],
            [
              -80.45711683532703,
              43.949909573747874
            ],
            [
              -80.45711792445343,
              43.94991551654416
            ],
            [
              -80.45711828154785,
              43.94992139969397
            ],
            [
              -80.45711792537459,
              43.94992728256998
            ],
            [
              -80.45711686082747,
              43.949933121239276
            ],
            [
              -80.45711509667686,
              43.94993887013504
            ],
            [
              -80.45711264651445,
              43.949944485701174
            ],
            [
              -80.45710952743596,
              43.94994992723617
            ],
            [
              -80.45710576436504,
              43.9499551498731
            ],
            [
              -80.45710138411411,
              43.94996011603413
            ],
            [
              -80.4570964222681,
              43.94996478762071
            ],
            [
              -80.45709091659909,
              43.94996913023265
            ],
            [
              -80.45708490627054,
              43.94997310772823
            ],
            [
              -80.45707843964125,
              43.94997669337333
            ],
            [
              -80.45707156661064,
              43.94997985689693
            ],
            [
              -80.45706433640757,
              43.94998257610718
            ],
            [
              -80.45705680571614,
              43.94998482913532
            ],
            [
              -80.45704903201592,
              43.94998659955256
            ],
            [
              -80.45704107373079,
              43.94998787457468
            ],
            [
              -80.45703299286365,
              43.949988643374475
            ],
            [
              -80.45702484980187,
              43.94998889955924
            ],
            [
              -80.45701670689637,
              43.949988643127845
            ],
            [
              -80.45700862642371,
              43.94998787497691
            ],
            [
              -80.45700094036825,
              43.949986651834394
            ],
            [
              -80.45583430116872,
              43.94976351499971
            ],
            [
              -80.45536333785377,
              43.949984585933244
            ],
            [
              -80.45539208647253,
              43.95041871837982
            ],
            [
              -80.45613885944186,
              43.95107129009952
            ],
            [
              -80.45614358038051,
              43.95107578487242
            ],
            [
              -80.45614776384035,
              43.95108055005212
            ],
            [
              -80.45615152771964,
              43.95108577273386
            ],
            [
              -80.45615464740737,
              43.95109121435008
            ],
            [
              -80.45615709797686,
              43.95109682967549
            ],
            [
              -80.45615886150921,
              43.9511025791941
            ],
            [
              -80.45615992557786,
              43.95110841732136
            ],
            [
              -80.45616028265172,
              43.951114299585896
            ],
            [
              -80.45615992629332,
              43.95112018336555
            ],
            [
              -80.45615886169546,
              43.95112602113654
            ],
            [
              -80.45615709740592,
              43.95113177002518
            ],
            [
              -80.45615464709206,
              43.95113738557773
            ],
            [
              -80.45615152785054,
              43.95114282709276
            ],
            [
              -80.45614776460626,
              43.951148049703484
            ],
            [
              -80.45614338541571,
              43.95115301588616
            ],
            [
              -80.45613842330545,
              43.951157688332444
            ],
            [
              -80.45613291634712,
              43.951162029051716
            ],
            [
              -80.45612690691168,
              43.95116600834786
            ],
            [
              -80.45612083213041,
              43.951169392907424
            ],
            [
              -80.45611439282204,
              43.95117240670655
            ],
            [
              -80.45569812648229,
              43.95135016926015
            ],
            [
              -80.45518072716506,
              43.95201613798677
            ],
            [
              -80.45518016549117,
              43.95201684969352
            ],
            [
              -80.45517578614339,
              43.95202181584147
            ],
            [
              -80.45517082387202,
              43.95202648824733
            ],
            [
              -80.45516370198226,
              43.95203196796399
            ],
            [
              -80.45446122189078,
              43.95251551468653
            ],
            [
              -80.4543183853101,
              43.95350748324615
            ],
            [
              -80.45431746671781,
              43.953512221022315
            ],
            [
              -80.4543157021583,
              43.95351796989796
            ],
            [
              -80.4543132514743,
              43.953523586322774
            ],
            [
              -80.45431013206317,
              43.95352902600469
            ],
            [
              -80.45430636840499,
              43.95353424946341
            ],
            [
              -80.45430198753958,
              43.95353921642859
            ],
            [
              -80.45429702644795,
              43.95354388706093
            ],
            [
              -80.45429497259065,
              43.95354559716509
            ],
            [
              -80.45343321946137,
              43.95423890302609
            ],
            [
              -80.4531546072233,
              43.95525481829034
            ],
            [
              -80.45315294644753,
              43.9552598563317
            ],
            [
              -80.45315075344367,
              43.95526478570609
            ],
            [
              -80.45314913553909,
              43.95526777689874
            ],
            [
              -80.4527691363902,
              43.95592317678826
            ],
            [
              -80.45276667244175,
              43.95592707366043
            ],
            [
              -80.45276387183233,
              43.95593084962343
            ],
            [
              -80.45275949195263,
              43.955935815695995
            ],
            [
              -80.45275452912067,
              43.955940488011564
            ],
            [
              -80.45274902141337,
              43.955944828580456
            ],
            [
              -80.45274301245021,
              43.95594880776168
            ],
            [
              -80.45273654490599,
              43.95595239226965
            ],
            [
              -80.45272966955768,
              43.955955556377496
            ],
            [
              -80.45272256657182,
              43.955958233121244
            ],
            [
              -80.45271517177484,
              43.95596045935876
            ],
            [
              -80.45233350955822,
              43.95606174694138
            ],
            [
              -80.4516787404804,
              43.956511278707076
            ],
            [
              -80.44990879473222,
              43.9585482838225
            ],
            [
              -80.44990519219562,
              43.95855213034897
            ],
            [
              -80.44990123256406,
              43.958555786599455
            ],
            [
              -80.44989572546129,
              43.958560128882795
            ],
            [
              -80.4498897148359,
              43.95856410696269
            ],
            [
              -80.44988799784896,
              43.958565121688046
            ],
            [
              -80.44916119797357,
              43.95898482388379
            ],
            [
              -80.44915553462519,
              43.95898784939617
            ],
            [
              -80.44914957215714,
              43.95899055741126
            ],
            [
              -80.44914234161439,
              43.958993276161856
            ],
            [
              -80.44913481060125,
              43.95899552870214
            ],
            [
              -80.44912703521699,
              43.95899730034894
            ],
            [
              -80.44911907668138,
              43.95899857483944
            ],
            [
              -80.44911517408818,
              43.95899900999906
            ],
            [
              -80.4479549725008,
              43.959110509842695
            ],
            [
              -80.44794882553546,
              43.95911095204077
            ],
            [
              -80.44794264940401,
              43.95911110016849
            ],
            [
              -80.44793450642798,
              43.95911084308349
            ],
            [
              -80.44792642349444,
              43.95911007417027
            ],
            [
              -80.44791846492745,
              43.95910879982501
            ],
            [
              -80.44791068985606,
              43.959107028920975
            ],
            [
              -80.44790430284935,
              43.95910515430226
            ],
            [
              -80.44789812340161,
              43.95910294363515
            ],
            [
              -80.44678042175599,
              43.95866534441316
            ],
            [
              -80.44677822813512,
              43.95866445724121
            ],
            [
              -80.44677135361628,
              43.95866129286528
            ],
            [
              -80.44676488449385,
              43.958657708237084
            ],
            [
              -80.44675887467402,
              43.95865373002269
            ],
            [
              -80.44675336782197,
              43.9586493880472
            ],
            [
              -80.44674840481869,
              43.958644715618505
            ],
            [
              -80.44674402500354,
              43.958639749581394
            ],
            [
              -80.44674026142754,
              43.9586345274085
            ],
            [
              -80.44673714092795,
              43.95862908630258
            ],
            [
              -80.44673468981917,
              43.95862346975032
            ],
            [
              -80.44673292447362,
              43.958617720806664
            ],
            [
              -80.44673186118906,
              43.9586118834242
            ],
            [
              -80.44673150759876,
              43.95860577594554
            ],
            [
              -80.44673630899919,
              43.95808335108559
            ],
            [
              -80.44673669006674,
              43.95807769264416
            ],
            [
              -80.44673772601868,
              43.95807207795513
            ],
            [
              -80.44673949152022,
              43.95806632917265
            ],
            [
              -80.44674194194114,
              43.95806071283738
            ],
            [
              -80.446743551253,
              43.958057740260315
            ],
            [
              -80.44703485148706,
              43.95755493988795
            ],
            [
              -80.44703732039149,
              43.95755103432699
            ],
            [
              -80.44704012602818,
              43.95754724879606
            ],
            [
              -80.44704450655513,
              43.95754228295162
            ],
            [
              -80.44704946877647,
              43.957537610842294
            ],
            [
              -80.44705497592744,
              43.95753326961176
            ],
            [
              -80.44706098547763,
              43.95752929074785
            ],
            [
              -80.4470688949578,
              43.957524991659874
            ],
            [
              -80.44784306660836,
              43.95714879982524
            ],
            [
              -80.44871836320864,
              43.956235691841755
            ],
            [
              -80.4488355048409,
              43.955963066985454
            ],
            [
              -80.4487960545086,
              43.955738092359155
            ],
            [
              -80.44769196113779,
              43.95521283397474
            ],
            [
              -80.44615229406934,
              43.95529093422396
            ],
            [
              -80.44614575025965,
              43.95529109959306
            ],
            [
              -80.44613760654246,
              43.95529084321368
            ],
            [
              -80.4461295254403,
              43.95529007421996
            ],
            [
              -80.44612156747014,
              43.95528879974485
            ],
            [
              -80.44611379175628,
              43.95528702866262
            ],
            [
              -80.44610626070315,
              43.95528477539567
            ],
            [
              -80.44609903159494,
              43.955282055945915
            ],
            [
              -80.44609215622238,
              43.9552788923832
            ],
            [
              -80.44608568878647,
              43.95527530778301
            ],
            [
              -80.44607967946168,
              43.955271328649644
            ],
            [
              -80.44607417161147,
              43.9552669883991
            ],
            [
              -80.44607113721558,
              43.95526423219912
            ],
            [
              -80.44591053783112,
              43.95511033228027
            ],
            [
              -80.44590423014269,
              43.9551034499884
            ],
            [
              -80.44590046579643,
              43.955098225960185
            ],
            [
              -80.44589734674962,
              43.95509278580611
            ],
            [
              -80.44589489581044,
              43.95508717015793
            ],
            [
              -80.44589313066696,
              43.955081421226716
            ],
            [
              -80.44589206761523,
              43.955075582965065
            ],
            [
              -80.44589171169274,
              43.95506969973745
            ],
            [
              -80.44589206786225,
              43.955063816806046
            ],
            [
              -80.44589313246274,
              43.95505797815753
            ],
            [
              -80.44589489547042,
              43.955052229303966
            ],
            [
              -80.44589734708569,
              43.955046613064496
            ],
            [
              -80.44590074502564,
              43.95504074512325
            ],
            [
              -80.44616624601076,
              43.95463684493374
            ],
            [
              -80.44616973043263,
              43.9546320501504
            ],
            [
              -80.44617411095481,
              43.95462708256588
            ],
            [
              -80.44617907283691,
              43.95462241231083
            ],
            [
              -80.44618709240777,
              43.954616321645496
            ],
            [
              -80.44743317551179,
              43.95378094439184
            ],
            [
              -80.44768012756059,
              43.953045290294995
            ],
            [
              -80.44767358545413,
              43.95242975274504
            ],
            [
              -80.44743943786476,
              43.95157220593227
            ],
            [
              -80.44650524892415,
              43.950862618082084
            ],
            [
              -80.44650137670202,
              43.9508594876669
            ],
            [
              -80.44649641559373,
              43.950854816225565
            ],
            [
              -80.44649203525626,
              43.95084984927688
            ],
            [
              -80.44648827231407,
              43.95084462625046
            ],
            [
              -80.44648515220848,
              43.95083918609016
            ],
            [
              -80.44648324449989,
              43.95083497159018
            ],
            [
              -80.44648172259465,
              43.9508306765455
            ],
            [
              -80.44617453392203,
              43.94982725416581
            ],
            [
              -80.44594091613597,
              43.949696807377926
            ],
            [
              -80.44593799360653,
              43.94969510832041
            ],
            [
              -80.44593198490452,
              43.94969112920765
            ],
            [
              -80.44592647770156,
              43.9496867880834
            ],
            [
              -80.44592151682319,
              43.94968211572437
            ],
            [
              -80.44591713655687,
              43.94967714965702
            ],
            [
              -80.44591337382474,
              43.9496719257203
            ],
            [
              -80.445910253843,
              43.94966648555128
            ],
            [
              -80.44590780314513,
              43.94966086994325
            ],
            [
              -80.44590603941768,
              43.949655121107064
            ],
            [
              -80.4459049752273,
              43.94964928283302
            ],
            [
              -80.44590462058122,
              43.94964339970122
            ],
            [
              -80.4459049754716,
              43.9496375167576
            ],
            [
              -80.44590603872264,
              43.94963167809638
            ],
            [
              -80.44590780403946,
              43.949625929391374
            ],
            [
              -80.4459102677414,
              43.94962028489748
            ],
            [
              -80.44603728282593,
              43.949368857114955
            ],
            [
              -80.44604039049096,
              43.949363446002536
            ],
            [
              -80.44604413742476,
              43.94935825004916
            ],
            [
              -80.44604851746189,
              43.94935328340183
            ],
            [
              -80.4460534789519,
              43.94934861228728
            ],
            [
              -80.44605867759763,
              43.949344492929335
            ],
            [
              -80.4460643292886,
              43.949340698662695
            ],
            [
              -80.44642030677176,
              43.94912076903745
            ],
            [
              -80.44657757906757,
              43.948770473195104
            ],
            [
              -80.44657865625801,
              43.948768212711784
            ],
            [
              -80.44658177492313,
              43.948762773239565
            ],
            [
              -80.44658553774742,
              43.94875755003648
            ],
            [
              -80.44658991768756,
              43.94875258337046
            ],
            [
              -80.44659487907703,
              43.948747912234005
            ],
            [
              -80.44660038545516,
              43.94874357017952
            ],
            [
              -80.44660639524213,
              43.94873959233906
            ],
            [
              -80.44661286116812,
              43.94873600729095
            ],
            [
              -80.44661973603831,
              43.948732842715934
            ],
            [
              -80.44662696535224,
              43.94873012417556
            ],
            [
              -80.44663449513219,
              43.948727870947764
            ],
            [
              -80.44664226906504,
              43.94872610040701
            ],
            [
              -80.44665022624088,
              43.9487248252237
            ],
            [
              -80.44665830706734,
              43.948724057224496
            ],
            [
              -80.4466664501389,
              43.948723800048974
            ],
            [
              -80.44667490042615,
              43.948724076948984
            ],
            [
              -80.44703472791687,
              43.94874768565234
            ],
            [
              -80.44709150859275,
              43.948610537995926
            ],
            [
              -80.44681549013981,
              43.948213427356684
            ],
            [
              -80.44667076895169,
              43.94821795510218
            ],
            [
              -80.4464834984557,
              43.94839839406948
            ],
            [
              -80.44648031979341,
              43.948401287622744
            ],
            [
              -80.44647481344008,
              43.94840562966895
            ],
            [
              -80.44646880360557,
              43.948409608397846
            ],
            [
              -80.44646233770867,
              43.94841319343555
            ],
            [
              -80.44645546418661,
              43.94841635715523
            ],
            [
              -80.44644823366308,
              43.94841907562867
            ],
            [
              -80.4464407039179,
              43.948421328842244
            ],
            [
              -80.44643293118959,
              43.948423100318976
            ],
            [
              -80.4464249742019,
              43.948424373689924
            ],
            [
              -80.44641689334176,
              43.9484251425686
            ],
            [
              -80.44640875031332,
              43.94842539972461
            ],
            [
              -80.44640060637283,
              43.94842514331398
            ],
            [
              -80.44639252627967,
              43.948424374347425
            ],
            [
              -80.44638456930046,
              43.948423099903685
            ],
            [
              -80.44637679579495,
              43.94842132891082
            ],
            [
              -80.44636926567469,
              43.94841907568299
            ],
            [
              -80.44636203614216,
              43.94841635711949
            ],
            [
              -80.44635516169053,
              43.948413192704734
            ],
            [
              -80.44634869629031,
              43.94840960820693
            ],
            [
              -80.44634268638232,
              43.948405629968086
            ],
            [
              -80.44633718059325,
              43.94840128802897
            ],
            [
              -80.44633221855372,
              43.94839661564325
            ],
            [
              -80.44632783959545,
              43.94839164965537
            ],
            [
              -80.44632407559523,
              43.94838642658586
            ],
            [
              -80.44632095572062,
              43.94838098554054
            ],
            [
              -80.44631850503816,
              43.94837536995155
            ],
            [
              -80.44631674130899,
              43.948369621131945
            ],
            [
              -80.4463156770998,
              43.9483637828719
            ],
            [
              -80.44631532237952,
              43.94835767541975
            ],
            [
              -80.4463168120077,
              43.948196684724195
            ],
            [
              -80.44625097735789,
              43.94818684132534
            ],
            [
              -80.44593500228174,
              43.94838848983039
            ],
            [
              -80.44593320458628,
              43.94838960817111
            ],
            [
              -80.44592673741418,
              43.94839319312176
            ],
            [
              -80.44591986393841,
              43.9483963559086
            ],
            [
              -80.44591263448405,
              43.94839907619443
            ],
            [
              -80.44590510347709,
              43.94840132931551
            ],
            [
              -80.44589769969626,
              43.948403027587794
            ],
            [
              -80.44589012758175,
              43.94840427619388
            ],
            [
              -80.44408341602231,
              43.948645460857385
            ],
            [
              -80.44363402450463,
              43.94882636536655
            ],
            [
              -80.44362738675184,
              43.94882879138962
            ],
            [
              -80.44362050447855,
              43.948830829297734
            ],
            [
              -80.44361273043327,
              43.94883259961493
            ],
            [
              -80.44360477448828,
              43.94883387372447
            ],
            [
              -80.44359669345344,
              43.94883464328408
            ],
            [
              -80.443588550351,
              43.9488349002215
            ],
            [
              -80.44358759172626,
              43.948834896399546
            ],
            [
              -80.44293959253574,
              43.94883009583341
            ],
            [
              -80.44293192963431,
              43.94882981231474
            ],
            [
              -80.44292432582917,
              43.94882907369345
            ],
            [
              -80.44291636879713,
              43.94882779988383
            ],
            [
              -80.4429085953463,
              43.94882602863314
            ],
            [
              -80.44290106531305,
              43.948823775155354
            ],
            [
              -80.44289383589921,
              43.94882105635158
            ],
            [
              -80.44288696159711,
              43.948817891707996
            ],
            [
              -80.44288049505886,
              43.94881430783834
            ],
            [
              -80.4428744853582,
              43.948810329398825
            ],
            [
              -80.44286897848602,
              43.94880598811917
            ],
            [
              -80.44286401794814,
              43.94880131562106
            ],
            [
              -80.44285963795461,
              43.948796350329495
            ],
            [
              -80.44285587557447,
              43.94879112628924
            ],
            [
              -80.44285275594646,
              43.94878568603563
            ],
            [
              -80.44285030435893,
              43.94878007030871
            ],
            [
              -80.44284854098053,
              43.94877432142775
            ],
            [
              -80.44284747713313,
              43.94876848312948
            ],
            [
              -80.44284712157854,
              43.94876259994011
            ],
            [
              -80.4428474767914,
              43.94875671701359
            ],
            [
              -80.44284854035126,
              43.9487508783901
            ],
            [
              -80.44285030479271,
              43.94874512879147
            ],
            [
              -80.44285275643786,
              43.94873951266944
            ],
            [
              -80.44285586704451,
              43.9487340846539
            ],
            [
              -80.44297111021031,
              43.94855543811707
            ],
            [
              -80.4421286344617,
              43.94873269739461
            ],
            [
              -80.44210030461895,
              43.94875147900173
            ],
            [
              -80.44257705864794,
              43.94874560860315
            ],
            [
              -80.44257865050827,
              43.948745600319555
            ],
            [
              -80.44258679323606,
              43.948745856972835
            ],
            [
              -80.44259487339797,
              43.948746625334984
            ],
            [
              -80.44260283157851,
              43.94874790012056
            ],
            [
              -80.44261060515787,
              43.94874966959829
            ],
            [
              -80.44261813509414,
              43.9487519239944
            ],
            [
              -80.44262536448528,
              43.94875464281694
            ],
            [
              -80.4426322388391,
              43.94875780657969
            ],
            [
              -80.44263870520491,
              43.94876139225971
            ],
            [
              -80.44264471371532,
              43.9487653697608
            ],
            [
              -80.44265022056564,
              43.948769711052
            ],
            [
              -80.44265518239972,
              43.94877438271633
            ],
            [
              -80.44265956222335,
              43.94877934981163
            ],
            [
              -80.44266332465882,
              43.94878457296117
            ],
            [
              -80.44266644426794,
              43.94879001322042
            ],
            [
              -80.44266889459456,
              43.94879562889769
            ],
            [
              -80.44267065919725,
              43.94880137783582
            ],
            [
              -80.44267172295176,
              43.948807217033824
            ],
            [
              -80.4426720784878,
              43.94881310022412
            ],
            [
              -80.44267172325567,
              43.94881898315048
            ],
            [
              -80.44267065850796,
              43.94882482082101
            ],
            [
              -80.44266889536236,
              43.94883056957356
            ],
            [
              -80.44266644369421,
              43.948836185691945
            ],
            [
              -80.44266332456147,
              43.94884162594605
            ],
            [
              -80.44265956252517,
              43.94884684996077
            ],
            [
              -80.44265522455146,
              43.948851772356136
            ],
            [
              -80.44265031580613,
              43.948856405969615
            ],
            [
              -80.44242416855293,
              43.94905174730456
            ],
            [
              -80.44241861481142,
              43.94905612944211
            ],
            [
              -80.44241260468569,
              43.94906010704448
            ],
            [
              -80.44240613844663,
              43.94906369183541
            ],
            [
              -80.442399264534,
              43.94906685618984
            ],
            [
              -80.44239203489114,
              43.94906957533789
            ],
            [
              -80.44238450481501,
              43.949071829160076
            ],
            [
              -80.44237362510783,
              43.94907415990103
            ],
            [
              -80.44032651455419,
              43.949416587003014
            ],
            [
              -80.43874908317973,
              43.9500362993051
            ],
            [
              -80.43874285133339,
              43.950038533681614
            ],
            [
              -80.4387364046534,
              43.950040428069904
            ],
            [
              -80.43872906243504,
              43.950042115023756
            ],
            [
              -80.43872155141298,
              43.95004335858274
            ],
            [
              -80.43763363514978,
              43.95018968965225
            ],
            [
              -80.43568448308082,
              43.950793217156225
            ],
            [
              -80.43538335438302,
              43.95100776117417
            ],
            [
              -80.4353778075509,
              43.95101140812174
            ],
            [
              -80.43537134054633,
              43.95101499338611
            ],
            [
              -80.43536446598272,
              43.95101815728795
            ],
            [
              -80.43535723573328,
              43.951020875958456
            ],
            [
              -80.43534970634211,
              43.95102312933585
            ],
            [
              -80.43534193164369,
              43.95102489994325
            ],
            [
              -80.43533397511318,
              43.951026174327225
            ],
            [
              -80.43532774143006,
              43.95102681287972
            ],
            [
              -80.43532146339838,
              43.951027145886066
            ],
            [
              -80.43481194373094,
              43.95104178500882
            ],
            [
              -80.43411134760997,
              43.951382524592496
            ],
            [
              -80.43394108461887,
              43.95182954666294
            ],
            [
              -80.43402458447481,
              43.95190899317123
            ],
            [
              -80.4362418823419,
              43.95277745939496
            ],
            [
              -80.43624406715783,
              43.9527783428109
            ],
            [
              -80.43625094164788,
              43.95278150700821
            ],
            [
              -80.43625740938842,
              43.95278509225666
            ],
            [
              -80.43626341787682,
              43.95278907014389
            ],
            [
              -80.4362689246259,
              43.95279341179275
            ],
            [
              -80.43627388759772,
              43.95279808293975
            ],
            [
              -80.43627826716455,
              43.95280305032741
            ],
            [
              -80.43628203058535,
              43.95280827288959
            ],
            [
              -80.43628514978992,
              43.952813713367085
            ],
            [
              -80.43628760088502,
              43.952819329277006
            ],
            [
              -80.43628936494767,
              43.952825078352646
            ],
            [
              -80.43629042941768,
              43.95283091680245
            ],
            [
              -80.43629078553712,
              43.95283680009941
            ],
            [
              -80.43629042959378,
              43.95284268303515
            ],
            [
              -80.43628936533047,
              43.95284852072575
            ],
            [
              -80.43628760131094,
              43.95285427029907
            ],
            [
              -80.43628515005122,
              43.95285988635204
            ],
            [
              -80.43628344277191,
              43.952863026581305
            ],
            [
              -80.43613144296346,
              43.953123427367025
            ],
            [
              -80.43612626743054,
              43.95313094924416
            ],
            [
              -80.43612188743455,
              43.953135915556096
            ],
            [
              -80.43611692584773,
              43.95314058807375
            ],
            [
              -80.43611141951429,
              43.95314492875964
            ],
            [
              -80.43610540840734,
              43.95314890691985
            ],
            [
              -80.4360989424407,
              43.953152492293164
            ],
            [
              -80.4360920676508,
              43.953155656251504
            ],
            [
              -80.43609030298958,
              43.95315637406633
            ],
            [
              -80.43548554914045,
              43.953396137089946
            ],
            [
              -80.43547376746402,
              43.95356548693586
            ],
            [
              -80.43547246744723,
              43.9535738207732
            ],
            [
              -80.43547070207599,
              43.95357957028416
            ],
            [
              -80.43546825070007,
              43.95358518632339
            ],
            [
              -80.4354651318997,
              43.95359062555382
            ],
            [
              -80.43546136760833,
              43.953595849288924
            ],
            [
              -80.43545988911428,
              43.95359763635209
            ],
            [
              -80.43516865550404,
              43.95393739374114
            ],
            [
              -80.43529590123818,
              43.95419004723777
            ],
            [
              -80.4361081695171,
              43.95435594520166
            ],
            [
              -80.436114706992,
              43.954357470345926
            ],
            [
              -80.43612223750667,
              43.954359724326835
            ],
            [
              -80.43612946863281,
              43.954362442773125
            ],
            [
              -80.43613634331513,
              43.95436560698449
            ],
            [
              -80.4361428100674,
              43.95436919129565
            ],
            [
              -80.43614881988897,
              43.95437317014948
            ],
            [
              -80.43615432686306,
              43.95437751091564
            ],
            [
              -80.4361592886511,
              43.95438218292131
            ],
            [
              -80.43616366848383,
              43.95438714852871
            ],
            [
              -80.4361674330954,
              43.95439237295524
            ],
            [
              -80.43617055237881,
              43.954397813447464
            ],
            [
              -80.43617300353303,
              43.95440342937167
            ],
            [
              -80.43617476770963,
              43.954409177563484
            ],
            [
              -80.4361758321981,
              43.954415016026545
            ],
            [
              -80.43617618707299,
              43.95442089928203
            ],
            [
              -80.43617583234958,
              43.95442678228362
            ],
            [
              -80.43617476796841,
              43.95443262088286
            ],
            [
              -80.4361744668927,
              43.95443379341277
            ],
            [
              -80.43609696688176,
              43.954721492568446
            ],
            [
              -80.4360952875143,
              43.95472664491472
            ],
            [
              -80.4360930524976,
              43.954731685684706
            ],
            [
              -80.43608993361912,
              43.9547371258395
            ],
            [
              -80.43608616938342,
              43.9547423487072
            ],
            [
              -80.43608179042265,
              43.954747315979674
            ],
            [
              -80.43607682759357,
              43.954751986655864
            ],
            [
              -80.43607131970269,
              43.95475632909006
            ],
            [
              -80.4360653096586,
              43.95476030731045
            ],
            [
              -80.4360588435741,
              43.95476389179115
            ],
            [
              -80.43605196857969,
              43.954767055753514
            ],
            [
              -80.43604473779475,
              43.954769775382395
            ],
            [
              -80.43603720674894,
              43.954772027868394
            ],
            [
              -80.43602943278329,
              43.95477379858948
            ],
            [
              -80.4360214744069,
              43.95477507387542
            ],
            [
              -80.4360100948598,
              43.95477600834751
            ],
            [
              -80.43558619543929,
              43.95479190829584
            ],
            [
              -80.43558135018822,
              43.95479199919122
            ],
            [
              -80.43557320659463,
              43.95479174199251
            ],
            [
              -80.43556512432214,
              43.95479097392735
            ],
            [
              -80.43555716542765,
              43.95478969859815
            ],
            [
              -80.43554939253654,
              43.95478792774049
            ],
            [
              -80.43553940795921,
              43.954784817308465
            ],
            [
              -80.43455235207263,
              43.95442662661464
            ],
            [
              -80.43335235988472,
              43.954411889312034
            ],
            [
              -80.43334501551776,
              43.95441159016626
            ],
            [
              -80.4333377233834,
              43.95441087435772
            ],
            [
              -80.43332976583864,
              43.9544095989144
            ],
            [
              -80.4333219918309,
              43.9544078278386
            ],
            [
              -80.43331446127502,
              43.954405575451986
            ],
            [
              -80.43330723160032,
              43.95440285596812
            ],
            [
              -80.43330035575927,
              43.9543996924149
            ],
            [
              -80.43329388926428,
              43.954396107030824
            ],
            [
              -80.43329193917458,
              43.95439489141821
            ],
            [
              -80.43273459799134,
              43.95403767071356
            ],
            [
              -80.43257703790314,
              43.95406719822505
            ],
            [
              -80.43306170756586,
              43.95438041407212
            ],
            [
              -80.43430850699454,
              43.954607649647876
            ],
            [
              -80.43431760838729,
              43.954609670347416
            ],
            [
              -80.43432513893758,
              43.95461192356034
            ],
            [
              -80.43433236869029,
              43.95461464297484
            ],
            [
              -80.43433924454311,
              43.95461780735904
            ],
            [
              -80.43434571128248,
              43.9546213908844
            ],
            [
              -80.43434739966584,
              43.954622440119316
            ],
            [
              -80.43528889983128,
              43.95522134099893
            ],
            [
              -80.43529400415663,
              43.95522484262862
            ],
            [
              -80.43529872818111,
              43.95522861239909
            ],
            [
              -80.43530369004823,
              43.95523328355276
            ],
            [
              -80.43530806979656,
              43.955238250099036
            ],
            [
              -80.43531183453482,
              43.95524347276675
            ],
            [
              -80.43531495370681,
              43.9552489141881
            ],
            [
              -80.4353174048114,
              43.95525453013853
            ],
            [
              -80.43531916885065,
              43.95526027924878
            ],
            [
              -80.43531929268052,
              43.9552607981751
            ],
            [
              -80.43564090978731,
              43.95664133492788
            ],
            [
              -80.43590191704091,
              43.9570923832224
            ],
            [
              -80.4363200871615,
              43.95718443125083
            ],
            [
              -80.43632480877488,
              43.95718557102221
            ],
            [
              -80.4363323410045,
              43.95718782415281
            ],
            [
              -80.4363395711968,
              43.95719054343825
            ],
            [
              -80.436346446321,
              43.957193706749905
            ],
            [
              -80.43635291458868,
              43.95719729201315
            ],
            [
              -80.43635892356794,
              43.957201269917896
            ],
            [
              -80.4363644307681,
              43.95720561158674
            ],
            [
              -80.4363693928302,
              43.9572102835998
            ],
            [
              -80.4363737728332,
              43.95721525011446
            ],
            [
              -80.4363775365662,
              43.957220472703376
            ],
            [
              -80.43638065719931,
              43.95722591416121
            ],
            [
              -80.43638175553235,
              43.957228222423886
            ],
            [
              -80.43695887524194,
              43.95851678962462
            ],
            [
              -80.43740715866726,
              43.958767528910236
            ],
            [
              -80.43741001459324,
              43.95876919198298
            ],
            [
              -80.43741602506441,
              43.958773169889504
            ],
            [
              -80.43742153243153,
              43.958777512409526
            ],
            [
              -80.43742805037577,
              43.95878384043053
            ],
            [
              -80.43789684975715,
              43.95929933908166
            ],
            [
              -80.43789967562971,
              43.959302649557735
            ],
            [
              -80.43790343957674,
              43.95930787300386
            ],
            [
              -80.43790655938729,
              43.95931331258175
            ],
            [
              -80.43790714238587,
              43.95931450286414
            ],
            [
              -80.43831793875115,
              43.960179780925046
            ],
            [
              -80.43950733606474,
              43.96132223007868
            ],
            [
              -80.43951357915765,
              43.96132904874129
            ],
            [
              -80.43951724046418,
              43.96133411540743
            ],
            [
              -80.43959094154178,
              43.961447514977706
            ],
            [
              -80.43959416318336,
              43.961453112997894
            ],
            [
              -80.43959661376145,
              43.961458728839915
            ],
            [
              -80.4395983784497,
              43.96146447792488
            ],
            [
              -80.43959944344016,
              43.961470316407066
            ],
            [
              -80.43959979756046,
              43.96147619875346
            ],
            [
              -80.43959944315905,
              43.96148208182089
            ],
            [
              -80.43959837908062,
              43.96148791961098
            ],
            [
              -80.4395966138874,
              43.96149366925074
            ],
            [
              -80.4395941625055,
              43.961499286342146
            ],
            [
              -80.43959104242141,
              43.96150472569733
            ],
            [
              -80.4395872792973,
              43.96150994879079
            ],
            [
              -80.43958130002216,
              43.96151651521678
            ],
            [
              -80.43946810000122,
              43.96162631493547
            ],
            [
              -80.43946473569251,
              43.961629386797696
            ],
            [
              -80.43945922745353,
              43.961633728551
            ],
            [
              -80.43945321814374,
              43.96163770705511
            ],
            [
              -80.43944675022634,
              43.96164129172271
            ],
            [
              -80.43943987456447,
              43.96164445593539
            ],
            [
              -80.43943264311474,
              43.96164717492434
            ],
            [
              -80.43942511126275,
              43.961649427673585
            ],
            [
              -80.43941733643062,
              43.961651198661485
            ],
            [
              -80.43940937713396,
              43.96165247421575
            ],
            [
              -80.43940129554154,
              43.96165324172392
            ],
            [
              -80.43939315043907,
              43.9616534992379
            ],
            [
              -80.43938500456485,
              43.96165324227851
            ],
            [
              -80.4393769225441,
              43.96165247365628
            ],
            [
              -80.4393689638067,
              43.96165119865869
            ],
            [
              -80.43936118857613,
              43.961649428013324
            ],
            [
              -80.43935365685127,
              43.96164717514095
            ],
            [
              -80.43934642592104,
              43.961644456047246
            ],
            [
              -80.43933955013993,
              43.961641292016
            ],
            [
              -80.43933308239475,
              43.96163770696999
            ],
            [
              -80.43932824550677,
              43.961634563138084
            ],
            [
              -80.43932372520545,
              43.9616311826119
            ],
            [
              -80.4378956400089,
              43.96048630528214
            ],
            [
              -80.43599380786907,
              43.959517868235345
            ],
            [
              -80.43598758467748,
              43.95951440713561
            ],
            [
              -80.43598157422882,
              43.959510429143506
            ],
            [
              -80.43597606682727,
              43.95950608744149
            ],
            [
              -80.43597337347919,
              43.95950365659192
            ],
            [
              -80.43508809040225,
              43.95866594915753
            ],
            [
              -80.43394842107445,
              43.957867308210915
            ],
            [
              -80.43310028594196,
              43.957479639260534
            ],
            [
              -80.43309511278719,
              43.95747709582625
            ],
            [
              -80.43309018700575,
              43.95747430819844
            ],
            [
              -80.43308417706622,
              43.95747032915335
            ],
            [
              -80.43307866878177,
              43.95746598815449
            ],
            [
              -80.43307370697717,
              43.95746131598434
            ],
            [
              -80.43306932717864,
              43.957456350228085
            ],
            [
              -80.43306485230059,
              43.95744999828279
            ],
            [
              -80.43284884702547,
              43.95709866506047
            ],
            [
              -80.43219279653601,
              43.956951252953544
            ],
            [
              -80.43218859040225,
              43.95695022914555
            ],
            [
              -80.43218105969336,
              43.956947974874815
            ],
            [
              -80.43217382842188,
              43.95694525614737
            ],
            [
              -80.43216695364482,
              43.95694209166586
            ],
            [
              -80.43216048677395,
              43.9569385079954
            ],
            [
              -80.43215532206592,
              43.956935132408304
            ],
            [
              -80.43120288619876,
              43.95626437334139
            ],
            [
              -80.43089489260542,
              43.956175187241534
            ],
            [
              -80.43043256159721,
              43.956220635229464
            ],
            [
              -80.43034030654036,
              43.956304219004174
            ],
            [
              -80.43036046280969,
              43.956512184918864
            ],
            [
              -80.4303606914195,
              43.95651689961457
            ],
            [
              -80.4303603360581,
              43.956522782612645
            ],
            [
              -80.43035927225912,
              43.956528621223065
            ],
            [
              -80.43035750757372,
              43.9565343698267
            ],
            [
              -80.43035505554141,
              43.956539985768245
            ],
            [
              -80.43035193599012,
              43.956545425765405
            ],
            [
              -80.430348172176,
              43.956550650289216
            ],
            [
              -80.43034379270038,
              43.956555615538726
            ],
            [
              -80.43033883031104,
              43.95656028780422
            ],
            [
              -80.43033332310111,
              43.95656462910408
            ],
            [
              -80.43032731360972,
              43.95656860795718
            ],
            [
              -80.43032084569369,
              43.956572192038784
            ],
            [
              -80.43031387451023,
              43.956575395611566
            ],
            [
              -80.4301635775276,
              43.95663773628655
            ],
            [
              -80.43015643863124,
              43.956640409091726
            ],
            [
              -80.43014900957344,
              43.956642628688606
            ],
            [
              -80.43014123515208,
              43.956644398978
            ],
            [
              -80.4301332763668,
              43.95664567382069
            ],
            [
              -80.43012519391559,
              43.956646443248744
            ],
            [
              -80.43011704958893,
              43.95664669914371
            ],
            [
              -80.43010890559539,
              43.95664644331583
            ],
            [
              -80.43010082444356,
              43.956645673984646
            ],
            [
              -80.43009322252477,
              43.95664446785878
            ],
            [
              -80.43008578691193,
              43.956642808597444
            ],
            [
              -80.42919763757737,
              43.95641490498086
            ],
            [
              -80.4291905879012,
              43.95641319490655
            ],
            [
              -80.42918989083198,
              43.95641302937877
            ],
            [
              -80.42918236032041,
              43.9564107748945
            ],
            [
              -80.42917512926857,
              43.95640805596246
            ],
            [
              -80.42916825341447,
              43.95640489213028
            ],
            [
              -80.42916178680326,
              43.95640130827766
            ],
            [
              -80.42915577726669,
              43.9563973290133
            ],
            [
              -80.4291502694014,
              43.95639298781439
            ],
            [
              -80.42914923148908,
              43.95639203531833
            ],
            [
              -80.42914524456774,
              43.95638838837821
            ],
            [
              -80.4287700649865,
              43.95605355967156
            ],
            [
              -80.42844985535386,
              43.95596972671887
            ],
            [
              -80.42840476274753,
              43.95598841221281
            ],
            [
              -80.42855011284091,
              43.95628743577127
            ],
            [
              -80.42855234319067,
              43.956292700832755
            ],
            [
              -80.42855397048592,
              43.95629807834836
            ],
            [
              -80.42855503544162,
              43.95630391695729
            ],
            [
              -80.42855538951034,
              43.95630980025302
            ],
            [
              -80.42855503519903,
              43.95631568329757
            ],
            [
              -80.42855397128668,
              43.95632152099042
            ],
            [
              -80.4285522063435,
              43.95632727045981
            ],
            [
              -80.4285497553781,
              43.95633288641183
            ],
            [
              -80.42854663565932,
              43.95633832635393
            ],
            [
              -80.42854287176218,
              43.95634354991387
            ],
            [
              -80.42853849206459,
              43.95634851598441
            ],
            [
              -80.42853352954005,
              43.95635318816329
            ],
            [
              -80.42852802220789,
              43.95635752936731
            ],
            [
              -80.4285220114404,
              43.95636150716414
            ],
            [
              -80.4285155445984,
              43.95636509208542
            ],
            [
              -80.42850867021012,
              43.95636825561459
            ],
            [
              -80.42850144008209,
              43.95637097478371
            ],
            [
              -80.42849390828096,
              43.956373229426326
            ],
            [
              -80.42848613391944,
              43.95637499869483
            ],
            [
              -80.42847817630246,
              43.956376274363464
            ],
            [
              -80.42846957746681,
              43.956377074305585
            ],
            [
              -80.42790837548498,
              43.95641027420933
            ],
            [
              -80.42790075006992,
              43.95641049940162
            ],
            [
              -80.42789260612184,
              43.9564102434019
            ],
            [
              -80.4278845237933,
              43.95640947384615
            ],
            [
              -80.4278765660101,
              43.956408198883835
            ],
            [
              -80.42786879174507,
              43.9564064291949
            ],
            [
              -80.4278612600461,
              43.956404174561726
            ],
            [
              -80.42785403030337,
              43.95640145559287
            ],
            [
              -80.4278471545264,
              43.956398291674226
            ],
            [
              -80.4278406880773,
              43.95639470684258
            ],
            [
              -80.42783467848749,
              43.956390729297965
            ],
            [
              -80.42782916948488,
              43.95638638797561
            ],
            [
              -80.42782420822576,
              43.956381715563985
            ],
            [
              -80.4278198278218,
              43.95637674864387
            ],
            [
              -80.42781473261276,
              43.95636936575022
            ],
            [
              -80.42743106060107,
              43.95571619072855
            ],
            [
              -80.42602946564833,
              43.95487199537907
            ],
            [
              -80.42518450401784,
              43.95512274277959
            ],
            [
              -80.42466308174158,
              43.95572962870281
            ],
            [
              -80.42467849829396,
              43.955823817985326
            ],
            [
              -80.42508385433176,
              43.9560698166231
            ],
            [
              -80.4250898408269,
              43.95607378431665
            ],
            [
              -80.42509532958175,
              43.95607811139416
            ],
            [
              -80.42510029189827,
              43.95608278308942
            ],
            [
              -80.42510467203225,
              43.956087750121085
            ],
            [
              -80.42510843585615,
              43.95609297316044
            ],
            [
              -80.42511155545581,
              43.95609841314984
            ],
            [
              -80.42511400555243,
              43.95610402934468
            ],
            [
              -80.4251157711086,
              43.9561097778435
            ],
            [
              -80.42511683452668,
              43.95611561553395
            ],
            [
              -80.42511718946763,
              43.95612149889402
            ],
            [
              -80.42511683478833,
              43.95612738192551
            ],
            [
              -80.42511577036315,
              43.95613322137744
            ],
            [
              -80.42511400638286,
              43.956138969944135
            ],
            [
              -80.42511155507343,
              43.956144585814506
            ],
            [
              -80.42510843626674,
              43.95615002570729
            ],
            [
              -80.4251046720547,
              43.95615524914271
            ],
            [
              -80.42510029198537,
              43.95616021596624
            ],
            [
              -80.42509532918469,
              43.956164887981444
            ],
            [
              -80.42508998619535,
              43.956169110052684
            ],
            [
              -80.42508416665007,
              43.95617299059388
            ],
            [
              -80.42436929015082,
              43.95661070014738
            ],
            [
              -80.42436264563996,
              43.956614392395686
            ],
            [
              -80.42435577098061,
              43.95661755565397
            ],
            [
              -80.42434854053849,
              43.95662027543566
            ],
            [
              -80.42434100868232,
              43.956622527985694
            ],
            [
              -80.42433323400117,
              43.956624298742604
            ],
            [
              -80.4243252762513,
              43.95662557409684
            ],
            [
              -80.42432350241224,
              43.95662578679676
            ],
            [
              -80.42295100059769,
              43.95678098720011
            ],
            [
              -80.42294379695402,
              43.95678159623193
            ],
            [
              -80.42293654998016,
              43.95678179884522
            ],
            [
              -80.42292561955036,
              43.95678133614063
            ],
            [
              -80.41959182518546,
              43.9564976418393
            ],
            [
              -80.41898701514093,
              43.95687967638252
            ],
            [
              -80.41896278472994,
              43.95709526194721
            ],
            [
              -80.41896167203075,
              43.957101520910825
            ],
            [
              -80.41895990854114,
              43.957107270333346
            ],
            [
              -80.41895745655754,
              43.95711288606713
            ],
            [
              -80.41895433700941,
              43.9571183266816
            ],
            [
              -80.41895057338677,
              43.957123549957245
            ],
            [
              -80.41894681461275,
              43.95712786618441
            ],
            [
              -80.41894261755589,
              43.95713196505378
            ],
            [
              -80.41842701799625,
              43.95759756509927
            ],
            [
              -80.41842563092862,
              43.957598788354204
            ],
            [
              -80.418420123913,
              43.95760312908927
            ],
            [
              -80.41841411336733,
              43.957607108163465
            ],
            [
              -80.41840764564175,
              43.95761069336558
            ],
            [
              -80.41840077051354,
              43.957613856237984
            ],
            [
              -80.4183935408869,
              43.957616575667416
            ],
            [
              -80.41838600857385,
              43.95761882869079
            ],
            [
              -80.41837823472629,
              43.95762059996098
            ],
            [
              -80.41837027552556,
              43.95762187391354
            ],
            [
              -80.41836219393274,
              43.9576226433889
            ],
            [
              -80.4183540504984,
              43.95762290022131
            ],
            [
              -80.41834590649,
              43.95762264258296
            ],
            [
              -80.41833782396644,
              43.95762187408633
            ],
            [
              -80.41832986483634,
              43.95762060013945
            ],
            [
              -80.41832209078287,
              43.95761882884311
            ],
            [
              -80.41831529448356,
              43.95761682007139
            ],
            [
              -80.41830873825906,
              43.95761443167576
            ],
            [
              -80.41793681949937,
              43.9574654651902
            ],
            [
              -80.41765235419564,
              43.957542775701576
            ],
            [
              -80.41765140878987,
              43.95754302899915
            ],
            [
              -80.41764363492932,
              43.95754480021476
            ],
            [
              -80.41763567572261,
              43.957546074111505
            ],
            [
              -80.41762759420573,
              43.957546842632574
            ],
            [
              -80.41761944946141,
              43.957547100251375
            ],
            [
              -80.41761130546767,
              43.95754684255602
            ],
            [
              -80.41760322420829,
              43.95754607405727
            ],
            [
              -80.41759526634898,
              43.957544800109076
            ],
            [
              -80.41758749108743,
              43.9575430287042
            ],
            [
              -80.41757995942977,
              43.957540776023095
            ],
            [
              -80.41757272880479,
              43.95753805628789
            ],
            [
              -80.41756600660229,
              43.95753496955837
            ],
            [
              -80.41755967352121,
              43.95753148088942
            ],
            [
              -80.416602708295,
              43.9569561127264
            ],
            [
              -80.4150052749298,
              43.956426580435014
            ],
            [
              -80.41405909470201,
              43.956430280411226
            ],
            [
              -80.41276643784704,
              43.957115881141775
            ],
            [
              -80.41171445354097,
              43.958120061851254
            ],
            [
              -80.4112353176707,
              43.9591605055735
            ],
            [
              -80.41123445988958,
              43.95916228617675
            ],
            [
              -80.41123133953305,
              43.95916772567864
            ],
            [
              -80.41122757627599,
              43.95917294874576
            ],
            [
              -80.4112252978885,
              43.959175651032226
            ],
            [
              -80.4106202974923,
              43.959856751102315
            ],
            [
              -80.41061692020024,
              43.959860300842884
            ],
            [
              -80.41061323361724,
              43.959863686586125
            ],
            [
              -80.41060772684708,
              43.95986802877394
            ],
            [
              -80.41060171548548,
              43.95987200741263
            ],
            [
              -80.41059524946662,
              43.95987559225281
            ],
            [
              -80.41058837345254,
              43.959878756418284
            ],
            [
              -80.41058652693731,
              43.95987950629086
            ],
            [
              -80.40948532507387,
              43.96031500718415
            ],
            [
              -80.40947897894418,
              43.96031729531834
            ],
            [
              -80.40947241062798,
              43.96031922865631
            ],
            [
              -80.40946547062113,
              43.96032083488986
            ],
            [
              -80.40945837666516,
              43.960322046068086
            ],
            [
              -80.40859717747783,
              43.9604436460864
            ],
            [
              -80.40859547696343,
              43.9604438743537
            ],
            [
              -80.4085873935743,
              43.96044464302508
            ],
            [
              -80.40857924959944,
              43.960444899997896
            ],
            [
              -80.40857110506683,
              43.960444643395626
            ],
            [
              -80.40856302350682,
              43.960443874198106
            ],
            [
              -80.40855686954197,
              43.960442935328146
            ],
            [
              -80.40855081537697,
              43.96044169900435
            ],
            [
              -80.40684676445197,
              43.96004850187272
            ],
            [
              -80.405679710364,
              43.960016582912594
            ],
            [
              -80.40506141342374,
              43.96047340735441
            ],
            [
              -80.40498265268731,
              43.96071703390728
            ],
            [
              -80.40515854704263,
              43.96117858502096
            ],
            [
              -80.40516047791596,
              43.96118477819122
            ],
            [
              -80.405161541716,
              43.96119061712891
            ],
            [
              -80.40516189835022,
              43.96119649986097
            ],
            [
              -80.40516154149496,
              43.96120238286386
            ],
            [
              -80.40516047740492,
              43.96120822136322
            ],
            [
              -80.4051587136527,
              43.96121396974145
            ],
            [
              -80.40515626248063,
              43.96121958618951
            ],
            [
              -80.40515314264613,
              43.96122502557976
            ],
            [
              -80.40514937851744,
              43.96123025023837
            ],
            [
              -80.40514499747592,
              43.96123521631659
            ],
            [
              -80.40514003492373,
              43.961239888425844
            ],
            [
              -80.40513619838673,
              43.961242989932934
            ],
            [
              -80.40442950650926,
              43.961780306623105
            ],
            [
              -80.40452735436253,
              43.96209689232532
            ],
            [
              -80.40452818001523,
              43.962099878282636
            ],
            [
              -80.40452924384105,
              43.96210571633603
            ],
            [
              -80.40452960041331,
              43.96211159907728
            ],
            [
              -80.4045292434842,
              43.96211748208504
            ],
            [
              -80.40452818055176,
              43.962123320639435
            ],
            [
              -80.40452641538553,
              43.96212906985713
            ],
            [
              -80.40452396410771,
              43.96213468629715
            ],
            [
              -80.40452157685604,
              43.96213896129592
            ],
            [
              -80.40451879234244,
              43.96214310986827
            ],
            [
              -80.4043417932677,
              43.962385310190726
            ],
            [
              -80.40434007972488,
              43.96238754878777
            ],
            [
              -80.40433569968481,
              43.96239251579187
            ],
            [
              -80.40433073703417,
              43.962397186972254
            ],
            [
              -80.40432522951131,
              43.96240152884491
            ],
            [
              -80.40431921865822,
              43.9624055071915
            ],
            [
              -80.4043127506864,
              43.96240909160215
            ],
            [
              -80.40430587515881,
              43.96241225631877
            ],
            [
              -80.40429864419939,
              43.962414974794555
            ],
            [
              -80.40429111181425,
              43.96241722777293
            ],
            [
              -80.40428333675469,
              43.96241899890816
            ],
            [
              -80.40427537762119,
              43.96242027364991
            ],
            [
              -80.4042672951225,
              43.962421042045115
            ],
            [
              -80.40425914959077,
              43.962421298629
            ],
            [
              -80.40425100478454,
              43.96242104169098
            ],
            [
              -80.40424404031663,
              43.96242037968875
            ],
            [
              -80.40428617566899,
              43.96270645813396
            ],
            [
              -80.40428670097096,
              43.9627135988234
            ],
            [
              -80.40428634525465,
              43.96271948188944
            ],
            [
              -80.40428528096645,
              43.96272532128914
            ],
            [
              -80.40428351583071,
              43.96273106960962
            ],
            [
              -80.40428106450103,
              43.96273668604836
            ],
            [
              -80.40427794441781,
              43.96274212632111
            ],
            [
              -80.40427418149493,
              43.96274734921778
            ],
            [
              -80.40426980017732,
              43.962752316166956
            ],
            [
              -80.40426483748854,
              43.96275698734645
            ],
            [
              -80.40425762376886,
              43.96276252931963
            ],
            [
              -80.40390622454119,
              43.96300372985893
            ],
            [
              -80.40390191859511,
              43.963006507135994
            ],
            [
              -80.40389545044961,
              43.96301009242142
            ],
            [
              -80.4038885761407,
              43.96301325627
            ],
            [
              -80.40388134383834,
              43.9630159746647
            ],
            [
              -80.40387381259629,
              43.96301822766939
            ],
            [
              -80.40386603743794,
              43.9630199987751
            ],
            [
              -80.40385807813189,
              43.96302127438387
            ],
            [
              -80.40384999561418,
              43.963022041849904
            ],
            [
              -80.40384184991562,
              43.9630222992993
            ],
            [
              -80.40383370502208,
              43.96302204232868
            ],
            [
              -80.40382562307296,
              43.96302127366154
            ],
            [
              -80.40381967666828,
              43.96302037064612
            ],
            [
              -80.40381382448022,
              43.96301919245862
            ],
            [
              -80.40295336467443,
              43.9628237429059
            ],
            [
              -80.40294801283181,
              43.962822652373326
            ],
            [
              -80.40184117706431,
              43.96262278242722
            ],
            [
              -80.40183188852325,
              43.96262072816652
            ],
            [
              -80.40182435549738,
              43.96261847518338
            ],
            [
              -80.40181712483367,
              43.96261575614043
            ],
            [
              -80.40181024838726,
              43.96261259223182
            ],
            [
              -80.40180378159066,
              43.9626090066107
            ],
            [
              -80.40180252577149,
              43.96260823166831
            ],
            [
              -80.40119552616568,
              43.962226931766295
            ]
          ],
          [
            [
              -80.42168535990201,
              43.9504250851331
            ],
            [
              -80.4221243209348,
              43.949896188016126
            ],
            [
              -80.42212836165253,
              43.949891727295224
            ],
            [
              -80.42213287950679,
              43.94988751084137
            ],
            [
              -80.42213838545278,
              43.94988316995536
            ],
            [
              -80.42214439488056,
              43.949879190708174
            ],
            [
              -80.42214991677767,
              43.94987609021534
            ],
            [
              -80.42215574601809,
              43.949873295948166
            ],
            [
              -80.42251874635677,
              43.94971309730238
            ],
            [
              -80.4225207345496,
              43.949712242621736
            ],
            [
              -80.42252796533825,
              43.9497095239424
            ],
            [
              -80.4225354952263,
              43.94970726969325
            ],
            [
              -80.42254326890895,
              43.94970549998319
            ],
            [
              -80.42255122569523,
              43.94970422477553
            ],
            [
              -80.4225593072287,
              43.94970345593757
            ],
            [
              -80.42256745063372,
              43.949703199733534
            ],
            [
              -80.42257559355988,
              43.94970345614411
            ],
            [
              -80.42258367365717,
              43.949704225149915
            ],
            [
              -80.42258764885909,
              43.949704796019304
            ],
            [
              -80.42311024747592,
              43.949788395648696
            ],
            [
              -80.4231161825329,
              43.94978949441569
            ],
            [
              -80.4231220046307,
              43.94979087024604
            ],
            [
              -80.42312953654316,
              43.94979312435629
            ],
            [
              -80.42313676525451,
              43.94979584272931
            ],
            [
              -80.42314363993091,
              43.94979900692914
            ],
            [
              -80.42315010653668,
              43.9498025920734
            ],
            [
              -80.4231561150639,
              43.94980656985187
            ],
            [
              -80.42316162179203,
              43.94981091132782
            ],
            [
              -80.42316277308423,
              43.949811921989856
            ],
            [
              -80.42391628053792,
              43.95048682634997
            ],
            [
              -80.42522188264527,
              43.950571359356104
            ],
            [
              -80.42631878530486,
              43.95042896975784
            ],
            [
              -80.42671651822526,
              43.95016988836599
            ],
            [
              -80.4268251896731,
              43.949848577569206
            ],
            [
              -80.42682815441735,
              43.9498415128864
            ],
            [
              -80.42683127269429,
              43.94983607298744
            ],
            [
              -80.42683503755003,
              43.9498308495875
            ],
            [
              -80.42684068050387,
              43.94982461076302
            ],
            [
              -80.42719029654052,
              43.949481128532646
            ],
            [
              -80.4273059101204,
              43.94863659271112
            ],
            [
              -80.42668699982758,
              43.94770008558408
            ],
            [
              -80.42628217897403,
              43.94745292755474
            ],
            [
              -80.42579665878321,
              43.94745048127559
            ],
            [
              -80.42528198943646,
              43.947582777191904
            ],
            [
              -80.42478224376245,
              43.94793876640024
            ],
            [
              -80.4247767044405,
              43.94794240771235
            ],
            [
              -80.42477023827199,
              43.947945993261065
            ],
            [
              -80.4247633634063,
              43.94794915735359
            ],
            [
              -80.42475613420335,
              43.94795187623483
            ],
            [
              -80.42474860355551,
              43.94795412878857
            ],
            [
              -80.42474083135991,
              43.94795589960976
            ],
            [
              -80.42473287246865,
              43.94795717397436
            ],
            [
              -80.42472479246574,
              43.947957943032144
            ],
            [
              -80.42471665049764,
              43.94795820035482
            ],
            [
              -80.42471268642399,
              43.947958139078736
            ],
            [
              -80.42440566597442,
              43.94794872057505
            ],
            [
              -80.42326676309698,
              43.94879466887644
            ],
            [
              -80.42312156245386,
              43.949034728609185
            ],
            [
              -80.42311686145162,
              43.94904144982379
            ],
            [
              -80.42311248308837,
              43.94904641567476
            ],
            [
              -80.42310752076253,
              43.949051087552476
            ],
            [
              -80.42310201490186,
              43.94905542938226
            ],
            [
              -80.42309600446656,
              43.94905940772808
            ],
            [
              -80.42308953937382,
              43.949062992335115
            ],
            [
              -80.42308266551333,
              43.949066156376425
            ],
            [
              -80.42307543483712,
              43.94906887509165
            ],
            [
              -80.423067905059,
              43.949071129377664
            ],
            [
              -80.42306013140822,
              43.949072900022784
            ],
            [
              -80.42305217355803,
              43.94907417431604
            ],
            [
              -80.42304247579938,
              43.949075034799705
            ],
            [
              -80.4227182765005,
              43.94909143492464
            ],
            [
              -80.42271174951318,
              43.94909159953688
            ],
            [
              -80.42270360791973,
              43.949091343191334
            ],
            [
              -80.42269552666863,
              43.94909057414112
            ],
            [
              -80.42268756875157,
              43.94908929964113
            ],
            [
              -80.4226797957678,
              43.94908752868725
            ],
            [
              -80.42267226645578,
              43.9490852746553
            ],
            [
              -80.42266503537628,
              43.94908255614431
            ],
            [
              -80.42265868739007,
              43.949079656358
            ],
            [
              -80.42234858735124,
              43.94892505595478
            ],
            [
              -80.42234159542403,
              43.9489212081714
            ],
            [
              -80.42233558588569,
              43.94891722939901
            ],
            [
              -80.42233008055526,
              43.94891288793909
            ],
            [
              -80.4223251178817,
              43.948908216102474
            ],
            [
              -80.42232073849864,
              43.94890324989914
            ],
            [
              -80.42231852827588,
              43.94890031903404
            ],
            [
              -80.42159816362748,
              43.94788616381608
            ],
            [
              -80.42099644108598,
              43.94737460301228
            ],
            [
              -80.41953627684968,
              43.94671051334107
            ],
            [
              -80.4185263244003,
              43.94681428079032
            ],
            [
              -80.41790336051662,
              43.947487557992226
            ],
            [
              -80.41775671269906,
              43.94789916823347
            ],
            [
              -80.41777176369841,
              43.948849522933386
            ],
            [
              -80.41801817050383,
              43.94927312293853
            ],
            [
              -80.41892708243958,
              43.950206292095125
            ],
            [
              -80.42035757324328,
              43.95086230659482
            ],
            [
              -80.42168535990201,
              43.9504250851331
            ]
          ],
          [
            [
              -80.42084403946672,
              43.939671159915676
            ],
            [
              -80.42116848252194,
              43.93910924438253
            ],
            [
              -80.42113887744178,
              43.93838529340184
            ],
            [
              -80.42113883733641,
              43.93838329879313
            ],
            [
              -80.4211391935701,
              43.938377415966094
            ],
            [
              -80.42114025668175,
              43.93837157843136
            ],
            [
              -80.42114202058198,
              43.93836582916759
            ],
            [
              -80.42114447157802,
              43.93836021262302
            ],
            [
              -80.42114758976574,
              43.93835477297482
            ],
            [
              -80.4211513519652,
              43.93834954885116
            ],
            [
              -80.42115425158326,
              43.9383461555773
            ],
            [
              -80.42134111572854,
              43.938141265141006
            ],
            [
              -80.42119636583286,
              43.93784797299959
            ],
            [
              -80.42119404351568,
              43.93784255787764
            ],
            [
              -80.42119235850718,
              43.937837021039826
            ],
            [
              -80.42119129352758,
              43.93783118154559
            ],
            [
              -80.42119093780931,
              43.9378252991566
            ],
            [
              -80.42119124128061,
              43.93781986809769
            ],
            [
              -80.42119214772572,
              43.93781447238675
            ],
            [
              -80.42124695531861,
              43.937570766876966
            ],
            [
              -80.42106346251941,
              43.93744407312295
            ],
            [
              -80.42105905858094,
              43.937441096876654
            ],
            [
              -80.42105752500426,
              43.93743999471851
            ],
            [
              -80.42105199307986,
              43.937435688077564
            ],
            [
              -80.42104703155466,
              43.93743101625082
            ],
            [
              -80.42104265444677,
              43.93742605012318
            ],
            [
              -80.42103889112526,
              43.9374208261139
            ],
            [
              -80.42103577175091,
              43.937415386082364
            ],
            [
              -80.42103333488573,
              43.93740980558931
            ],
            [
              -80.42103157597681,
              43.93740409434612
            ],
            [
              -80.4209796740946,
              43.93719408375252
            ],
            [
              -80.4198331228366,
              43.93759075467456
            ],
            [
              -80.41898613315601,
              43.9385917439092
            ],
            [
              -80.41906379837707,
              43.93890009528928
            ],
            [
              -80.41906490782839,
              43.93890611605122
            ],
            [
              -80.41906526449262,
              43.93891199940767
            ],
            [
              -80.41906490803282,
              43.938917882231785
            ],
            [
              -80.41906384468949,
              43.938923719749674
            ],
            [
              -80.41906337818347,
              43.938925494920476
            ],
            [
              -80.41891802646629,
              43.9394401835747
            ],
            [
              -80.41923198603932,
              43.93968669027811
            ],
            [
              -80.41923481027203,
              43.93968901196908
            ],
            [
              -80.41923977060486,
              43.93969368384105
            ],
            [
              -80.4192441502151,
              43.93969865016725
            ],
            [
              -80.41924791235468,
              43.93970387330454
            ],
            [
              -80.41925103036448,
              43.93970931424892
            ],
            [
              -80.4192526045508,
              43.939712717390606
            ],
            [
              -80.41947618632123,
              43.94024266437815
            ],
            [
              -80.41977498549896,
              43.94024423694602
            ],
            [
              -80.42084403946672,
              43.939671159915676
            ]
          ],
          [
            [
              -80.42671536329543,
              43.92323816672142
            ],
            [
              -80.42644619233984,
              43.92263198031225
            ],
            [
              -80.42598984965029,
              43.92222017235643
            ],
            [
              -80.42493909222739,
              43.921890989086165
            ],
            [
              -80.4227545260912,
              43.92155151271834
            ],
            [
              -80.42271251933074,
              43.92164536885901
            ],
            [
              -80.42315457543731,
              43.922862054204984
            ],
            [
              -80.42315621849582,
              43.92286747826969
            ],
            [
              -80.42315706593163,
              43.92287174415193
            ],
            [
              -80.42315753441316,
              43.92287604033122
            ],
            [
              -80.42323295452607,
              43.92403948730643
            ],
            [
              -80.42363720270455,
              43.92510785524634
            ],
            [
              -80.42436659777431,
              43.92567700020004
            ],
            [
              -80.42538204957532,
              43.925801783875656
            ],
            [
              -80.42615283669699,
              43.92561193957274
            ],
            [
              -80.42640046845297,
              43.925331500183475
            ],
            [
              -80.42671536329543,
              43.92323816672142
            ]
          ],
          [
            [
              -80.43138278531191,
              43.94040288789572
            ],
            [
              -80.43086823774952,
              43.94033952903415
            ],
            [
              -80.42976011212096,
              43.94090566597682
            ],
            [
              -80.42942932623183,
              43.941228466579624
            ],
            [
              -80.42942581050478,
              43.94123168726669
            ],
            [
              -80.42942030593039,
              43.94123602938336
            ],
            [
              -80.42941429688632,
              43.941240007152516
            ],
            [
              -80.42940783188719,
              43.94124359205774
            ],
            [
              -80.42940095813006,
              43.94124675642619
            ],
            [
              -80.42939373011639,
              43.94124947470528
            ],
            [
              -80.42938620043034,
              43.941251729367245
            ],
            [
              -80.42938102362398,
              43.941252967663445
            ],
            [
              -80.42849515628554,
              43.941444444862356
            ],
            [
              -80.42844697050668,
              43.94157960086058
            ],
            [
              -80.4285825870427,
              43.941585208571006
            ],
            [
              -80.428593471582,
              43.941586124676036
            ],
            [
              -80.42860142854677,
              43.94158739871577
            ],
            [
              -80.42860920058313,
              43.94158917011142
            ],
            [
              -80.4286167304267,
              43.94159142285189
            ],
            [
              -80.42862395949558,
              43.941594141769656
            ],
            [
              -80.42863083214256,
              43.94159730641958
            ],
            [
              -80.42863729813953,
              43.9416008911873
            ],
            [
              -80.42864330616565,
              43.94160486860892
            ],
            [
              -80.42864881242942,
              43.94160921064799
            ],
            [
              -80.42865279072402,
              43.941612887840094
            ],
            [
              -80.42865640780066,
              43.941616754692014
            ],
            [
              -80.42898776816584,
              43.94199881229047
            ],
            [
              -80.42920440795794,
              43.94207842715173
            ],
            [
              -80.43045464984671,
              43.94180460166826
            ],
            [
              -80.43046552818969,
              43.9418027253326
            ],
            [
              -80.43047360844685,
              43.941801955893325
            ],
            [
              -80.43048174939815,
              43.94180169902385
            ],
            [
              -80.43048989111232,
              43.94180195571548
            ],
            [
              -80.43049797132285,
              43.94180272505595
            ],
            [
              -80.43050499667538,
              43.94180382320101
            ],
            [
              -80.43051188375394,
              43.941805308122625
            ],
            [
              -80.43069828541495,
              43.941851207122625
            ],
            [
              -80.4307001008388,
              43.94185167004709
            ],
            [
              -80.43070763080439,
              43.94185392263835
            ],
            [
              -80.43071485861942,
              43.94185664315419
            ],
            [
              -80.43072173281239,
              43.941859805927116
            ],
            [
              -80.43072819765975,
              43.941863391410756
            ],
            [
              -80.43073420703382,
              43.94186736966589
            ],
            [
              -80.43073971356458,
              43.94187171069909
            ],
            [
              -80.4307446737586,
              43.94187638288417
            ],
            [
              -80.43074905334359,
              43.94188134869025
            ],
            [
              -80.43075281541238,
              43.94188657227356
            ],
            [
              -80.43075593468858,
              43.941892012891685
            ],
            [
              -80.43075640367665,
              43.94189296669384
            ],
            [
              -80.43085247790295,
              43.94209297794245
            ],
            [
              -80.43120941548335,
              43.941932597192675
            ],
            [
              -80.4312682414612,
              43.941860833596394
            ],
            [
              -80.43116638363877,
              43.94145264866495
            ],
            [
              -80.43116528950472,
              43.94144668189331
            ],
            [
              -80.43116493276723,
              43.941440798612646
            ],
            [
              -80.43116528918678,
              43.941434915782175
            ],
            [
              -80.43116635253195,
              43.94142907817665
            ],
            [
              -80.43116811547874,
              43.94142332872135
            ],
            [
              -80.4311705667512,
              43.94141771287197
            ],
            [
              -80.43117368660239,
              43.94141227301241
            ],
            [
              -80.43117744922313,
              43.94140704946023
            ],
            [
              -80.43118182748748,
              43.94140208337678
            ],
            [
              -80.43118678843226,
              43.94139741116418
            ],
            [
              -80.43119275296809,
              43.94139274034739
            ],
            [
              -80.43142696069363,
              43.941225836323355
            ],
            [
              -80.4315773225492,
              43.94087529917011
            ],
            [
              -80.43138278531191,
              43.94040288789572
            ]
          ],
          [
            [
              -80.4311328362638,
              43.94768850427066
            ],
            [
              -80.43103526176743,
              43.94794748600385
            ],
            [
              -80.43149004497644,
              43.948486581976205
            ],
            [
              -80.43262665754139,
              43.94937227401641
            ],
            [
              -80.43372207263447,
              43.94954813798598
            ],
            [
              -80.43422955138219,
              43.94935526169411
            ],
            [
              -80.43423523762148,
              43.94935327590467
            ],
            [
              -80.43424109499853,
              43.9493515705505
            ],
            [
              -80.43424886825254,
              43.94934979997441
            ],
            [
              -80.43425682580737,
              43.94934852572955
            ],
            [
              -80.43426015334005,
              43.94934814629301
            ],
            [
              -80.43528305242646,
              43.949245145921225
            ],
            [
              -80.4352894863206,
              43.94924466114864
            ],
            [
              -80.43529594939642,
              43.949244499279075
            ],
            [
              -80.4353040934816,
              43.94924475565389
            ],
            [
              -80.43531217361492,
              43.949245524577115
            ],
            [
              -80.43531956338202,
              43.949246691385724
            ],
            [
              -80.43602520035823,
              43.949379859418286
            ],
            [
              -80.4361203566937,
              43.949218010294764
            ],
            [
              -80.43612543739499,
              43.949210649215004
            ],
            [
              -80.43612981707696,
              43.94920568292845
            ],
            [
              -80.43613477947402,
              43.94920101138598
            ],
            [
              -80.43614028548404,
              43.94919666982362
            ],
            [
              -80.43614629498727,
              43.949192690730264
            ],
            [
              -80.43615276157625,
              43.94918910722205
            ],
            [
              -80.43615963462241,
              43.949185943222076
            ],
            [
              -80.43616686466476,
              43.94918322360516
            ],
            [
              -80.43617439501192,
              43.94918097022869
            ],
            [
              -80.43618216949673,
              43.949179198666215
            ],
            [
              -80.43619012566444,
              43.94917792511869
            ],
            [
              -80.43619815414463,
              43.94917716014102
            ],
            [
              -80.43620624288704,
              43.94917689870407
            ],
            [
              -80.43775331024568,
              43.949175607882665
            ],
            [
              -80.43881416246384,
              43.94899616219497
            ],
            [
              -80.43948960149338,
              43.948696859581425
            ],
            [
              -80.43949173539717,
              43.94869594336215
            ],
            [
              -80.43949896513466,
              43.948693224415166
            ],
            [
              -80.43950649659477,
              43.94869096995746
            ],
            [
              -80.43951426951008,
              43.94868919989065
            ],
            [
              -80.43952222560398,
              43.948687925193724
            ],
            [
              -80.43953372268686,
              43.94868698560833
            ],
            [
              -80.44183002052105,
              43.948602910114786
            ],
            [
              -80.44264872245816,
              43.94826114864497
            ],
            [
              -80.44265596617232,
              43.94825842379248
            ],
            [
              -80.44266349605076,
              43.94825617085088
            ],
            [
              -80.44267126887715,
              43.94825439965365
            ],
            [
              -80.44267922731947,
              43.948253124826145
            ],
            [
              -80.44268179367666,
              43.94825282465755
            ],
            [
              -80.44344346752253,
              43.9481715110192
            ],
            [
              -80.44436361505618,
              43.947656248558296
            ],
            [
              -80.44436875630572,
              43.947653567378374
            ],
            [
              -80.44437413551535,
              43.94765114339134
            ],
            [
              -80.44438136611517,
              43.94764842416581
            ],
            [
              -80.44438889583881,
              43.94764617110227
            ],
            [
              -80.44439666852298,
              43.947644399778696
            ],
            [
              -80.44440462559398,
              43.947643124767424
            ],
            [
              -80.4444127075348,
              43.947642356996134
            ],
            [
              -80.44442085045623,
              43.94764209999517
            ],
            [
              -80.44442899171135,
              43.947642357348876
            ],
            [
              -80.44443707305358,
              43.94764312472443
            ],
            [
              -80.44444502979948,
              43.94764440021217
            ],
            [
              -80.44445280437483,
              43.94764617140028
            ],
            [
              -80.44446033438479,
              43.94764842386562
            ],
            [
              -80.44446756240451,
              43.94765114340105
            ],
            [
              -80.44447443672615,
              43.94765430703858
            ],
            [
              -80.44448090315711,
              43.947657891702306
            ],
            [
              -80.44448691160542,
              43.947661869989844
            ],
            [
              -80.44449241841609,
              43.947666212075774
            ],
            [
              -80.44449417645829,
              43.947667772286785
            ],
            [
              -80.44459307623637,
              43.94775827086817
            ],
            [
              -80.44459707018576,
              43.94776221207053
            ],
            [
              -80.44460065994028,
              43.94776635013042
            ],
            [
              -80.44460442249112,
              43.94777157320345
            ],
            [
              -80.44460754216058,
              43.947777014295454
            ],
            [
              -80.44460999264084,
              43.94778262991998
            ],
            [
              -80.44461175741465,
              43.94778837881783
            ],
            [
              -80.44461282143098,
              43.947794217090745
            ],
            [
              -80.44461317716889,
              43.94780010026668
            ],
            [
              -80.4446128209093,
              43.94780598313781
            ],
            [
              -80.4446117576305,
              43.947811820874264
            ],
            [
              -80.44460999347866,
              43.947817569597795
            ],
            [
              -80.44460754205488,
              43.94782318575405
            ],
            [
              -80.4446064764287,
              43.94782520166814
            ],
            [
              -80.44451051765562,
              43.94799825665547
            ],
            [
              -80.44468649779112,
              43.94801870421296
            ],
            [
              -80.44548769373988,
              43.94769189691999
            ],
            [
              -80.44574249938519,
              43.94739233742165
            ],
            [
              -80.44548687156797,
              43.946808146831096
            ],
            [
              -80.44548521123964,
              43.946803869196934
            ],
            [
              -80.44548394456315,
              43.94679952127443
            ],
            [
              -80.44548288047321,
              43.94679368301798
            ],
            [
              -80.44548252464845,
              43.94678779985275
            ],
            [
              -80.44548287956566,
              43.946781916932544
            ],
            [
              -80.44548394397405,
              43.94677607924911
            ],
            [
              -80.44548570807537,
              43.94677032962104
            ],
            [
              -80.44548815928742,
              43.94676471434969
            ],
            [
              -80.44549127809618,
              43.94675927312879
            ],
            [
              -80.44549504212932,
              43.94675405003248
            ],
            [
              -80.44549942069098,
              43.94674908426868
            ],
            [
              -80.44550438206667,
              43.94674441229834
            ],
            [
              -80.44550988957236,
              43.94674007036647
            ],
            [
              -80.445515898051,
              43.94673609164724
            ],
            [
              -80.44552236381192,
              43.94673250667567
            ],
            [
              -80.44552923841901,
              43.94672934307807
            ],
            [
              -80.445533902589,
              43.9467275231282
            ],
            [
              -80.44609660149086,
              43.94652262228385
            ],
            [
              -80.44610669722108,
              43.94651946973493
            ],
            [
              -80.44611446961521,
              43.94651769918443
            ],
            [
              -80.446122426408,
              43.9465164249425
            ],
            [
              -80.44613050823325,
              43.94651565614243
            ],
            [
              -80.44613864973662,
              43.946515398954624
            ],
            [
              -80.44614679331744,
              43.946515656282656
            ],
            [
              -80.44615487312568,
              43.9465164252662
            ],
            [
              -80.44616282989736,
              43.9465176988265
            ],
            [
              -80.44617060312581,
              43.94651946983079
            ],
            [
              -80.44617813297684,
              43.94652172306724
            ],
            [
              -80.44618536349283,
              43.94652444169062
            ],
            [
              -80.44619223645513,
              43.9465276060547
            ],
            [
              -80.44619870286552,
              43.946531190607296
            ],
            [
              -80.44620268710175,
              43.9465337502065
            ],
            [
              -80.44650468557529,
              43.946739148237256
            ],
            [
              -80.44714584028371,
              43.94653916929354
            ],
            [
              -80.44754905176455,
              43.946267175058935
            ],
            [
              -80.44747319502879,
              43.945924045928585
            ],
            [
              -80.4474723184533,
              43.94591873928451
            ],
            [
              -80.44747202570944,
              43.945913399432996
            ],
            [
              -80.44747238048205,
              43.94590751561512
            ],
            [
              -80.4474734446615,
              43.94590167791821
            ],
            [
              -80.44747520845124,
              43.945895929160976
            ],
            [
              -80.44747765949496,
              43.94589031295191
            ],
            [
              -80.44748077922418,
              43.94588487262978
            ],
            [
              -80.44748454176515,
              43.94587964941416
            ],
            [
              -80.44748892139376,
              43.945874682729354
            ],
            [
              -80.44749388252056,
              43.94587001067032
            ],
            [
              -80.447499388389,
              43.945865670380414
            ],
            [
              -80.44750539794433,
              43.9458616907081
            ],
            [
              -80.44751186456502,
              43.94585810746745
            ],
            [
              -80.44751873777983,
              43.94585494279154
            ],
            [
              -80.44752596666943,
              43.9458522241995
            ],
            [
              -80.44753349733409,
              43.945849970071954
            ],
            [
              -80.44754126958713,
              43.9458481994174
            ],
            [
              -80.44754922749189,
              43.94584692512238
            ],
            [
              -80.44755730671355,
              43.94584615610519
            ],
            [
              -80.44756545059568,
              43.94584589891485
            ],
            [
              -80.44757359159867,
              43.94584615602405
            ],
            [
              -80.44758167257068,
              43.94584692495105
            ],
            [
              -80.44758963044607,
              43.945848199353726
            ],
            [
              -80.44759740238328,
              43.94584997019685
            ],
            [
              -80.44760446995706,
              43.945852069020034
            ],
            [
              -80.4479013774616,
              43.945950679135976
            ],
            [
              -80.44814399585114,
              43.94552745583661
            ],
            [
              -80.4478798966697,
              43.945341776368195
            ],
            [
              -80.44787348347833,
              43.94533678789979
            ],
            [
              -80.44786852158533,
              43.94533211560547
            ],
            [
              -80.44786414280742,
              43.945327148803905
            ],
            [
              -80.44786038011371,
              43.94532192586445
            ],
            [
              -80.44785726142881,
              43.94531648583823
            ],
            [
              -80.44785480948359,
              43.945310870253714
            ],
            [
              -80.44785304576645,
              43.9453051205853
            ],
            [
              -80.4478517502581,
              43.94529687498043
            ],
            [
              -80.4477874487561,
              43.94439586367033
            ],
            [
              -80.4475539559153,
              43.944232956906625
            ],
            [
              -80.44754728483483,
              43.944227787847346
            ],
            [
              -80.4475423243124,
              43.94422311559834
            ],
            [
              -80.44753794557799,
              43.944218149688055
            ],
            [
              -80.44753418058144,
              43.94421292573893
            ],
            [
              -80.44753106199195,
              43.94420748571093
            ],
            [
              -80.44752861137222,
              43.94420187018091
            ],
            [
              -80.44752684765034,
              43.944196121413064
            ],
            [
              -80.447525539472,
              43.944187684268094
            ],
            [
              -80.44750734440845,
              43.94391783868827
            ],
            [
              -80.44748617450165,
              43.94391545899319
            ],
            [
              -80.44739122996835,
              43.94404373211244
            ],
            [
              -80.4473897549601,
              43.94404565007758
            ],
            [
              -80.44738537554346,
              43.94405061584866
            ],
            [
              -80.44738041457202,
              43.944055287891416
            ],
            [
              -80.44737490880149,
              43.94405962906245
            ],
            [
              -80.44736889950892,
              43.944063607820205
            ],
            [
              -80.4473624342584,
              43.944067191995245
            ],
            [
              -80.44735556133345,
              43.94407035575585
            ],
            [
              -80.4473483325958,
              43.944073075227465
            ],
            [
              -80.44734080216774,
              43.94407532933648
            ],
            [
              -80.44733302891734,
              43.94407709991816
            ],
            [
              -80.44732507250691,
              43.944078374247766
            ],
            [
              -80.44731699230032,
              43.94407914319131
            ],
            [
              -80.44730884992204,
              43.94407940041577
            ],
            [
              -80.44730070794024,
              43.94407914323265
            ],
            [
              -80.44729262847531,
              43.94407837433975
            ],
            [
              -80.44728467086384,
              43.944077099917564
            ],
            [
              -80.44727689794577,
              43.94407532900145
            ],
            [
              -80.4472693684605,
              43.94407307495335
            ],
            [
              -80.44726213945661,
              43.944070356467336
            ],
            [
              -80.44725526549831,
              43.94406719212955
            ],
            [
              -80.44724880055202,
              43.94406360770755
            ],
            [
              -80.44724279112991,
              43.94405962864525
            ],
            [
              -80.44723728563152,
              43.9440552876757
            ],
            [
              -80.4472328985864,
              43.94405120158788
            ],
            [
              -80.4472289558848,
              43.94404688524244
            ],
            [
              -80.44703175735971,
              43.94381178538231
            ],
            [
              -80.44703074538288,
              43.94381055041918
            ],
            [
              -80.44702698177969,
              43.94380532561089
            ],
            [
              -80.44702386326384,
              43.94379988557075
            ],
            [
              -80.4470214127143,
              43.943794270031894
            ],
            [
              -80.44701964905876,
              43.94378852125857
            ],
            [
              -80.44701858486376,
              43.94378268304074
            ],
            [
              -80.44701822889368,
              43.94377679990393
            ],
            [
              -80.44701858486883,
              43.9437709170557
            ],
            [
              -80.44701964920456,
              43.943765077584395
            ],
            [
              -80.44702141297306,
              43.943759328850874
            ],
            [
              -80.4470238627253,
              43.943753712614196
            ],
            [
              -80.44702698230324,
              43.943748273218425
            ],
            [
              -80.44703074474086,
              43.9437430500337
            ],
            [
              -80.44703512423973,
              43.943738083381746
            ],
            [
              -80.44704008637963,
              43.94373341230889
            ],
            [
              -80.44704559221857,
              43.94372907025961
            ],
            [
              -80.44705160018086,
              43.94372509236581
            ],
            [
              -80.44705806548602,
              43.94372150731384
            ],
            [
              -80.44706493970138,
              43.94371834273045
            ],
            [
              -80.44707216957404,
              43.94371562423126
            ],
            [
              -80.44707969747898,
              43.943713370034665
            ],
            [
              -80.44708747061128,
              43.94371160037028
            ],
            [
              -80.44709548874728,
              43.94371031793101
            ],
            [
              -80.44731684834898,
              43.94368233498335
            ],
            [
              -80.44740733002489,
              43.94350279521393
            ],
            [
              -80.44672361058915,
              43.94288975401475
            ],
            [
              -80.44671929825905,
              43.942885565743836
            ],
            [
              -80.44671544750892,
              43.9428811497686
            ],
            [
              -80.44671168385027,
              43.942875926750766
            ],
            [
              -80.4467085654933,
              43.942870485810204
            ],
            [
              -80.44670611377525,
              43.94286487021687
            ],
            [
              -80.44670435018269,
              43.94285912144525
            ],
            [
              -80.44670328603932,
              43.94285328323132
            ],
            [
              -80.44670293135152,
              43.942847400154584
            ],
            [
              -80.4467032277665,
              43.942842023744475
            ],
            [
              -80.446739642595,
              43.942512685181256
            ],
            [
              -80.44617764288141,
              43.94224356527835
            ],
            [
              -80.44616920190039,
              43.94223900754616
            ],
            [
              -80.44616319384978,
              43.94223503028089
            ],
            [
              -80.44615768745254,
              43.94223068831349
            ],
            [
              -80.44615272722946,
              43.94222601601104
            ],
            [
              -80.44614834753818,
              43.94222105000186
            ],
            [
              -80.4461445852213,
              43.94221582702215
            ],
            [
              -80.44614146571583,
              43.9422103860155
            ],
            [
              -80.44613901540241,
              43.94220476957005
            ],
            [
              -80.44613725064829,
              43.94219902073994
            ],
            [
              -80.44613618782046,
              43.94219318257926
            ],
            [
              -80.44613583188075,
              43.94218730034942
            ],
            [
              -80.446136188015,
              43.94218141661874
            ],
            [
              -80.44613725102215,
              43.942175578909925
            ],
            [
              -80.44613901483213,
              43.942169830203234
            ],
            [
              -80.44614146584613,
              43.94216421405284
            ],
            [
              -80.44614458557055,
              43.942158772899276
            ],
            [
              -80.44614834798304,
              43.942153549757066
            ],
            [
              -80.44615272736017,
              43.94214858404995
            ],
            [
              -80.44615768826365,
              43.9421439120769
            ],
            [
              -80.44616289141163,
              43.942139790275526
            ],
            [
              -80.44616854762047,
              43.942135992664284
            ],
            [
              -80.44640593632401,
              43.94198935757934
            ],
            [
              -80.44639649845071,
              43.94193556294652
            ],
            [
              -80.44601269302552,
              43.94186245741849
            ],
            [
              -80.4456274834106,
              43.94204582902292
            ],
            [
              -80.44548254654872,
              43.94247017324884
            ],
            [
              -80.44547963472766,
              43.942477085609724
            ],
            [
              -80.44547651616146,
              43.942482526799786
            ],
            [
              -80.44547266327235,
              43.942487862211415
            ],
            [
              -80.44508177446417,
              43.94297277319438
            ],
            [
              -80.44507747194834,
              43.94297762238669
            ],
            [
              -80.4450726132443,
              43.94298218794857
            ],
            [
              -80.44506841043716,
              43.942985569372645
            ],
            [
              -80.44439987002701,
              43.94348825920063
            ],
            [
              -80.44433767052598,
              43.94385334586635
            ],
            [
              -80.4443369523284,
              43.94385682103625
            ],
            [
              -80.44433518827515,
              43.94386256972538
            ],
            [
              -80.44433273700005,
              43.943868185846135
            ],
            [
              -80.44432961831554,
              43.943873626114346
            ],
            [
              -80.44432585553676,
              43.94387885010078
            ],
            [
              -80.4443214758558,
              43.94388381574298
            ],
            [
              -80.44431651463823,
              43.943888487639875
            ],
            [
              -80.44431100864163,
              43.94389282864921
            ],
            [
              -80.44430500031265,
              43.943896808182366
            ],
            [
              -80.444298533639,
              43.94390039211391
            ],
            [
              -80.4442916605581,
              43.943903555673195
            ],
            [
              -80.44428443044798,
              43.943906274879204
            ],
            [
              -80.44427690240164,
              43.94390852887589
            ],
            [
              -80.44427458438271,
              43.94390911374397
            ],
            [
              -80.44317642117633,
              43.94417450745224
            ],
            [
              -80.44317377025068,
              43.94445945266849
            ],
            [
              -80.44317338913403,
              43.944465108303085
            ],
            [
              -80.44317235322362,
              43.94447072106158
            ],
            [
              -80.44317058902833,
              43.944476469735775
            ],
            [
              -80.4431681376065,
              43.94448208583383
            ],
            [
              -80.44316501877132,
              43.944487526071796
            ],
            [
              -80.4431612559142,
              43.94449274912304
            ],
            [
              -80.44315687724622,
              43.94449771567228
            ],
            [
              -80.44315191579904,
              43.94450238841559
            ],
            [
              -80.44314640964859,
              43.944506729367355
            ],
            [
              -80.44314040131711,
              43.94451070704168
            ],
            [
              -80.44313393442009,
              43.94451429180204
            ],
            [
              -80.4431270611203,
              43.944517456185274
            ],
            [
              -80.4431207664819,
              43.94451985561252
            ],
            [
              -80.4431142381722,
              43.944521901631475
            ],
            [
              -80.44168560947614,
              43.9449236881558
            ],
            [
              -80.44106015917104,
              43.94542528067291
            ],
            [
              -80.44105563674653,
              43.94542866158108
            ],
            [
              -80.44105080091468,
              43.94543180813401
            ],
            [
              -80.4410443350146,
              43.945435392824
            ],
            [
              -80.4410374614786,
              43.945438557074226
            ],
            [
              -80.44103023224689,
              43.94544127611557
            ],
            [
              -80.44102270268814,
              43.94544352893166
            ],
            [
              -80.44101493020709,
              43.94544530000033
            ],
            [
              -80.4410069733763,
              43.94544657475095
            ],
            [
              -80.44099889163687,
              43.945447343155465
            ],
            [
              -80.44099075026809,
              43.94544759994425
            ],
            [
              -80.4409826080379,
              43.94544734316828
            ],
            [
              -80.44097452714269,
              43.94544657463133
            ],
            [
              -80.44096656947957,
              43.94544529972782
            ],
            [
              -80.44095879649687,
              43.94544352923832
            ],
            [
              -80.44095259466432,
              43.94544171355587
            ],
            [
              -80.440558576585,
              43.9453143375891
            ],
            [
              -80.4402900634988,
              43.945476491933015
            ],
            [
              -80.44028366253602,
              43.945480029852185
            ],
            [
              -80.44027686189172,
              43.945483156683586
            ],
            [
              -80.44026963261638,
              43.94548587567271
            ],
            [
              -80.44026210294544,
              43.94548812933209
            ],
            [
              -80.44025433043349,
              43.94548990034451
            ],
            [
              -80.4402463735786,
              43.945491175037546
            ],
            [
              -80.44024034775141,
              43.9454917967608
            ],
            [
              -80.4402342795599,
              43.94549213375079
            ],
            [
              -80.43943564252216,
              43.9455176607587
            ],
            [
              -80.43814821877204,
              43.94579812636924
            ],
            [
              -80.43813747327229,
              43.94579997417837
            ],
            [
              -80.43812939136568,
              43.94580074325999
            ],
            [
              -80.43812124993084,
              43.94580099982633
            ],
            [
              -80.43811310641924,
              43.945800742773585
            ],
            [
              -80.43810502675461,
              43.94579997406939
            ],
            [
              -80.43809852270923,
              43.94579897211527
            ],
            [
              -80.43809213361912,
              43.945797638216305
            ],
            [
              -80.43684046235956,
              43.94550101728519
            ],
            [
              -80.43641990703638,
              43.94560007607934
            ],
            [
              -80.43641359547955,
              43.94560138697006
            ],
            [
              -80.43640717251151,
              43.94560237408237
            ],
            [
              -80.43639909309455,
              43.945603143138705
            ],
            [
              -80.43639095036379,
              43.94560340041436
            ],
            [
              -80.43638280813211,
              43.94560314328153
            ],
            [
              -80.43637472852087,
              43.945602374444356
            ],
            [
              -80.43636677086725,
              43.94560110008953
            ],
            [
              -80.43635899801107,
              43.94559932925907
            ],
            [
              -80.43635254248551,
              43.94559743198286
            ],
            [
              -80.4354828395889,
              43.945314030827824
            ],
            [
              -80.43547453831529,
              43.94531095670431
            ],
            [
              -80.43546766349,
              43.94530779333071
            ],
            [
              -80.43546119792606,
              43.9453042081228
            ],
            [
              -80.4354559611994,
              43.94530078002391
            ],
            [
              -80.43545109536467,
              43.94529707617261
            ],
            [
              -80.43510334972456,
              43.9450113782245
            ],
            [
              -80.43471301274789,
              43.94524780585073
            ],
            [
              -80.43475346646791,
              43.94541798069222
            ],
            [
              -80.43529044493184,
              43.945509710559854
            ],
            [
              -80.43530090143265,
              43.945511971303254
            ],
            [
              -80.43530843209038,
              43.94551422357522
            ],
            [
              -80.43531566193396,
              43.945516942943726
            ],
            [
              -80.43532253545949,
              43.94552010717174
            ],
            [
              -80.43532900103975,
              43.9455236923892
            ],
            [
              -80.43533500990694,
              43.945527670345896
            ],
            [
              -80.4353405158527,
              43.94553201200214
            ],
            [
              -80.43534547808758,
              43.9455366831486
            ],
            [
              -80.43534985706475,
              43.945541649630094
            ],
            [
              -80.43535361982345,
              43.94554687307357
            ],
            [
              -80.43535673859736,
              43.94555231262927
            ],
            [
              -80.43535919036519,
              43.945557930356905
            ],
            [
              -80.43536095409665,
              43.94556367939348
            ],
            [
              -80.43536201840155,
              43.945569516899525
            ],
            [
              -80.43536237313177,
              43.94557540008956
            ],
            [
              -80.43536181123932,
              43.94558279476823
            ],
            [
              -80.43532201111107,
              43.9458436950906
            ],
            [
              -80.43532115402158,
              43.94584802096954
            ],
            [
              -80.43531939020072,
              43.94585376957621
            ],
            [
              -80.43531694039737,
              43.94585938560918
            ],
            [
              -80.43531382070441,
              43.94586482562367
            ],
            [
              -80.43531005685449,
              43.94587005019819
            ],
            [
              -80.4353056774398,
              43.94587501553119
            ],
            [
              -80.43530071644085,
              43.94587968796586
            ],
            [
              -80.43529521077238,
              43.94588402856766
            ],
            [
              -80.43528920157023,
              43.945888007595066
            ],
            [
              -80.43528273648194,
              43.94589159198634
            ],
            [
              -80.43527586255593,
              43.94589475586113
            ],
            [
              -80.43526863158594,
              43.94589747624855
            ],
            [
              -80.43526110297009,
              43.94589972870678
            ],
            [
              -80.43525333016326,
              43.9459015002475
            ],
            [
              -80.43524537320717,
              43.94590277366447
            ],
            [
              -80.43523844739654,
              43.94590346493158
            ],
            [
              -80.43294118248578,
              43.94606946191831
            ],
            [
              -80.43243780847813,
              43.9464537954661
            ],
            [
              -80.432430001904,
              43.94645910689621
            ],
            [
              -80.43242355726441,
              43.946462682105846
            ],
            [
              -80.43241670621477,
              43.94646583779341
            ],
            [
              -80.43167236345292,
              43.94677671962266
            ],
            [
              -80.43163234063724,
              43.947321603870364
            ],
            [
              -80.431632102862,
              43.94732516931212
            ],
            [
              -80.43163184348846,
              43.947327469803895
            ],
            [
              -80.43163085752904,
              43.947333320744384
            ],
            [
              -80.43162909319825,
              43.947339070197906
            ],
            [
              -80.4316266417078,
              43.94734468610152
            ],
            [
              -80.43162352280626,
              43.94735012607105
            ],
            [
              -80.4316197586524,
              43.94735534872806
            ],
            [
              -80.4316153798771,
              43.94736031576621
            ],
            [
              -80.43161041850392,
              43.94736498713792
            ],
            [
              -80.43160487287936,
              43.947369278083315
            ],
            [
              -80.43160266209718,
              43.94737086018741
            ],
            [
              -80.43159893372807,
              43.94737335367543
            ],
            [
              -80.4311328362638,
              43.94768850427066
            ]
          ],
          [
            [
              -80.44301987644569,
              43.941327417727884
            ],
            [
              -80.44301775210101,
              43.941320720755364
            ],
            [
              -80.44301682915074,
              43.941315947213326
            ],
            [
              -80.44301638058582,
              43.94131113663416
            ],
            [
              -80.44298558147972,
              43.9406086373148
            ],
            [
              -80.44298553375151,
              43.940606500067105
            ],
            [
              -80.44298588889664,
              43.94060061720301
            ],
            [
              -80.4429869535258,
              43.94059477869453
            ],
            [
              -80.44298852575855,
              43.940589552352556
            ],
            [
              -80.44299066645692,
              43.94058443180472
            ],
            [
              -80.44327016853248,
              43.94000063088654
            ],
            [
              -80.4432706684618,
              43.939999612960754
            ],
            [
              -80.44327378710571,
              43.93999417185397
            ],
            [
              -80.44327754964331,
              43.939988948829516
            ],
            [
              -80.44328192910758,
              43.939983983256276
            ],
            [
              -80.44328689005985,
              43.93997931143218
            ],
            [
              -80.44329239465151,
              43.93997496864951
            ],
            [
              -80.44329840371688,
              43.93997099104414
            ],
            [
              -80.44330486882467,
              43.93996740624101
            ],
            [
              -80.44331174154358,
              43.939964241864985
            ],
            [
              -80.44331561545914,
              43.9399627129314
            ],
            [
              -80.44402821860186,
              43.939697029044915
            ],
            [
              -80.44403272059544,
              43.93921433260937
            ],
            [
              -80.4411612427725,
              43.93766987403715
            ],
            [
              -80.44071076687489,
              43.937701090591744
            ],
            [
              -80.44070185052536,
              43.93770140008587
            ],
            [
              -80.44069370820525,
              43.93770114323606
            ],
            [
              -80.44068562853107,
              43.93770037378696
            ],
            [
              -80.44067767324168,
              43.93769909892857
            ],
            [
              -80.44066990129224,
              43.93769732933332
            ],
            [
              -80.44066358012991,
              43.93769547508961
            ],
            [
              -80.4406574634072,
              43.937693291894504
            ],
            [
              -80.44026026364777,
              43.93753829194268
            ],
            [
              -80.44025794413179,
              43.93753735589741
            ],
            [
              -80.4402510725649,
              43.93753419207976
            ],
            [
              -80.4402446063629,
              43.93753060714901
            ],
            [
              -80.44023859809107,
              43.93752662861747
            ],
            [
              -80.44023309248679,
              43.937522288161404
            ],
            [
              -80.44022813195274,
              43.93751761555383
            ],
            [
              -80.4402237544169,
              43.93751264938214
            ],
            [
              -80.4402199905034,
              43.937507426114294
            ],
            [
              -80.44021687177938,
              43.937501985862845
            ],
            [
              -80.440214422209,
              43.93749637021145
            ],
            [
              -80.440212658228,
              43.93749062131725
            ],
            [
              -80.4402115937129,
              43.937484782126944
            ],
            [
              -80.44021123851448,
              43.93747889901568
            ],
            [
              -80.44021159393725,
              43.93747301618513
            ],
            [
              -80.44021265755894,
              43.93746717767475
            ],
            [
              -80.44021442183877,
              43.93746142910316
            ],
            [
              -80.44021687200707,
              43.93745581307174
            ],
            [
              -80.44021796978305,
              43.93745374007041
            ],
            [
              -80.44038267022925,
              43.937157441098144
            ],
            [
              -80.4403853519345,
              43.9371530711927
            ],
            [
              -80.4403884539273,
              43.9371488493007
            ],
            [
              -80.44039283350116,
              43.937143882968854
            ],
            [
              -80.44039779320038,
              43.937139211244705
            ],
            [
              -80.44040329890318,
              43.93713486958141
            ],
            [
              -80.44040930669935,
              43.9371308912046
            ],
            [
              -80.44041577166115,
              43.93712730659281
            ],
            [
              -80.4404226453581,
              43.93712414336948
            ],
            [
              -80.4404298735228,
              43.93712142439965
            ],
            [
              -80.44043740211207,
              43.937119169855315
            ],
            [
              -80.4404449870835,
              43.93711743578882
            ],
            [
              -80.44045274837696,
              43.93711617426332
            ],
            [
              -80.44165053852183,
              43.93695985009726
            ],
            [
              -80.44165880941839,
              43.93695905569695
            ],
            [
              -80.44166694944825,
              43.93695879975688
            ],
            [
              -80.44167509173747,
              43.936959055633245
            ],
            [
              -80.44168317131624,
              43.93695982500542
            ],
            [
              -80.4416911265217,
              43.936961099786366
            ],
            [
              -80.44169889956713,
              43.93696287025598
            ],
            [
              -80.44170642667898,
              43.93696512373096
            ],
            [
              -80.44171365571225,
              43.936967842628256
            ],
            [
              -80.44171800195888,
              43.936969772192214
            ],
            [
              -80.44217594509178,
              43.93718573464867
            ],
            [
              -80.44236064505635,
              43.937054050016954
            ],
            [
              -80.44236620713191,
              43.937050391799666
            ],
            [
              -80.4423726719562,
              43.9370468070677
            ],
            [
              -80.44237954560485,
              43.93704364281885
            ],
            [
              -80.4423867724196,
              43.93704092366052
            ],
            [
              -80.4423943020848,
              43.93703866992774
            ],
            [
              -80.4424008942816,
              43.937037134003035
            ],
            [
              -80.44240762510458,
              43.937035954560436
            ],
            [
              -80.44359302379388,
              43.93686165516212
            ],
            [
              -80.44359542882289,
              43.93686132456275
            ],
            [
              -80.44360350918511,
              43.936860556864666
            ],
            [
              -80.44361165050823,
              43.93686029993011
            ],
            [
              -80.44362276257726,
              43.93686077934039
            ],
            [
              -80.44724104558289,
              43.9371740064043
            ],
            [
              -80.4477218421573,
              43.93708764690405
            ],
            [
              -80.44782424243435,
              43.936955198954806
            ],
            [
              -80.44767835302909,
              43.93640053773038
            ],
            [
              -80.44729712158164,
              43.93605141283277
            ],
            [
              -80.4472931375574,
              43.93604748030427
            ],
            [
              -80.44728955522314,
              43.9360433499051
            ],
            [
              -80.44728470125912,
              43.93603637145913
            ],
            [
              -80.44674490304628,
              43.93513346920563
            ],
            [
              -80.4467428756619,
              43.93512978561578
            ],
            [
              -80.4467404256035,
              43.93512416923657
            ],
            [
              -80.4467386623311,
              43.93511841962628
            ],
            [
              -80.44673759825972,
              43.93511258236965
            ],
            [
              -80.44673724237612,
              43.935106699298835
            ],
            [
              -80.44673763969185,
              43.93510048407868
            ],
            [
              -80.44685304652923,
              43.93419862792802
            ],
            [
              -80.44673086049987,
              43.93414737764547
            ],
            [
              -80.44672408713635,
              43.934144248259344
            ],
            [
              -80.44671770954645,
              43.934140707233595
            ],
            [
              -80.44671170241847,
              43.9341367291443
            ],
            [
              -80.44670619671676,
              43.9341323881495
            ],
            [
              -80.44670123717985,
              43.934127715922635
            ],
            [
              -80.44669685816073,
              43.93412274909146
            ],
            [
              -80.44669309634752,
              43.93411752618693
            ],
            [
              -80.44668997841596,
              43.934112086206014
            ],
            [
              -80.44668772536234,
              43.93410699460823
            ],
            [
              -80.44668603642592,
              43.93410179057798
            ],
            [
              -80.44650828701897,
              43.93343625695677
            ],
            [
              -80.44594932296053,
              43.932713739202036
            ],
            [
              -80.44594645240572,
              43.93270971806559
            ],
            [
              -80.4459439616978,
              43.932705566585184
            ],
            [
              -80.44504426888324,
              43.931057119252316
            ],
            [
              -80.44391996511169,
              43.930224839234405
            ],
            [
              -80.44339596083717,
              43.93020651919188
            ],
            [
              -80.44287725393042,
              43.93052814543008
            ],
            [
              -80.44278409986319,
              43.93144504226827
            ],
            [
              -80.44278293215655,
              43.931451821266556
            ],
            [
              -80.44278125867245,
              43.931457323311655
            ],
            [
              -80.44277895816737,
              43.9314627053009
            ],
            [
              -80.44227624415899,
              43.932484860755
            ],
            [
              -80.44227245150492,
              43.932887659364816
            ],
            [
              -80.44227206943253,
              43.932893311265616
            ],
            [
              -80.44227103387276,
              43.932898921237005
            ],
            [
              -80.44227023858824,
              43.93290181010266
            ],
            [
              -80.44174344170777,
              43.934618910632985
            ],
            [
              -80.4417419235464,
              43.934623188803734
            ],
            [
              -80.44174002313186,
              43.934627386386765
            ],
            [
              -80.44173690464108,
              43.934632827409594
            ],
            [
              -80.44173314232445,
              43.93463805034212
            ],
            [
              -80.44172876438917,
              43.934643015869916
            ],
            [
              -80.44172380254491,
              43.93464768753358
            ],
            [
              -80.44171829836412,
              43.93465203020364
            ],
            [
              -80.44171228976718,
              43.93465600769074
            ],
            [
              -80.44170582634925,
              43.93465959332248
            ],
            [
              -80.44169895303538,
              43.9346627566196
            ],
            [
              -80.44169172525791,
              43.93466547566807
            ],
            [
              -80.44168419713206,
              43.93466772939744
            ],
            [
              -80.44167331521109,
              43.934670060703354
            ],
            [
              -80.44057511407924,
              43.93485376068298
            ],
            [
              -80.4405702697874,
              43.93485447520187
            ],
            [
              -80.44056219092077,
              43.93485524271847
            ],
            [
              -80.44055404980635,
              43.934855500313446
            ],
            [
              -80.44054590922673,
              43.9348552426095
            ],
            [
              -80.44053782982465,
              43.934854474947265
            ],
            [
              -80.44053181720696,
              43.93485356024659
            ],
            [
              -80.44052590048811,
              43.93485236232619
            ],
            [
              -80.43951889998708,
              43.934622361945266
            ],
            [
              -80.43951510301753,
              43.934621429168104
            ],
            [
              -80.43950757500079,
              43.934619176386505
            ],
            [
              -80.43950034638675,
              43.934616457345626
            ],
            [
              -80.43949347530452,
              43.93461329259282
            ],
            [
              -80.43948689913465,
              43.93460964066454
            ],
            [
              -80.43833320043811,
              43.9339056388888
            ],
            [
              -80.4383272510248,
              43.93390169343598
            ],
            [
              -80.43832179665598,
              43.93389738754051
            ],
            [
              -80.43831683653808,
              43.9338927157625
            ],
            [
              -80.43831245814809,
              43.933887750378325
            ],
            [
              -80.43830869590786,
              43.93388252712084
            ],
            [
              -80.43830557765467,
              43.93387708594082
            ],
            [
              -80.43830315961796,
              43.93387155991777
            ],
            [
              -80.43830141324192,
              43.93386590276333
            ],
            [
              -80.43796211157677,
              43.93251870259373
            ],
            [
              -80.437961001421,
              43.9325126821363
            ],
            [
              -80.43796064649638,
              43.93250679905589
            ],
            [
              -80.43796093135387,
              43.932501541125774
            ],
            [
              -80.43816315909832,
              43.93063122921223
            ],
            [
              -80.43787090526358,
              43.93009377369064
            ],
            [
              -80.43731814391056,
              43.92964455264638
            ],
            [
              -80.43646784459841,
              43.929437703704956
            ],
            [
              -80.43380449081461,
              43.92971505009865
            ],
            [
              -80.43318708572292,
              43.93020598479064
            ],
            [
              -80.43277756654075,
              43.93104758638699
            ],
            [
              -80.43262037748578,
              43.93205027156608
            ],
            [
              -80.43267723811518,
              43.933008174728485
            ],
            [
              -80.43306809110236,
              43.93390139976911
            ],
            [
              -80.43532652168899,
              43.93394812697968
            ],
            [
              -80.43533332041012,
              43.93394844828212
            ],
            [
              -80.4353400695394,
              43.93394912508751
            ],
            [
              -80.43534802540246,
              43.93395040039833
            ],
            [
              -80.43535579540652,
              43.933952170324865
            ],
            [
              -80.43536292173769,
              43.933954288802
            ],
            [
              -80.43710482060723,
              43.93453398810858
            ],
            [
              -80.43711245293287,
              43.934536842913666
            ],
            [
              -80.43711932642724,
              43.93454000703251
            ],
            [
              -80.43712579082964,
              43.93454359208765
            ],
            [
              -80.43713179862337,
              43.93454756988418
            ],
            [
              -80.43713730353356,
              43.93455191228125
            ],
            [
              -80.4371422636853,
              43.93455658322142
            ],
            [
              -80.4371466644718,
              43.93456157846524
            ],
            [
              -80.43764078759601,
              43.93518140464442
            ],
            [
              -80.43764452462854,
              43.935186601610866
            ],
            [
              -80.43764762416761,
              43.935192013175666
            ],
            [
              -80.4376492240165,
              43.935195479257146
            ],
            [
              -80.43816579106972,
              43.936424198372826
            ],
            [
              -80.43839733645261,
              43.93659530726194
            ],
            [
              -80.43840210608046,
              43.93659911127885
            ],
            [
              -80.43840706645047,
              43.93660378306947
            ],
            [
              -80.43841144623347,
              43.9366087494191
            ],
            [
              -80.4384152074285,
              43.93661397263756
            ],
            [
              -80.43841832716527,
              43.936619412990275
            ],
            [
              -80.43842077651252,
              43.936625028677085
            ],
            [
              -80.43842254151991,
              43.936630777648915
            ],
            [
              -80.43842360466027,
              43.93663661589914
            ],
            [
              -80.43842395966134,
              43.93664249900989
            ],
            [
              -80.43842360529439,
              43.93664838188206
            ],
            [
              -80.43842254142317,
              43.93665422126573
            ],
            [
              -80.43842077698127,
              43.93665996980111
            ],
            [
              -80.43841832666449,
              43.93666558578469
            ],
            [
              -80.43841520904499,
              43.93667102587979
            ],
            [
              -80.43841144619698,
              43.936676249604865
            ],
            [
              -80.43840851368797,
              43.93667967790294
            ],
            [
              -80.43814954242934,
              43.93696325413578
            ],
            [
              -80.43878258198076,
              43.93721524704506
            ],
            [
              -80.43912920923837,
              43.9371987451275
            ],
            [
              -80.43913535040154,
              43.93719859881015
            ],
            [
              -80.43914349263977,
              43.93719885578068
            ],
            [
              -80.4391515709761,
              43.9371996252939
            ],
            [
              -80.43915952747453,
              43.93720089942355
            ],
            [
              -80.43916729922992,
              43.937202670027176
            ],
            [
              -80.43917482751284,
              43.937204923738456
            ],
            [
              -80.43918205645215,
              43.93720764281102
            ],
            [
              -80.43918892791639,
              43.937210806697344
            ],
            [
              -80.43919539284413,
              43.93721439073988
            ],
            [
              -80.43920140217345,
              43.93721837028122
            ],
            [
              -80.43920690642324,
              43.937222710735625
            ],
            [
              -80.43921186808578,
              43.93722738344372
            ],
            [
              -80.43921624558192,
              43.93723234875811
            ],
            [
              -80.43922000930608,
              43.937237572957706
            ],
            [
              -80.43922312791608,
              43.93724301323692
            ],
            [
              -80.43922557861582,
              43.9372486289636
            ],
            [
              -80.43922734248547,
              43.937254377872556
            ],
            [
              -80.43922824837449,
              43.93725903718208
            ],
            [
              -80.43922870257047,
              43.93726373089379
            ],
            [
              -80.43923797946549,
              43.93745464215355
            ],
            [
              -80.43941038194154,
              43.93758841361145
            ],
            [
              -80.43988842592903,
              43.93772929661106
            ],
            [
              -80.43989423604363,
              43.93773117912196
            ],
            [
              -80.43989985569111,
              43.93773334254067
            ],
            [
              -80.43990672843019,
              43.93773650733387
            ],
            [
              -80.4399131934669,
              43.93774009133465
            ],
            [
              -80.43991801638047,
              43.93774322821724
            ],
            [
              -80.43992252672544,
              43.93774660015486
            ],
            [
              -80.44097372840363,
              43.93858909943017
            ],
            [
              -80.4409759089371,
              43.93859091141053
            ],
            [
              -80.44098086970685,
              43.93859558309169
            ],
            [
              -80.44098524739778,
              43.938600549238835
            ],
            [
              -80.44098901138454,
              43.93860577338443
            ],
            [
              -80.4409921303228,
              43.93861121272316
            ],
            [
              -80.44099445160981,
              43.93861648403537
            ],
            [
              -80.44129154596267,
              43.93940104833985
            ],
            [
              -80.44145823636771,
              43.939514956732005
            ],
            [
              -80.4414656102674,
              43.93952061082111
            ],
            [
              -80.44147057108829,
              43.9395252833825
            ],
            [
              -80.44147494897264,
              43.93953024861761
            ],
            [
              -80.44147871190239,
              43.939535471800305
            ],
            [
              -80.44148183079264,
              43.93954091292648
            ],
            [
              -80.4414842818266,
              43.93954652861736
            ],
            [
              -80.4414860446902,
              43.93955227834931
            ],
            [
              -80.44148710953071,
              43.93955811574724
            ],
            [
              -80.44148746487957,
              43.9395639988702
            ],
            [
              -80.4414871095803,
              43.93956988172122
            ],
            [
              -80.44148604481126,
              43.93957572020663
            ],
            [
              -80.44148342448109,
              43.939583634327946
            ],
            [
              -80.44130502595681,
              43.94000763455796
            ],
            [
              -80.44130343184077,
              43.940011086019105
            ],
            [
              -80.44130031300017,
              43.940016527067414
            ],
            [
              -80.44129655027231,
              43.940021750021195
            ],
            [
              -80.44129217055027,
              43.9400267164095
            ],
            [
              -80.44128720942373,
              43.9400313881396
            ],
            [
              -80.44127920453863,
              43.940037470775536
            ],
            [
              -80.44057700452032,
              43.94050847080256
            ],
            [
              -80.44057349661374,
              43.94051070836665
            ],
            [
              -80.44056703250543,
              43.940514293058136
            ],
            [
              -80.44056015831679,
              43.940517457202624
            ],
            [
              -80.44055365611558,
              43.940519927602274
            ],
            [
              -80.44054690460415,
              43.94052202318687
            ],
            [
              -80.43988480273443,
              43.94070552328487
            ],
            [
              -80.4398833001711,
              43.94070592910353
            ],
            [
              -80.43987552832519,
              43.94070770007683
            ],
            [
              -80.43986757098833,
              43.94070897378147
            ],
            [
              -80.43986429050824,
              43.940709349107316
            ],
            [
              -80.43821788991555,
              43.94087574894335
            ],
            [
              -80.43821143561114,
              43.94087623656174
            ],
            [
              -80.43820494970247,
              43.940876400274846
            ],
            [
              -80.43819680816455,
              43.94087614328433
            ],
            [
              -80.43818872929965,
              43.940875373693906
            ],
            [
              -80.43817834365414,
              43.9408736037
            ],
            [
              -80.43605459053141,
              43.94041762727557
            ],
            [
              -80.43574942031528,
              43.940735787963206
            ],
            [
              -80.43559428704499,
              43.94112226621593
            ],
            [
              -80.43575844372367,
              43.94168282629357
            ],
            [
              -80.43575904770472,
              43.94168507787088
            ],
            [
              -80.43576011190183,
              43.94169091624085
            ],
            [
              -80.43576046796679,
              43.941696798556094
            ],
            [
              -80.435760111964,
              43.941702682301845
            ],
            [
              -80.4357590477857,
              43.94170852079958
            ],
            [
              -80.43575728406914,
              43.94171427028004
            ],
            [
              -80.43575483449574,
              43.9417198862928
            ],
            [
              -80.43575367507971,
              43.94172206739992
            ],
            [
              -80.43552302764054,
              43.94213489693754
            ],
            [
              -80.43560782568188,
              43.942468968783785
            ],
            [
              -80.43574090862518,
              43.942543976632514
            ],
            [
              -80.43574349798895,
              43.942545491208065
            ],
            [
              -80.4357495064848,
              43.94254947002319
            ],
            [
              -80.43575501348131,
              43.94255381079713
            ],
            [
              -80.43575997416468,
              43.94255848274936
            ],
            [
              -80.43576435294142,
              43.94256344919419
            ],
            [
              -80.43576811553513,
              43.942568672602384
            ],
            [
              -80.4357712353482,
              43.942574113076304
            ],
            [
              -80.4357736859326,
              43.94257972892288
            ],
            [
              -80.43577544961171,
              43.94258547793005
            ],
            [
              -80.43577651258568,
              43.942591316252695
            ],
            [
              -80.43577686865837,
              43.942597198574795
            ],
            [
              -80.4357764062104,
              43.94260391014739
            ],
            [
              -80.43572501435179,
              43.94297556895043
            ],
            [
              -80.43609227555527,
              43.943710091940254
            ],
            [
              -80.43688195091335,
              43.94448164736991
            ],
            [
              -80.43769999153652,
              43.94468610907335
            ],
            [
              -80.43770140151967,
              43.94468647134258
            ],
            [
              -80.43770893208777,
              43.94468872433755
            ],
            [
              -80.43771616077397,
              43.94469144258602
            ],
            [
              -80.437723035577,
              43.94469460670747
            ],
            [
              -80.4377295012169,
              43.9446981917732
            ],
            [
              -80.43773551016783,
              43.94470216958817
            ],
            [
              -80.43774101614602,
              43.94470651201142
            ],
            [
              -80.4377459771936,
              43.94471118388299
            ],
            [
              -80.4377503563223,
              43.94471615025895
            ],
            [
              -80.43775362473511,
              43.94472061963803
            ],
            [
              -80.43775642177074,
              43.94472525409433
            ],
            [
              -80.43782369316213,
              43.944849177665496
            ],
            [
              -80.43791909980997,
              43.9449254341083
            ],
            [
              -80.43905157678499,
              43.94489655095721
            ],
            [
              -80.44036659805627,
              43.94469407344168
            ],
            [
              -80.44103784161277,
              43.94444332717886
            ],
            [
              -80.44339634804612,
              43.942286525335376
            ],
            [
              -80.44301987644569,
              43.941327417727884
            ]
          ],
          [
            [
              -80.43805681940854,
              43.93969815899462
            ],
            [
              -80.43862491990943,
              43.93952442057992
            ],
            [
              -80.43894352185397,
              43.939127838679674
            ],
            [
              -80.43877367503315,
              43.93861381368928
            ],
            [
              -80.4382034440746,
              43.93791836236987
            ],
            [
              -80.43731809932164,
              43.937615239270706
            ],
            [
              -80.43648008350247,
              43.93764460301821
            ],
            [
              -80.43617887122211,
              43.93771249621657
            ],
            [
              -80.43601821388489,
              43.937934559027404
            ],
            [
              -80.4370044839576,
              43.93930302678302
            ],
            [
              -80.43805681940854,
              43.93969815899462
            ]
          ],
          [
            [
              -80.45251116893063,
              43.94700440036306
            ],
            [
              -80.4525091594497,
              43.947007049288544
            ],
            [
              -80.45250478018566,
              43.94701201619017
            ],
            [
              -80.45249981945722,
              43.94701668759534
            ],
            [
              -80.45249431255225,
              43.94702102899784
            ],
            [
              -80.45248830338132,
              43.947025007166445
            ],
            [
              -80.45248183687377,
              43.94702859161686
            ],
            [
              -80.45247496263049,
              43.947031755671084
            ],
            [
              -80.45246773383083,
              43.947034474608095
            ],
            [
              -80.4524602044489,
              43.94703672914703
            ],
            [
              -80.45245243101843,
              43.94703849921702
            ],
            [
              -80.45244447305456,
              43.94703977388576
            ],
            [
              -80.4524363925577,
              43.94704054232873
            ],
            [
              -80.45242824983798,
              43.94704079905359
            ],
            [
              -80.45241948975996,
              43.94704050196257
            ],
            [
              -80.45144455649955,
              43.94697415612533
            ],
            [
              -80.45001585857351,
              43.94735996761582
            ],
            [
              -80.44929043042866,
              43.94805205068456
            ],
            [
              -80.44928752011789,
              43.94805468838846
            ],
            [
              -80.44928201285408,
              43.94805902962831
            ],
            [
              -80.44927600457851,
              43.94806300767234
            ],
            [
              -80.44926953766367,
              43.94806659282744
            ],
            [
              -80.44926266434717,
              43.94806975672945
            ],
            [
              -80.44925543393411,
              43.94807247629273
            ],
            [
              -80.44924790442656,
              43.94807472880896
            ],
            [
              -80.4492401306704,
              43.948076499541145
            ],
            [
              -80.44923217364892,
              43.9480777749197
            ],
            [
              -80.44922409295395,
              43.9480785431164
            ],
            [
              -80.44921595006494,
              43.94807879959246
            ],
            [
              -80.44920780740524,
              43.94807854345365
            ],
            [
              -80.44919972732382,
              43.94807777470349
            ],
            [
              -80.44919176908715,
              43.9480765004192
            ],
            [
              -80.44918399561482,
              43.948074728737325
            ],
            [
              -80.44917646542675,
              43.94807247571193
            ],
            [
              -80.44916923580058,
              43.94806975734303
            ],
            [
              -80.44916236247282,
              43.94806659316748
            ],
            [
              -80.44915589576209,
              43.94806300789257
            ],
            [
              -80.44914988693071,
              43.948059029870194
            ],
            [
              -80.44914437971151,
              43.94805468802634
            ],
            [
              -80.44913956339136,
              43.94805016535616
            ],
            [
              -80.44879548411406,
              43.94769716512335
            ],
            [
              -80.44864722676894,
              43.94769178504343
            ],
            [
              -80.44860983652087,
              43.94818270915965
            ],
            [
              -80.44860855921912,
              43.94819072056374
            ],
            [
              -80.44860679539975,
              43.948196470254985
            ],
            [
              -80.44860434444337,
              43.948202085609694
            ],
            [
              -80.44860090039143,
              43.94820802182507
            ],
            [
              -80.44832280228108,
              43.94862992214305
            ],
            [
              -80.44831936137878,
              43.948634650354634
            ],
            [
              -80.4483149816796,
              43.948639616194384
            ],
            [
              -80.44831002037193,
              43.94864428830918
            ],
            [
              -80.44830568837047,
              43.94864776609353
            ],
            [
              -80.44830103346794,
              43.94865101814252
            ],
            [
              -80.44742343313281,
              43.94922301875229
            ],
            [
              -80.44742090541575,
              43.94922460813606
            ],
            [
              -80.44741443955964,
              43.94922819233857
            ],
            [
              -80.44740756474779,
              43.94923135607002
            ],
            [
              -80.44740033540647,
              43.94923407466592
            ],
            [
              -80.44739280551377,
              43.94923632884784
            ],
            [
              -80.44738872338145,
              43.94923732639696
            ],
            [
              -80.44679700147113,
              43.949370946632804
            ],
            [
              -80.4465178756966,
              43.94968880705913
            ],
            [
              -80.44665163841618,
              43.95060601508189
            ],
            [
              -80.44753235347254,
              43.95125078696087
            ],
            [
              -80.44753742344524,
              43.9512548108066
            ],
            [
              -80.44754238584639,
              43.9512594831528
            ],
            [
              -80.44754676514394,
              43.951264449108685
            ],
            [
              -80.44755123878525,
              43.9512707993796
            ],
            [
              -80.4477844390776,
              43.951650098853264
            ],
            [
              -80.44778684870455,
              43.951654412599865
            ],
            [
              -80.44778929960943,
              43.951660029076386
            ],
            [
              -80.44779106359913,
              43.951665777896004
            ],
            [
              -80.44779219462885,
              43.951672194749825
            ],
            [
              -80.44794159624045,
              43.95304139568262
            ],
            [
              -80.44794188452481,
              43.953046700249246
            ],
            [
              -80.44794154125043,
              43.953052490926176
            ],
            [
              -80.44794050945082,
              43.95305823819747
            ],
            [
              -80.44778498929398,
              43.95370582975052
            ],
            [
              -80.44778320268206,
              43.95371167038609
            ],
            [
              -80.44778075263716,
              43.95371728581605
            ],
            [
              -80.44777763241696,
              43.95372272710059
            ],
            [
              -80.44777386812267,
              43.953727950326396
            ],
            [
              -80.4477694892095,
              43.953732916230436
            ],
            [
              -80.44776452615145,
              43.95373758829665
            ],
            [
              -80.44775985729969,
              43.953741317250184
            ],
            [
              -80.44650255504946,
              43.954673060038644
            ],
            [
              -80.44625961537504,
              43.95502508495951
            ],
            [
              -80.44788053553003,
              43.95504120585544
            ],
            [
              -80.44788803387719,
              43.95504149895017
            ],
            [
              -80.44789547502988,
              43.955042224710674
            ],
            [
              -80.44790343293091,
              43.95504349994864
            ],
            [
              -80.44791120742539,
              43.95504527084381
            ],
            [
              -80.44791873851983,
              43.955047523980554
            ],
            [
              -80.44792596893008,
              43.95505024335812
            ],
            [
              -80.44793011158072,
              43.95505207640981
            ],
            [
              -80.44899741223091,
              43.955552376020535
            ],
            [
              -80.44900661142303,
              43.955557291649306
            ],
            [
              -80.449012622309,
              43.95556126977285
            ],
            [
              -80.4490181290297,
              43.95556561161233
            ],
            [
              -80.44902309077968,
              43.955570282963265
            ],
            [
              -80.44902747048127,
              43.95557524978309
            ],
            [
              -80.44903126731342,
              43.955580521946395
            ],
            [
              -80.44914186689338,
              43.955752222152675
            ],
            [
              -80.4491449554622,
              43.955757613127346
            ],
            [
              -80.44914740552184,
              43.95576322865067
            ],
            [
              -80.44914916971152,
              43.95576897837604
            ],
            [
              -80.4491502343664,
              43.955774816663904
            ],
            [
              -80.4491505894007,
              43.95578069983194
            ],
            [
              -80.44915023357646,
              43.955786582779915
            ],
            [
              -80.44914917062627,
              43.9557924206233
            ],
            [
              -80.44914754544226,
              43.955797790807644
            ],
            [
              -80.44896844538809,
              43.9562920909951
            ],
            [
              -80.4489658565234,
              43.95629808604483
            ],
            [
              -80.44896273642334,
              43.95630352558758
            ],
            [
              -80.44895897198994,
              43.95630874977122
            ],
            [
              -80.44895777449852,
              43.956310206857154
            ],
            [
              -80.4482911822081,
              43.95709785816879
            ],
            [
              -80.448289948473,
              43.95709928574796
            ],
            [
              -80.44828678095472,
              43.95710280513753
            ],
            [
              -80.44828610016566,
              43.95710349272818
            ],
            [
              -80.44828183055834,
              43.95710748681908
            ],
            [
              -80.44827632347281,
              43.957111829009236
            ],
            [
              -80.44827031288875,
              43.957115806988895
            ],
            [
              -80.44826823822206,
              43.957116983642685
            ],
            [
              -80.44826387763983,
              43.95711944760423
            ],
            [
              -80.4473919442348,
              43.95761826115837
            ],
            [
              -80.44711721623935,
              43.95794966115265
            ],
            [
              -80.44695272557443,
              43.958371520766825
            ],
            [
              -80.4470984381073,
              43.95854971793464
            ],
            [
              -80.44860615175187,
              43.958868766101155
            ],
            [
              -80.44894771251144,
              43.9588068966954
            ],
            [
              -80.44974704755471,
              43.958323508844394
            ],
            [
              -80.4510242322749,
              43.95683533415831
            ],
            [
              -80.45102795698845,
              43.95683132083296
            ],
            [
              -80.45103206881107,
              43.95682751169457
            ],
            [
              -80.45103307764653,
              43.956826658133295
            ],
            [
              -80.45281190185096,
              43.95534595655239
            ],
            [
              -80.45306697853385,
              43.95425820300726
            ],
            [
              -80.45306879676475,
              43.954252230335406
            ],
            [
              -80.4530712476088,
              43.95424661393431
            ],
            [
              -80.4530743672584,
              43.954241173386386
            ],
            [
              -80.4530781310827,
              43.95423594996701
            ],
            [
              -80.45308251079751,
              43.95423098389218
            ],
            [
              -80.45308757007729,
              43.954226229272976
            ],
            [
              -80.45400578739715,
              43.953440857295206
            ],
            [
              -80.45395216105973,
              43.95274716337214
            ],
            [
              -80.45395201483737,
              43.95274339928114
            ],
            [
              -80.45395237136887,
              43.952737516394194
            ],
            [
              -80.4539534350651,
              43.9527316776817
            ],
            [
              -80.45395519963739,
              43.95272592881806
            ],
            [
              -80.45395765024782,
              43.95272031330518
            ],
            [
              -80.45396076847986,
              43.95271487268791
            ],
            [
              -80.45396453328277,
              43.95270965019877
            ],
            [
              -80.45397032243459,
              43.95270326770021
            ],
            [
              -80.45561939788003,
              43.95109204522118
            ],
            [
              -80.45566623745636,
              43.95096045628194
            ],
            [
              -80.4550447101877,
              43.95047113788782
            ],
            [
              -80.45504197652666,
              43.95046888781198
            ],
            [
              -80.45503701604264,
              43.95046421593283
            ],
            [
              -80.45503263613028,
              43.95045925029468
            ],
            [
              -80.45502887247525,
              43.95045402667943
            ],
            [
              -80.45502575286103,
              43.95044858593199
            ],
            [
              -80.45502330251105,
              43.95044296968723
            ],
            [
              -80.45502153780198,
              43.95043722099836
            ],
            [
              -80.45502047386766,
              43.95043138286466
            ],
            [
              -80.45502012020147,
              43.95042528091926
            ],
            [
              -80.45502432041717,
              43.949956962295154
            ],
            [
              -80.45502470218761,
              43.949951299449275
            ],
            [
              -80.45502573882646,
              43.949945679405886
            ],
            [
              -80.45502750327107,
              43.94993992964753
            ],
            [
              -80.45502995364691,
              43.94993431413007
            ],
            [
              -80.45503307293102,
              43.94992887265696
            ],
            [
              -80.45503683744037,
              43.94992365014843
            ],
            [
              -80.4550412153904,
              43.94991868396601
            ],
            [
              -80.45504617748202,
              43.94991401157917
            ],
            [
              -80.45505168447555,
              43.94990967002632
            ],
            [
              -80.45505788927818,
              43.949905574942896
            ],
            [
              -80.455609484138,
              43.94957485840741
            ],
            [
              -80.45561576918375,
              43.949571402822635
            ],
            [
              -80.4556224353665,
              43.94956834304395
            ],
            [
              -80.45562966558646,
              43.94956562393448
            ],
            [
              -80.45563719503642,
              43.94956337095609
            ],
            [
              -80.45564496755429,
              43.94956159969288
            ],
            [
              -80.45565292573534,
              43.94956032567496
            ],
            [
              -80.45566100655869,
              43.94955955698188
            ],
            [
              -80.45566914963766,
              43.94955930000535
            ],
            [
              -80.45567598440931,
              43.94955948092662
            ],
            [
              -80.45661514310727,
              43.94960924125393
            ],
            [
              -80.45607019593015,
              43.948968480300344
            ],
            [
              -80.4557443916581,
              43.94884038901516
            ],
            [
              -80.4557423359817,
              43.94883955575866
            ],
            [
              -80.45573546093527,
              43.94883639195648
            ],
            [
              -80.45572899494606,
              43.94883280713677
            ],
            [
              -80.45572298562759,
              43.94882882858897
            ],
            [
              -80.45571747905268,
              43.948824487139504
            ],
            [
              -80.45571251858549,
              43.94881981620006
            ],
            [
              -80.45570813764981,
              43.948814848751525
            ],
            [
              -80.45570598173282,
              43.94881199399538
            ],
            [
              -80.4552941209263,
              43.9482339703292
            ],
            [
              -80.45437565485085,
              43.947561613642605
            ],
            [
              -80.45437058113933,
              43.947557588189646
            ],
            [
              -80.45436561973371,
              43.94755291624275
            ],
            [
              -80.45436124150636,
              43.94754794885401
            ],
            [
              -80.45435777871582,
              43.94754318962709
            ],
            [
              -80.45435485250852,
              43.94753824555284
            ],
            [
              -80.45418335462928,
              43.94721324560483
            ],
            [
              -80.45418285946859,
              43.947212286280994
            ],
            [
              -80.4541804081073,
              43.94720666998648
            ],
            [
              -80.45417864359081,
              43.94720092130781
            ],
            [
              -80.45417777400824,
              43.947196513257026
            ],
            [
              -80.45417730860444,
              43.9471920731806
            ],
            [
              -80.45414636960383,
              43.94666753533902
            ],
            [
              -80.45400877125255,
              43.94656003489526
            ],
            [
              -80.45355737804157,
              43.94653339696807
            ],
            [
              -80.4527920802964,
              43.94661344119777
            ],
            [
              -80.45251116893063,
              43.94700440036306
            ]
          ],
          [
            [
              -80.44999894361428,
              43.94280118301354
            ],
            [
              -80.44991104559172,
              43.94254834358193
            ],
            [
              -80.44990965147927,
              43.94254362084216
            ],
            [
              -80.44990858700045,
              43.94253778266312
            ],
            [
              -80.44990823072818,
              43.94253189954576
            ],
            [
              -80.44990858762738,
              43.942526016751266
            ],
            [
              -80.4499096514817,
              43.942520179055485
            ],
            [
              -80.44991141490704,
              43.942514430282806
            ],
            [
              -80.44991386554972,
              43.94250881404179
            ],
            [
              -80.44991698367679,
              43.94250337271973
            ],
            [
              -80.44992074692121,
              43.94249815039154
            ],
            [
              -80.44992475338474,
              43.942493571962345
            ],
            [
              -80.45033622552975,
              43.942062572627464
            ],
            [
              -80.45033752244208,
              43.94192247654434
            ],
            [
              -80.44951945022342,
              43.94221319211073
            ],
            [
              -80.44940912779214,
              43.94298306190246
            ],
            [
              -80.44974029478996,
              43.94325071077854
            ],
            [
              -80.44974221399853,
              43.943252312122354
            ],
            [
              -80.44974717593763,
              43.943256983417704
            ],
            [
              -80.4497515534784,
              43.94326195007327
            ],
            [
              -80.44975531745331,
              43.94326717298479
            ],
            [
              -80.44975843613535,
              43.94327261383766
            ],
            [
              -80.44976068883275,
              43.943277702683794
            ],
            [
              -80.44976237732551,
              43.9432829039803
            ],
            [
              -80.44982257687757,
              43.94350820419748
            ],
            [
              -80.44982285159091,
              43.94350927920107
            ],
            [
              -80.44982391483697,
              43.94351511733448
            ],
            [
              -80.44982427118121,
              43.943520999562054
            ],
            [
              -80.44982391543427,
              43.94352688331558
            ],
            [
              -80.44982285155126,
              43.94353272101812
            ],
            [
              -80.44982202248318,
              43.94353571931701
            ],
            [
              -80.44955990659949,
              43.944383301840205
            ],
            [
              -80.45028067284983,
              43.94535323769516
            ],
            [
              -80.45028202761212,
              43.945355090214704
            ],
            [
              -80.45028440386855,
              43.94535848438902
            ],
            [
              -80.45028499587998,
              43.94535943262009
            ],
            [
              -80.4502875386761,
              43.94536391332061
            ],
            [
              -80.45028998963063,
              43.945369528794764
            ],
            [
              -80.45029175360546,
              43.94537527842271
            ],
            [
              -80.45029281818024,
              43.945381116619544
            ],
            [
              -80.45029317326987,
              43.94538699970369
            ],
            [
              -80.4502929384587,
              43.94539138418792
            ],
            [
              -80.45029279542123,
              43.945392879809596
            ],
            [
              -80.45029234145426,
              43.94539574574663
            ],
            [
              -80.45029179921417,
              43.94539872857581
            ],
            [
              -80.45009710876195,
              43.94647437925434
            ],
            [
              -80.45059907321873,
              43.94644890576612
            ],
            [
              -80.45118159096455,
              43.94606617864007
            ],
            [
              -80.45115263871776,
              43.94569143909545
            ],
            [
              -80.45088034075003,
              43.94549200262664
            ],
            [
              -80.45087528281782,
              43.945487987590994
            ],
            [
              -80.450870321823,
              43.94548331638924
            ],
            [
              -80.4508659427609,
              43.94547834971191
            ],
            [
              -80.45086217860285,
              43.94547312592746
            ],
            [
              -80.45085905961133,
              43.94546768598936
            ],
            [
              -80.45085584861708,
              43.94545987264745
            ],
            [
              -80.45052609549548,
              43.944434246795126
            ],
            [
              -80.45010327848202,
              43.94426646426177
            ],
            [
              -80.45010153931975,
              43.94426575633898
            ],
            [
              -80.45009466634069,
              43.944262593137935
            ],
            [
              -80.4500882000179,
              43.944259007938356
            ],
            [
              -80.4500821916106,
              43.944255029091494
            ],
            [
              -80.45007668462522,
              43.94425068821588
            ],
            [
              -80.45007172388512,
              43.94424601608628
            ],
            [
              -80.45006734491966,
              43.94424105028139
            ],
            [
              -80.45006358099737,
              43.94423582557909
            ],
            [
              -80.45006046339789,
              43.94423038568
            ],
            [
              -80.45005801251791,
              43.94422477020886
            ],
            [
              -80.45005624860465,
              43.94421902058567
            ],
            [
              -80.45005523902641,
              43.94421361631891
            ],
            [
              -80.45005483636983,
              43.9442081708242
            ],
            [
              -80.45004663752242,
              43.943748971373886
            ],
            [
              -80.45004662893153,
              43.94374809981574
            ],
            [
              -80.45004698458138,
              43.94374221695748
            ],
            [
              -80.45004804844457,
              43.94373637925101
            ],
            [
              -80.45004981321156,
              43.94373062962309
            ],
            [
              -80.45005226265204,
              43.94372501331593
            ],
            [
              -80.4500553332684,
              43.94371964919724
            ],
            [
              -80.45005902981028,
              43.9437144951301
            ],
            [
              -80.45018940577482,
              43.943550392210994
            ],
            [
              -80.44988781195575,
              43.943305913413454
            ],
            [
              -80.44988598616139,
              43.94330438820013
            ],
            [
              -80.44988102552321,
              43.9432997160673
            ],
            [
              -80.44987664540825,
              43.94329475020669
            ],
            [
              -80.44987288266229,
              43.94328952735327
            ],
            [
              -80.44986976404253,
              43.94328408560603
            ],
            [
              -80.44986731322433,
              43.94327847013739
            ],
            [
              -80.44986555052931,
              43.94327272146973
            ],
            [
              -80.44986529855237,
              43.94327164294882
            ],
            [
              -80.4498177445816,
              43.9430564233668
            ],
            [
              -80.4498175255801,
              43.943055338169
            ],
            [
              -80.4498166991861,
              43.94305058060571
            ],
            [
              -80.44981663836204,
              43.94305003741684
            ],
            [
              -80.44981633151507,
              43.94304469969178
            ],
            [
              -80.44981668594265,
              43.94303881678579
            ],
            [
              -80.44981774981673,
              43.94303297908706
            ],
            [
              -80.4498195145105,
              43.94302723036598
            ],
            [
              -80.44982196518563,
              43.943021614123325
            ],
            [
              -80.449825083351,
              43.94301617280033
            ],
            [
              -80.44982900145801,
              43.943010767999496
            ],
            [
              -80.44999894361428,
              43.94280118301354
            ]
          ],
          [
            [
              -80.45205290407011,
              43.94246467003513
            ],
            [
              -80.45206086861899,
              43.94264567917897
            ],
            [
              -80.4527937526333,
              43.94295074562425
            ],
            [
              -80.4530458883875,
              43.94281244294349
            ],
            [
              -80.45317718362101,
              43.9425009336198
            ],
            [
              -80.45317876451261,
              43.942497512954716
            ],
            [
              -80.45318188355724,
              43.94249207158961
            ],
            [
              -80.45318564648963,
              43.94248684914448
            ],
            [
              -80.45319002649813,
              43.94248188319544
            ],
            [
              -80.45319498683169,
              43.94247721088777
            ],
            [
              -80.45320049329919,
              43.94247286857667
            ],
            [
              -80.45320650184463,
              43.94246889128872
            ],
            [
              -80.4532129665989,
              43.9424653058635
            ],
            [
              -80.45321984139441,
              43.94246214273147
            ],
            [
              -80.45322706962827,
              43.942459422861255
            ],
            [
              -80.45323459944295,
              43.942457170130076
            ],
            [
              -80.45324237227284,
              43.94245539911513
            ],
            [
              -80.45325032823541,
              43.94245412523732
            ],
            [
              -80.4532584081191,
              43.94245335583869
            ],
            [
              -80.45326655015324,
              43.942453099050944
            ],
            [
              -80.45327469192141,
              43.9424533557707
            ],
            [
              -80.45328277239848,
              43.94245412515305
            ],
            [
              -80.45329072867125,
              43.9424553990639
            ],
            [
              -80.45329850147928,
              43.9424571704286
            ],
            [
              -80.4533006631846,
              43.94245775968493
            ],
            [
              -80.4534622625637,
              43.942503559703766
            ],
            [
              -80.45346867550099,
              43.94250558109157
            ],
            [
              -80.45347485940967,
              43.94250794300083
            ],
            [
              -80.45348173360608,
              43.94251110602712
            ],
            [
              -80.45348819870233,
              43.94251469095556
            ],
            [
              -80.45349420724067,
              43.94251866870071
            ],
            [
              -80.45349971293118,
              43.94252301112863
            ],
            [
              -80.45350652858534,
              43.94252967075497
            ],
            [
              -80.45380520507892,
              43.94286243636505
            ],
            [
              -80.45441073115707,
              43.94317306097698
            ],
            [
              -80.45441669879465,
              43.94317639184044
            ],
            [
              -80.45442270747296,
              43.94318036953587
            ],
            [
              -80.45442821454594,
              43.94318471197274
            ],
            [
              -80.45443317556139,
              43.94318938388992
            ],
            [
              -80.45443755352149,
              43.94319435034961
            ],
            [
              -80.45444131669598,
              43.94319957303874
            ],
            [
              -80.45444443583956,
              43.94320501375188
            ],
            [
              -80.45444688704889,
              43.94321063001073
            ],
            [
              -80.45444865146494,
              43.94321637865486
            ],
            [
              -80.45444995037597,
              43.94322468462356
            ],
            [
              -80.45446910456833,
              43.943497861701395
            ],
            [
              -80.4546285603027,
              43.94354730024509
            ],
            [
              -80.4550538259283,
              43.943509958698705
            ],
            [
              -80.45589763100928,
              43.94279817662442
            ],
            [
              -80.45587911896831,
              43.94252412097449
            ],
            [
              -80.45566133036026,
              43.942342910268934
            ],
            [
              -80.45560128894205,
              43.942348824760025
            ],
            [
              -80.45553826073387,
              43.942554585650065
            ],
            [
              -80.45553674114379,
              43.94255887657853
            ],
            [
              -80.45553483557242,
              43.94256308590942
            ],
            [
              -80.45553171558956,
              43.94256852639339
            ],
            [
              -80.45552795287514,
              43.942573748923216
            ],
            [
              -80.45552357423904,
              43.942578715921925
            ],
            [
              -80.45551861292698,
              43.94258338738877
            ],
            [
              -80.45551310670662,
              43.94258772892439
            ],
            [
              -80.45550709824101,
              43.9425917072427
            ],
            [
              -80.4555006324541,
              43.94259529185825
            ],
            [
              -80.45549375894139,
              43.94259845609179
            ],
            [
              -80.45548597563567,
              43.94260136016253
            ],
            [
              -80.45529847657258,
              43.942663459719306
            ],
            [
              -80.4552915006649,
              43.94266552940007
            ],
            [
              -80.45528372802053,
              43.94266729877193
            ],
            [
              -80.45527577199972,
              43.942668573701866
            ],
            [
              -80.45526769218718,
              43.94266934235835
            ],
            [
              -80.45525955013028,
              43.942669599301404
            ],
            [
              -80.45525140839524,
              43.94266934183785
            ],
            [
              -80.45524332770971,
              43.942668574402205
            ],
            [
              -80.45523537150959,
              43.942667298843624
            ],
            [
              -80.45522759846006,
              43.94266552941726
            ],
            [
              -80.45522006891602,
              43.942663275046
            ],
            [
              -80.45521283977827,
              43.94266055621493
            ],
            [
              -80.45520596685458,
              43.942657391559884
            ],
            [
              -80.45519950162921,
              43.94265380673659
            ],
            [
              -80.45519349170986,
              43.94264982903452
            ],
            [
              -80.45518798711477,
              43.9426454867486
            ],
            [
              -80.45518302476728,
              43.94264081571423
            ],
            [
              -80.45517864554145,
              43.942635849235344
            ],
            [
              -80.45517488240993,
              43.94263062567889
            ],
            [
              -80.45517176439436,
              43.94262518594307
            ],
            [
              -80.45516931437925,
              43.94261956975929
            ],
            [
              -80.4551675499068,
              43.9426138211318
            ],
            [
              -80.45516725953851,
              43.942612558079716
            ],
            [
              -80.45506439542689,
              43.942138678361324
            ],
            [
              -80.45442474110851,
              43.94167892404599
            ],
            [
              -80.45386097447654,
              43.94159292976475
            ],
            [
              -80.4531119374288,
              43.94170266296331
            ],
            [
              -80.45310631666597,
              43.941703519185175
            ],
            [
              -80.45310397180957,
              43.94170387424306
            ],
            [
              -80.4531024927569,
              43.9417040281122
            ],
            [
              -80.45309590249161,
              43.94170472786739
            ],
            [
              -80.45247881050321,
              43.941776087990476
            ],
            [
              -80.45205290407011,
              43.94246467003513
            ]
          ]
        ]
      },
      "properties": {
        "Hylak_id": 9027.0,
        "SubId": 29012877,
        "Lake_Cat": 1,
        "Vol_total": 23.39,
        "Depth_avg": 2.0,
        "Lake_area": 11.43,
        "Lake_type": 1.0,
        "PieceArea_": 11891076.808031013,
        "LakeArea_m": 11430000.0,
        "Lake_name": null,
        "Country": "Canada",
        "Continent": "North America",
        "Poly_src": "CanVec",
        "Lake_type_": 1.0,
        "Grand_id": 0.0,
        "Lake_area_": 11.43,
        "Shore_len": 56.23,
        "Shore_dev": 4.69,
        "Vol_total_": 23.39,
        "Vol_res": 0.0,
        "Vol_src": 3.0,
        "Depth_avg_": 2.0,
        "Dis_avg": 0.25,
        "Res_time": 1083.0,
        "Elevation": 479.0,
        "Slope_100": 0.88,
        "Wshd_area": 35.8,
        "Pour_long": -80.403566,
        "Pour_lat": 43.9627
      }
    },
    {
      "type": "Feature",
      "geometry": {
        "type": "Polygon",
        "coordinates": [
          [
            [
              -80.31595586613125,
              43.79031081421451
            ],
            [
              -80.31596207035628,
              43.790304809781226
            ],
            [
              -80.31596756187248,
              43.79030046787719
            ],
            [
              -80.31597355455571,
              43.79029648983872
            ],
            [
              -80.31598000360583,
              43.7902929051877
            ],
            [
              -80.31598685949717,
              43.79028974053188
            ],
            [
              -80.31599295957561,
              43.79028740320796
            ],
            [
              -80.31680365151212,
              43.79000405223379
            ],
            [
              -80.3168322567263,
              43.78952229827917
            ],
            [
              -80.31683272158563,
              43.78951787171886
            ],
            [
              -80.3168335865059,
              43.78951347839183
            ],
            [
              -80.31683534569635,
              43.78950772793811
            ],
            [
              -80.31683778979192,
              43.789502111757315
            ],
            [
              -80.31684090148937,
              43.78949667231406
            ],
            [
              -80.31684465388174,
              43.7894914480395
            ],
            [
              -80.31684902215666,
              43.78948648196268
            ],
            [
              -80.31685397088876,
              43.78948181033153
            ],
            [
              -80.3168594026011,
              43.789477511655875
            ],
            [
              -80.31686532362724,
              43.78947357000447
            ],
            [
              -80.31929351839977,
              43.787991979269975
            ],
            [
              -80.31982750008305,
              43.78732994529309
            ],
            [
              -80.31983176355858,
              43.787325138384446
            ],
            [
              -80.31983657154746,
              43.787320609882215
            ],
            [
              -80.31984144550051,
              43.787316722114575
            ],
            [
              -80.31984671920283,
              43.7873131188845
            ],
            [
              -80.32259345834488,
              43.7855782431513
            ],
            [
              -80.32384158235949,
              43.78439002416357
            ],
            [
              -80.32399746543649,
              43.78352644718133
            ],
            [
              -80.32399809515806,
              43.78352347833798
            ],
            [
              -80.32399985456908,
              43.78351772876333
            ],
            [
              -80.32400229758942,
              43.78351211335827
            ],
            [
              -80.32400540839129,
              43.78350667195145
            ],
            [
              -80.32400916201765,
              43.78350144936809
            ],
            [
              -80.32401352924525,
              43.78349648213526
            ],
            [
              -80.32401847682867,
              43.78349181020338
            ],
            [
              -80.32402396826586,
              43.78348746797225
            ],
            [
              -80.32403010235846,
              43.783483404911244
            ],
            [
              -80.32450074249503,
              43.78319957374587
            ],
            [
              -80.32568238983279,
              43.78115885923211
            ],
            [
              -80.32559642049512,
              43.78121631630024
            ],
            [
              -80.32559313776726,
              43.78121840803106
            ],
            [
              -80.32558668917078,
              43.781221993174775
            ],
            [
              -80.32557983387805,
              43.78122515657022
            ],
            [
              -80.32557262465892,
              43.78122787715578
            ],
            [
              -80.32556511582783,
              43.78123013033566
            ],
            [
              -80.32555736465059,
              43.78123190065418
            ],
            [
              -80.32554942940233,
              43.78123317540321
            ],
            [
              -80.32554137068247,
              43.781233943780194
            ],
            [
              -80.32553325103274,
              43.78123420137512
            ],
            [
              -80.32552513051742,
              43.781233943667175
            ],
            [
              -80.3255170721524,
              43.78123317527573
            ],
            [
              -80.32550913647616,
              43.78123190070933
            ],
            [
              -80.32550138604587,
              43.78123012997174
            ],
            [
              -80.32549387684341,
              43.78122787727668
            ],
            [
              -80.32548666732795,
              43.78122515694869
            ],
            [
              -80.32547981140179,
              43.78122199301764
            ],
            [
              -80.32547336435883,
              43.78121840777372
            ],
            [
              -80.32546737097252,
              43.78121443024343
            ],
            [
              -80.325461879885,
              43.781210087824626
            ],
            [
              -80.32545693278088,
              43.781205416612025
            ],
            [
              -80.3254525653813,
              43.781200449731394
            ],
            [
              -80.32544881163332,
              43.781195226534784
            ],
            [
              -80.32544570176844,
              43.781189786208095
            ],
            [
              -80.32544325835713,
              43.781184170297145
            ],
            [
              -80.32544149893899,
              43.78117842102352
            ],
            [
              -80.32544043842356,
              43.78117258229283
            ],
            [
              -80.3254400828972,
              43.781166699417795
            ],
            [
              -80.32544060484125,
              43.781159564917886
            ],
            [
              -80.32563952725218,
              43.77980347669607
            ],
            [
              -80.32526099141273,
              43.77927897782178
            ],
            [
              -80.32525831154705,
              43.77927494216977
            ],
            [
              -80.32525600495823,
              43.77927078628715
            ],
            [
              -80.32525356041306,
              43.779265170331
            ],
            [
              -80.32525180231477,
              43.77925942112452
            ],
            [
              -80.32525074061797,
              43.779253582351714
            ],
            [
              -80.32525038643935,
              43.77924769864936
            ],
            [
              -80.32525074083443,
              43.77924181600589
            ],
            [
              -80.32525180261081,
              43.77923597760671
            ],
            [
              -80.32525356043836,
              43.77923022888642
            ],
            [
              -80.32525600453138,
              43.779224611745356
            ],
            [
              -80.32525911605208,
              43.77921917218308
            ],
            [
              -80.3252628681808,
              43.77921394773498
            ],
            [
              -80.32526723480132,
              43.779208982273495
            ],
            [
              -80.32527218313078,
              43.779204310364904
            ],
            [
              -80.32527767404041,
              43.779199968093266
            ],
            [
              -80.32528366607754,
              43.77919598963713
            ],
            [
              -80.3252901143795,
              43.77919240541931
            ],
            [
              -80.32529696951184,
              43.779189241154185
            ],
            [
              -80.32530417832417,
              43.779186522389914
            ],
            [
              -80.32531168696315,
              43.77918426833762
            ],
            [
              -80.3253128780616,
              43.77918396127779
            ],
            [
              -80.32645247345934,
              43.77889605422807
            ],
            [
              -80.32766341163801,
              43.77608150976243
            ],
            [
              -80.32766480932949,
              43.776078512209985
            ],
            [
              -80.32766791934789,
              43.776073070749206
            ],
            [
              -80.3276716721185,
              43.7760678480872
            ],
            [
              -80.32767605752008,
              43.77606286088675
            ],
            [
              -80.3289692003665,
              43.77472570561137
            ],
            [
              -80.32910357047203,
              43.773645937217246
            ],
            [
              -80.32910461026448,
              43.773640278023805
            ],
            [
              -80.32910636874844,
              43.773634529337805
            ],
            [
              -80.32910881343716,
              43.77362891220479
            ],
            [
              -80.32911192309756,
              43.77362347161659
            ],
            [
              -80.32911567440156,
              43.77361824796746
            ],
            [
              -80.32912004154413,
              43.773613281540946
            ],
            [
              -80.3291249889658,
              43.77360861038309
            ],
            [
              -80.3291304790119,
              43.7736042679423
            ],
            [
              -80.32913647132203,
              43.77360029024855
            ],
            [
              -80.32913979691001,
              43.77359835981113
            ],
            [
              -80.33062866701545,
              43.772774108023306
            ],
            [
              -80.33157747048473,
              43.77049559934124
            ],
            [
              -80.3315791181068,
              43.77049201210937
            ],
            [
              -80.33158222850722,
              43.77048657242366
            ],
            [
              -80.33158597943853,
              43.77048134781086
            ],
            [
              -80.33159034603227,
              43.77047638219979
            ],
            [
              -80.33159529303789,
              43.77047171004768
            ],
            [
              -80.3316007824991,
              43.770467368393234
            ],
            [
              -80.33160677560299,
              43.77046338973293
            ],
            [
              -80.33161322246801,
              43.770459805168116
            ],
            [
              -80.33162007483229,
              43.77045664136849
            ],
            [
              -80.33162878759265,
              43.770453424641246
            ],
            [
              -80.33226615372583,
              43.77024793979688
            ],
            [
              -80.33237794762441,
              43.76956135497747
            ],
            [
              -80.33206897620376,
              43.7687256688931
            ],
            [
              -80.33206721765328,
              43.76871992078078
            ],
            [
              -80.33206615659805,
              43.76871408311343
            ],
            [
              -80.33206580307238,
              43.76870819867629
            ],
            [
              -80.33206615667,
              43.76870231609395
            ],
            [
              -80.33206721751873,
              43.768696477709256
            ],
            [
              -80.33206936259042,
              43.76868971489363
            ],
            [
              -80.33264466504957,
              43.767225414653375
            ],
            [
              -80.33264672205678,
              43.76722081160523
            ],
            [
              -80.33264983224268,
              43.76721537101462
            ],
            [
              -80.33265358393506,
              43.76721014823686
            ],
            [
              -80.33265795032504,
              43.76720518080858
            ],
            [
              -80.33266289694537,
              43.76720050862678
            ],
            [
              -80.33266838715748,
              43.767196167888336
            ],
            [
              -80.3326743785892,
              43.76719218912932
            ],
            [
              -80.33267665142924,
              43.767190851166774
            ],
            [
              -80.3330292432171,
              43.766989786347
            ],
            [
              -80.33358963254965,
              43.76571104415389
            ],
            [
              -80.33331061896524,
              43.76551288116802
            ],
            [
              -80.33221569965116,
              43.76547150993594
            ],
            [
              -80.33220437620649,
              43.765470576334465
            ],
            [
              -80.3321964427274,
              43.76546930140499
            ],
            [
              -80.3321886931425,
              43.765467530247726
            ],
            [
              -80.33218118589586,
              43.765465277183274
            ],
            [
              -80.33217397927903,
              43.76546255832684
            ],
            [
              -80.33216712501047,
              43.765459394004125
            ],
            [
              -80.33216067938028,
              43.7654558092489
            ],
            [
              -80.33215468738152,
              43.76545183039194
            ],
            [
              -80.33214919850242,
              43.76544748936959
            ],
            [
              -80.33214425240138,
              43.76544281677834
            ],
            [
              -80.33213988565004,
              43.76543785028311
            ],
            [
              -80.33213613365767,
              43.765432626596066
            ],
            [
              -80.33213302409908,
              43.76542718568722
            ],
            [
              -80.33213058070523,
              43.76542157005263
            ],
            [
              -80.33212882233033,
              43.765415821069816
            ],
            [
              -80.33212776148497,
              43.76540998163455
            ],
            [
              -80.33212740658307,
              43.76540409896351
            ],
            [
              -80.33212776146742,
              43.76539821556534
            ],
            [
              -80.33212882224583,
              43.765392377206254
            ],
            [
              -80.33213058146416,
              43.76538662769186
            ],
            [
              -80.33213302408603,
              43.76538101229065
            ],
            [
              -80.332136134295,
              43.76537557083153
            ],
            [
              -80.33213988591059,
              43.76537034808526
            ],
            [
              -80.33214425220086,
              43.76536538069084
            ],
            [
              -80.33214919854663,
              43.7653607103398
            ],
            [
              -80.33215468753001,
              43.76535636778908
            ],
            [
              -80.33216067879823,
              43.76535238906941
            ],
            [
              -80.33216962429482,
              43.76534758025327
            ],
            [
              -80.33438842554558,
              43.76429750946449
            ],
            [
              -80.33489367173716,
              43.76369813355468
            ],
            [
              -80.33496619956581,
              43.76251998559335
            ],
            [
              -80.33404857114736,
              43.76136109712755
            ],
            [
              -80.33404488883015,
              43.76135594690528
            ],
            [
              -80.33404183094706,
              43.7613505858557
            ],
            [
              -80.3340393875394,
              43.76134497029684
            ],
            [
              -80.33403762924792,
              43.76133921958325
            ],
            [
              -80.33403656936399,
              43.76133338204978
            ],
            [
              -80.33403621428421,
              43.7613274994179
            ],
            [
              -80.33403656893783,
              43.76132161604588
            ],
            [
              -80.33403762951109,
              43.76131577680246
            ],
            [
              -80.334039388323,
              43.76131002818527
            ],
            [
              -80.33404183064509,
              43.76130441187328
            ],
            [
              -80.33404444346213,
              43.76129975799995
            ],
            [
              -80.33422549614424,
              43.76100866104282
            ],
            [
              -80.33418053748372,
              43.75944790834
            ],
            [
              -80.33418051686138,
              43.7594464986035
            ],
            [
              -80.33418087141123,
              43.75944061614348
            ],
            [
              -80.3341819318566,
              43.759434777810945
            ],
            [
              -80.33418339463138,
              43.759429850111815
            ],
            [
              -80.33418536024567,
              43.75942501602472
            ],
            [
              -80.33583271099697,
              43.7558682910339
            ],
            [
              -80.33571561183417,
              43.75545065055753
            ],
            [
              -80.33492383164801,
              43.75518734199613
            ],
            [
              -80.3334431362755,
              43.75520488243255
            ],
            [
              -80.3321667490619,
              43.75579033997472
            ],
            [
              -80.33216351557333,
              43.75579175657749
            ],
            [
              -80.33215630753942,
              43.755794477411754
            ],
            [
              -80.3321488025286,
              43.75579673008864
            ],
            [
              -80.33214105391168,
              43.75579850077814
            ],
            [
              -80.3321331225638,
              43.755799775084775
            ],
            [
              -80.3321250676645,
              43.75580054394206
            ],
            [
              -80.3321169506406,
              43.755800801086075
            ],
            [
              -80.33210883385156,
              43.755800543897806
            ],
            [
              -80.33210077919917,
              43.755799775142414
            ],
            [
              -80.33209396610616,
              43.75579871324769
            ],
            [
              -80.33208728240521,
              43.75579728421191
            ],
            [
              -80.33140588067765,
              43.75563128403873
            ],
            [
              -80.3314036995856,
              43.75563072990097
            ],
            [
              -80.33139619247657,
              43.75562847675505
            ],
            [
              -80.33138898602634,
              43.755625756928325
            ],
            [
              -80.33138213426756,
              43.755622592651896
            ],
            [
              -80.33137568860391,
              43.755619007841005
            ],
            [
              -80.33136969889594,
              43.7556150299451
            ],
            [
              -80.33136420989933,
              43.755610687987044
            ],
            [
              -80.33135926467388,
              43.75560601631865
            ],
            [
              -80.33135489877476,
              43.755601049857184
            ],
            [
              -80.33135114752841,
              43.75559582621204
            ],
            [
              -80.33134803852764,
              43.75559038625009
            ],
            [
              -80.33134705244258,
              43.75558831815338
            ],
            [
              -80.33094456104833,
              43.75469798901196
            ],
            [
              -80.32932734316735,
              43.75388189820737
            ],
            [
              -80.32932069052467,
              43.75387820852962
            ],
            [
              -80.32931470246933,
              43.75387422968348
            ],
            [
              -80.32930921241827,
              43.75386988936731
            ],
            [
              -80.32930426760029,
              43.75386521671552
            ],
            [
              -80.32929990202518,
              43.75386025018012
            ],
            [
              -80.32929731612096,
              43.7538567720041
            ],
            [
              -80.3282460174289,
              43.75233797088565
            ],
            [
              -80.32824174388101,
              43.752330786214415
            ],
            [
              -80.3282393015431,
              43.75232516969183
            ],
            [
              -80.32823754275617,
              43.75231942069086
            ],
            [
              -80.3282373024493,
              43.75231838937102
            ],
            [
              -80.32742628823016,
              43.748652587830655
            ],
            [
              -80.32673991253787,
              43.748155439734624
            ],
            [
              -80.32583657395807,
              43.74801009656029
            ],
            [
              -80.32583068298557,
              43.74800900160961
            ],
            [
              -80.32582490257263,
              43.74800762966376
            ],
            [
              -80.32581739789468,
              43.74800537709376
            ],
            [
              -80.32581019264329,
              43.7480026578084
            ],
            [
              -80.32580334215567,
              43.747999493199565
            ],
            [
              -80.32579689643538,
              43.7479959089243
            ],
            [
              -80.32579090803799,
              43.74799192985305
            ],
            [
              -80.32578542024307,
              43.74798758764752
            ],
            [
              -80.32578047486312,
              43.74798291660602
            ],
            [
              -80.32577611007335,
              43.747977949963435
            ],
            [
              -80.32577235863934,
              43.74797272611722
            ],
            [
              -80.3257692493838,
              43.747967285990725
            ],
            [
              -80.32576680741593,
              43.74796167034122
            ],
            [
              -80.32576505041779,
              43.74795591959361
            ],
            [
              -80.3257639891946,
              43.74795008197215
            ],
            [
              -80.32576363508632,
              43.74794419941958
            ],
            [
              -80.3257639893011,
              43.747938316127616
            ],
            [
              -80.32576505049481,
              43.747932477074656
            ],
            [
              -80.32576680858206,
              43.74792672774872
            ],
            [
              -80.32576925115468,
              43.747921111732346
            ],
            [
              -80.32577235845362,
              43.74791567137848
            ],
            [
              -80.32577610955867,
              43.74791044808729
            ],
            [
              -80.32578047503725,
              43.74790548107663
            ],
            [
              -80.32578542050554,
              43.747900809342845
            ],
            [
              -80.32579090824827,
              43.747896467229275
            ],
            [
              -80.32579689683655,
              43.74789248891327
            ],
            [
              -80.32580633591488,
              43.747887446219785
            ],
            [
              -80.32802350909382,
              43.74685235757604
            ],
            [
              -80.32828310848306,
              43.74614973488391
            ],
            [
              -80.32828555380604,
              43.74614411175432
            ],
            [
              -80.32828785813389,
              43.74613995597221
            ],
            [
              -80.32829053747855,
              43.746135919645944
            ],
            [
              -80.32982361746001,
              43.74401037058708
            ],
            [
              -80.33026038042675,
              43.74248250075554
            ],
            [
              -80.33026198518426,
              43.742477757926395
            ],
            [
              -80.33026405881931,
              43.74247311171894
            ],
            [
              -80.33026637156735,
              43.74246894099114
            ],
            [
              -80.33026906287216,
              43.74246489167211
            ],
            [
              -80.331725979172,
              43.74044715960335
            ],
            [
              -80.33196470748638,
              43.739583222683436
            ],
            [
              -80.3318000631564,
              43.739183822171626
            ],
            [
              -80.33041757524322,
              43.73929355369207
            ],
            [
              -80.32952372549377,
              43.73966824802152
            ],
            [
              -80.32951649763949,
              43.73967097664684
            ],
            [
              -80.32950899333089,
              43.739673230824124
            ],
            [
              -80.32950124682469,
              43.73967500217646
            ],
            [
              -80.32949331650376,
              43.73967627619965
            ],
            [
              -80.32948526516718,
              43.739677044892076
            ],
            [
              -80.3294771505111,
              43.73967730182567
            ],
            [
              -80.32946903603818,
              43.739677045335604
            ],
            [
              -80.32946098254689,
              43.739676276338564
            ],
            [
              -80.32945305277673,
              43.739675002143315
            ],
            [
              -80.32944530691557,
              43.73967323084524
            ],
            [
              -80.32944064960515,
              43.739671897581495
            ],
            [
              -80.32814071060274,
              43.73927022479593
            ],
            [
              -80.32627022832155,
              43.73985318475197
            ],
            [
              -80.32618293482324,
              43.74039907317837
            ],
            [
              -80.32618214039832,
              43.74040302079646
            ],
            [
              -80.32618038259503,
              43.74040877007027
            ],
            [
              -80.32617793916043,
              43.74041438598323
            ],
            [
              -80.32617483101147,
              43.740419827135334
            ],
            [
              -80.3261710804553,
              43.74042505038733
            ],
            [
              -80.32616671684362,
              43.740430017418895
            ],
            [
              -80.32616177207966,
              43.74043468912305
            ],
            [
              -80.32615628511086,
              43.740439031211785
            ],
            [
              -80.32615029612275,
              43.74044300945247
            ],
            [
              -80.326143852421,
              43.74044659353407
            ],
            [
              -80.32613700216757,
              43.74044975768766
            ],
            [
              -80.32613261514008,
              43.740451481835876
            ],
            [
              -80.32579591525524,
              43.740575482379896
            ],
            [
              -80.3257855939927,
              43.74057873081391
            ],
            [
              -80.32577784855309,
              43.74058050105075
            ],
            [
              -80.32576991793891,
              43.74058177569054
            ],
            [
              -80.32576186510362,
              43.7405825449393
            ],
            [
              -80.32575375037288,
              43.740582800687
            ],
            [
              -80.32574563570734,
              43.740582544805136
            ],
            [
              -80.3257375833732,
              43.74058177557585
            ],
            [
              -80.325730764939,
              43.74058071205925
            ],
            [
              -80.3241375850001,
              43.740286422056684
            ],
            [
              -80.32047559109014,
              43.74066791539305
            ],
            [
              -80.32046898856737,
              43.74066843033202
            ],
            [
              -80.32046235074253,
              43.74066860139881
            ],
            [
              -80.3204531614501,
              43.74066827174822
            ],
            [
              -80.31813275804457,
              43.74050137122311
            ],
            [
              -80.31812578286014,
              43.740500675798295
            ],
            [
              -80.31811785447154,
              43.740499400797745
            ],
            [
              -80.31811010746878,
              43.74049763039751
            ],
            [
              -80.31810038550876,
              43.74049460139186
            ],
            [
              -80.31701198519848,
              43.740100900770784
            ],
            [
              -80.31700699745831,
              43.74009895762297
            ],
            [
              -80.31700014838557,
              43.740095793369186
            ],
            [
              -80.31699370416571,
              43.740092208590255
            ],
            [
              -80.316987715952,
              43.74008822989995
            ],
            [
              -80.3169822295646,
              43.74008388817688
            ],
            [
              -80.3169772844057,
              43.74007921671425
            ],
            [
              -80.31697291980085,
              43.74007424970258
            ],
            [
              -80.31696916974253,
              43.740069025597165
            ],
            [
              -80.3169660617284,
              43.74006358616516
            ],
            [
              -80.31696361853527,
              43.74005797025988
            ],
            [
              -80.31696186139618,
              43.74005222026845
            ],
            [
              -80.31696080133666,
              43.740046381723424
            ],
            [
              -80.3169604469835,
              43.74004049914915
            ],
            [
              -80.31696080085159,
              43.74003461589512
            ],
            [
              -80.3169618615899,
              43.74002877693907
            ],
            [
              -80.31696361910724,
              43.74002302776771
            ],
            [
              -80.31696606222786,
              43.74001741201758
            ],
            [
              -80.31696917002765,
              43.74001197108663
            ],
            [
              -80.31697292019207,
              43.74000674811209
            ],
            [
              -80.31697728336306,
              43.740001781411486
            ],
            [
              -80.31698222894492,
              43.73999710924699
            ],
            [
              -80.3169887841789,
              43.73999200571044
            ],
            [
              -80.31776622833662,
              43.739446185164596
            ],
            [
              -80.31790900738866,
              43.7385794927035
            ],
            [
              -80.31790976400187,
              43.73857577673574
            ],
            [
              -80.31791152261131,
              43.73857002761534
            ],
            [
              -80.31791396557055,
              43.73856441185424
            ],
            [
              -80.31791707319444,
              43.738558970905935
            ],
            [
              -80.31792082316971,
              43.738553747907766
            ],
            [
              -80.31792518737734,
              43.738548781233
            ],
            [
              -80.31793013151041,
              43.738544108977464
            ],
            [
              -80.31793561886309,
              43.73853976822887
            ],
            [
              -80.31794160715363,
              43.73853578861876
            ],
            [
              -80.31794805000492,
              43.738532204099
            ],
            [
              -80.31795490056716,
              43.738529039592656
            ],
            [
              -80.31796051054825,
              43.73852687427831
            ],
            [
              -80.31858396072286,
              43.73830554582225
            ],
            [
              -80.31835713004429,
              43.737847615060595
            ],
            [
              -80.31835477247877,
              43.73784213095252
            ],
            [
              -80.31835306544149,
              43.73783652106722
            ],
            [
              -80.31835200535346,
              43.73783068165668
            ],
            [
              -80.31835165086574,
              43.73782479910491
            ],
            [
              -80.31835200457073,
              43.73781891586401
            ],
            [
              -80.31835306504207,
              43.737813077808894
            ],
            [
              -80.31835482241964,
              43.73780732773428
            ],
            [
              -80.31835726653735,
              43.73780171202414
            ],
            [
              -80.31836037407426,
              43.737796271068355
            ],
            [
              -80.3183641239554,
              43.73779104805973
            ],
            [
              -80.31836828777442,
              43.737786288578526
            ],
            [
              -80.31837298515866,
              43.737781798917425
            ],
            [
              -80.31853608461145,
              43.737638698946796
            ],
            [
              -80.31853653146315,
              43.737638310026185
            ],
            [
              -80.31854201875407,
              43.7376339683538
            ],
            [
              -80.31854800813971,
              43.73762998876936
            ],
            [
              -80.31855445084526,
              43.737626404216705
            ],
            [
              -80.31856130125983,
              43.737623239674555
            ],
            [
              -80.3185685050326,
              43.737620520630806
            ],
            [
              -80.31857600943297,
              43.73761826814212
            ],
            [
              -80.31858375484013,
              43.73761649665108
            ],
            [
              -80.31859168403216,
              43.737615221608515
            ],
            [
              -80.31859973645658,
              43.737614453812185
            ],
            [
              -80.31860785093548,
              43.73761419682585
            ],
            [
              -80.3186155004012,
              43.737614425228244
            ],
            [
              -80.31862309994688,
              43.73761510807922
            ],
            [
              -80.32270461285717,
              43.73810638569333
            ],
            [
              -80.3240399137587,
              43.73803506814363
            ],
            [
              -80.32562517484726,
              43.73739813077919
            ],
            [
              -80.32580933549349,
              43.73701604738665
            ],
            [
              -80.3256950224158,
              43.736446418963766
            ],
            [
              -80.325694295851,
              43.73644157101507
            ],
            [
              -80.32569405336581,
              43.73643669878873
            ],
            [
              -80.3256944075138,
              43.73643081558957
            ],
            [
              -80.32569546725529,
              43.73642497657381
            ],
            [
              -80.32569722490555,
              43.73641922823679
            ],
            [
              -80.32569966697402,
              43.7364136123104
            ],
            [
              -80.32570277494364,
              43.736408171202214
            ],
            [
              -80.32570652650784,
              43.7364029480511
            ],
            [
              -80.32571088860391,
              43.736397981010725
            ],
            [
              -80.32571583428087,
              43.73639330940911
            ],
            [
              -80.32572132088067,
              43.736388967367496
            ],
            [
              -80.32572730945827,
              43.73638498917344
            ],
            [
              -80.32573375154999,
              43.73638140418469
            ],
            [
              -80.32574060255742,
              43.736378240130485
            ],
            [
              -80.32574780581203,
              43.736375520596916
            ],
            [
              -80.32575530858716,
              43.736373266644264
            ],
            [
              -80.32576305474888,
              43.73637149557734
            ],
            [
              -80.32577098344211,
              43.73637022178735
            ],
            [
              -80.32577903689791,
              43.7363694525977
            ],
            [
              -80.32578715108313,
              43.73636919595219
            ],
            [
              -80.32579526505074,
              43.736369452726684
            ],
            [
              -80.32580331676891,
              43.7363702219471
            ],
            [
              -80.32581124597793,
              43.736371496413284
            ],
            [
              -80.3258189925708,
              43.7363732671305
            ],
            [
              -80.32582649558503,
              43.73637552056189
            ],
            [
              -80.32583370055123,
              43.736378239858276
            ],
            [
              -80.32584054835522,
              43.73638140435948
            ],
            [
              -80.32584699271699,
              43.73638498857521
            ],
            [
              -80.32585278099694,
              43.7363888226682
            ],
            [
              -80.32585810549655,
              43.73639299721188
            ],
            [
              -80.32677968265199,
              43.73717961083458
            ],
            [
              -80.32755493244275,
              43.73744062266173
            ],
            [
              -80.33013100708877,
              43.73726997859082
            ],
            [
              -80.33170602783551,
              43.73658522557958
            ],
            [
              -80.33185600305556,
              43.73509937230437
            ],
            [
              -80.33185716941301,
              43.73509257783319
            ],
            [
              -80.33185892652911,
              43.735086827608455
            ],
            [
              -80.3318613691468,
              43.73508121160376
            ],
            [
              -80.33186447751638,
              43.73507577217242
            ],
            [
              -80.33186822848066,
              43.73507054791247
            ],
            [
              -80.33187259107576,
              43.735065581576855
            ],
            [
              -80.33187753487182,
              43.735060909637085
            ],
            [
              -80.33188302201344,
              43.73505656823286
            ],
            [
              -80.33188901007641,
              43.735052588795945
            ],
            [
              -80.33189545269536,
              43.73504900528424
            ],
            [
              -80.3319023032585,
              43.73504583993488
            ],
            [
              -80.33190950719515,
              43.735043120934584
            ],
            [
              -80.33191700938333,
              43.73504086833878
            ],
            [
              -80.33192475639639,
              43.735039096874026
            ],
            [
              -80.33193268483102,
              43.73503782172196
            ],
            [
              -80.33194073661544,
              43.73503705379866
            ],
            [
              -80.33194885057526,
              43.73503679667558
            ],
            [
              -80.33195696553622,
              43.735037053924295
            ],
            [
              -80.33196501722176,
              43.735037821771634
            ],
            [
              -80.33197294630516,
              43.7350390966657
            ],
            [
              -80.33198069159496,
              43.735040867765356
            ],
            [
              -80.33198819467985,
              43.73504312075067
            ],
            [
              -80.33199539853857,
              43.735045839562325
            ],
            [
              -80.33200341274178,
              43.73504960612622
            ],
            [
              -80.3325590122885,
              43.735341004722244
            ],
            [
              -80.33256429175194,
              43.73534398880033
            ],
            [
              -80.3325702804233,
              43.73534796836765
            ],
            [
              -80.33257576625506,
              43.73535231008692
            ],
            [
              -80.3325807110763,
              43.73535698072653
            ],
            [
              -80.332585074165,
              43.73536194784152
            ],
            [
              -80.33258882407192,
              43.735367172195396
            ],
            [
              -80.33259193328965,
              43.73537261202548
            ],
            [
              -80.33259437531918,
              43.73537822831636
            ],
            [
              -80.332596132706,
              43.73538397795299
            ],
            [
              -80.33259719309811,
              43.735389816246894
            ],
            [
              -80.33259754661896,
              43.735395698620046
            ],
            [
              -80.3325975198146,
              43.73539732957941
            ],
            [
              -80.33257993061352,
              43.735925144761225
            ],
            [
              -80.33293607646593,
              43.73616632542508
            ],
            [
              -80.33353401606391,
              43.73568442104409
            ],
            [
              -80.33375901933302,
              43.73505349979308
            ],
            [
              -80.3337616693395,
              43.73504731203484
            ],
            [
              -80.3337647775954,
              43.735041871649905
            ],
            [
              -80.33376852706301,
              43.73503664816414
            ],
            [
              -80.33377289072149,
              43.735031681804784
            ],
            [
              -80.33377792413157,
              43.73502693271852
            ],
            [
              -80.33500661345542,
              43.73397155574969
            ],
            [
              -80.3350120211468,
              43.733967297127045
            ],
            [
              -80.33501791088416,
              43.73396338880388
            ],
            [
              -80.3350243544853,
              43.73395980426268
            ],
            [
              -80.33503120341894,
              43.73395663955518
            ],
            [
              -80.33503840821943,
              43.733953921296035
            ],
            [
              -80.33504591152085,
              43.73395166673975
            ],
            [
              -80.3350536557284,
              43.73394989583271
            ],
            [
              -80.33506158501856,
              43.73394862229532
            ],
            [
              -80.33506963667591,
              43.73394785323494
            ],
            [
              -80.33507775046039,
              43.733947595869545
            ],
            [
              -80.33508586527536,
              43.73394785287508
            ],
            [
              -80.33509391669256,
              43.733948622275065
            ],
            [
              -80.33510184453017,
              43.73394989597745
            ],
            [
              -80.33510959100481,
              43.73395166689802
            ],
            [
              -80.33511005985453,
              43.733951792322344
            ],
            [
              -80.34018635491798,
              43.73531379137556
            ],
            [
              -80.34019361761892,
              43.73531599700359
            ],
            [
              -80.34020059844917,
              43.735318640429014
            ],
            [
              -80.34020744818545,
              43.7353218040402
            ],
            [
              -80.34021389073192,
              43.735325389049706
            ],
            [
              -80.34021987879345,
              43.7353293672264
            ],
            [
              -80.3402253802498,
              43.73533372182485
            ],
            [
              -80.34050829558208,
              43.735578434355595
            ],
            [
              -80.34051322337116,
              43.73558309392271
            ],
            [
              -80.34051757348523,
              43.73558804658567
            ],
            [
              -80.34052132416129,
              43.73559327065675
            ],
            [
              -80.34052443162517,
              43.73559871103963
            ],
            [
              -80.34052687439878,
              43.73560432804434
            ],
            [
              -80.34052863146076,
              43.735610076596906
            ],
            [
              -80.34052969146182,
              43.73561591475692
            ],
            [
              -80.34053004691805,
              43.73562179895497
            ],
            [
              -80.3405296918873,
              43.73562768208733
            ],
            [
              -80.34052863257497,
              43.73563352029438
            ],
            [
              -80.34052782212143,
              43.73563646920798
            ],
            [
              -80.34026449446382,
              43.736494018767026
            ],
            [
              -80.34062860055963,
              43.7370240768434
            ],
            [
              -80.34295311598727,
              43.73800881557523
            ],
            [
              -80.34295974636916,
              43.738011905264216
            ],
            [
              -80.34296599427505,
              43.7380153886417
            ],
            [
              -80.34297198143878,
              43.73801936841499
            ],
            [
              -80.3429774695959,
              43.738023709659686
            ],
            [
              -80.34298241283733,
              43.738028382406256
            ],
            [
              -80.34298677715358,
              43.73803334820812
            ],
            [
              -80.34299052823101,
              43.73803857220813
            ],
            [
              -80.34299363615358,
              43.738044011638486
            ],
            [
              -80.3429960781265,
              43.73804962765181
            ],
            [
              -80.34299783661015,
              43.73805537803199
            ],
            [
              -80.34299889568295,
              43.73806121613136
            ],
            [
              -80.3429992514953,
              43.73806709944335
            ],
            [
              -80.3429988954753,
              43.738072982548594
            ],
            [
              -80.34299783637803,
              43.73807882080016
            ],
            [
              -80.34299607793197,
              43.738084570227805
            ],
            [
              -80.34299363624213,
              43.73809018741295
            ],
            [
              -80.34299052756546,
              43.73809562714222
            ],
            [
              -80.34298677752767,
              43.738100850925285
            ],
            [
              -80.34298241453395,
              43.738105816792526
            ],
            [
              -80.34297746893247,
              43.73811048916625
            ],
            [
              -80.34297198236213,
              43.73811483117061
            ],
            [
              -80.34296599368236,
              43.738118809408824
            ],
            [
              -80.3429595501877,
              43.738122393562314
            ],
            [
              -80.34295270003005,
              43.73812555785451
            ],
            [
              -80.34294698477345,
              43.738127762104114
            ],
            [
              -80.34294107202459,
              43.73812967291399
            ],
            [
              -80.34257977211999,
              43.73823567337687
            ],
            [
              -80.34257669292431,
              43.73823653142041
            ],
            [
              -80.34256894595615,
              43.73823830188716
            ],
            [
              -80.34256101745898,
              43.738239576056365
            ],
            [
              -80.3425529653541,
              43.7382403448006
            ],
            [
              -80.34254484980966,
              43.73824060179489
            ],
            [
              -80.34253673556402,
              43.73824034542172
            ],
            [
              -80.3425286834904,
              43.738239575692845
            ],
            [
              -80.34252075370082,
              43.73823830159339
            ],
            [
              -80.34251300762122,
              43.73823653126652
            ],
            [
              -80.34251197162041,
              43.73823625178485
            ],
            [
              -80.34112095202919,
              43.73785553014568
            ],
            [
              -80.33981554636485,
              43.737949309009046
            ],
            [
              -80.33960096520093,
              43.738559476636595
            ],
            [
              -80.33959823723713,
              43.738565886259856
            ],
            [
              -80.33959512812152,
              43.738571326789156
            ],
            [
              -80.33959137780488,
              43.73857654955647
            ],
            [
              -80.33958701431457,
              43.73858151708002
            ],
            [
              -80.33958206961945,
              43.73858618935148
            ],
            [
              -80.33957658273354,
              43.73859053118057
            ],
            [
              -80.3395705937562,
              43.73859450922698
            ],
            [
              -80.339564151146,
              43.73859809412618
            ],
            [
              -80.33955730073372,
              43.738601258198045
            ],
            [
              -80.3395500955476,
              43.738603976785726
            ],
            [
              -80.33954259310985,
              43.738606230837384
            ],
            [
              -80.33953484722957,
              43.73860800113554
            ],
            [
              -80.33952691729506,
              43.73860927591751
            ],
            [
              -80.339517897385,
              43.73861010214086
            ],
            [
              -80.33897500808278,
              43.738640407185265
            ],
            [
              -80.33848073049928,
              43.739102047620435
            ],
            [
              -80.33698099229825,
              43.74166611736933
            ],
            [
              -80.33697913269394,
              43.74166933292648
            ],
            [
              -80.33697777211789,
              43.74167148534948
            ],
            [
              -80.33697408351117,
              43.74167675135393
            ],
            [
              -80.33696971845302,
              43.741681716939404
            ],
            [
              -80.33696477449443,
              43.741686389162155
            ],
            [
              -80.3369632375457,
              43.741687633860096
            ],
            [
              -80.33695933551377,
              43.7416907897811
            ],
            [
              -80.33615091229724,
              43.74235504518383
            ],
            [
              -80.33586548530322,
              43.743155369885514
            ],
            [
              -80.33596363501907,
              43.744179065820575
            ],
            [
              -80.33767364297177,
              43.74730627431982
            ],
            [
              -80.3380811793253,
              43.74744911164722
            ],
            [
              -80.33886289101235,
              43.747312206125784
            ],
            [
              -80.34073805356515,
              43.745532426019395
            ],
            [
              -80.34074072247995,
              43.745530009413606
            ],
            [
              -80.34074620989034,
              43.74552566837963
            ],
            [
              -80.34075219837594,
              43.74552168927569
            ],
            [
              -80.34075864295781,
              43.745518104324546
            ],
            [
              -80.34076549416281,
              43.7455149401441
            ],
            [
              -80.34077143698097,
              43.74551265602583
            ],
            [
              -80.34190603735144,
              43.74511395724336
            ],
            [
              -80.34191480508957,
              43.74511126756757
            ],
            [
              -80.34192255180933,
              43.74510949707749
            ],
            [
              -80.3419304813881,
              43.74510822204732
            ],
            [
              -80.34193843457017,
              43.745107459697245
            ],
            [
              -80.341946447232,
              43.7451071972146
            ],
            [
              -80.34439324802177,
              43.745103296604974
            ],
            [
              -80.34440146633082,
              43.74510355382509
            ],
            [
              -80.34440951958808,
              43.74510432162232
            ],
            [
              -80.34442073568805,
              43.745106282434385
            ],
            [
              -80.34719603347824,
              43.7457253818037
            ],
            [
              -80.34720049642527,
              43.74572646779208
            ],
            [
              -80.34721026759118,
              43.74572951510901
            ],
            [
              -80.34963516540074,
              43.746607813856826
            ],
            [
              -80.34964010651036,
              43.7466097398016
            ],
            [
              -80.3496450247667,
              43.74661195026681
            ],
            [
              -80.35305522396362,
              43.7482519480796
            ],
            [
              -80.35306360458189,
              43.74825648857622
            ],
            [
              -80.35306959359183,
              43.74826046782717
            ],
            [
              -80.35307508225473,
              43.74826480944512
            ],
            [
              -80.35308002735117,
              43.748269480882456
            ],
            [
              -80.35308444928692,
              43.748274519977585
            ],
            [
              -80.35363600648564,
              43.74897099110006
            ],
            [
              -80.3536396918287,
              43.748976146040114
            ],
            [
              -80.35364275171668,
              43.748981511865644
            ],
            [
              -80.353646002576,
              43.74898948124483
            ],
            [
              -80.35388620445198,
              43.749747180104386
            ],
            [
              -80.35388715463868,
              43.74975057675204
            ],
            [
              -80.35388821501725,
              43.74975641573182
            ],
            [
              -80.35388856959477,
              43.74976229899063
            ],
            [
              -80.3538882640463,
              43.749767760168986
            ],
            [
              -80.35388735012613,
              43.74977318618885
            ],
            [
              -80.35350067824875,
              43.75148827460951
            ],
            [
              -80.35383068351129,
              43.75200252927325
            ],
            [
              -80.35383375583716,
              43.75200791187361
            ],
            [
              -80.35383619946182,
              43.75201352863834
            ],
            [
              -80.3538379583641,
              43.75201927799351
            ],
            [
              -80.35383901761915,
              43.75202511603939
            ],
            [
              -80.35383937220602,
              43.75203099931659
            ],
            [
              -80.35383901849369,
              43.752036882625966
            ],
            [
              -80.35383795780268,
              43.75204272098853
            ],
            [
              -80.35383619888174,
              43.752048469755636
            ],
            [
              -80.35383375644138,
              43.75205408724585
            ],
            [
              -80.35383064804776,
              43.752059527401066
            ],
            [
              -80.35382689692548,
              43.75206475071994
            ],
            [
              -80.35382253256489,
              43.752069717079
            ],
            [
              -80.35381758546652,
              43.752074389101985
            ],
            [
              -80.35381639955091,
              43.75207539295484
            ],
            [
              -80.35314239036407,
              43.752635017308165
            ],
            [
              -80.3526075214423,
              43.7543261829045
            ],
            [
              -80.35260426045868,
              43.75433418612626
            ],
            [
              -80.35260115050055,
              43.75433962710416
            ],
            [
              -80.3525974003439,
              43.75434485045025
            ],
            [
              -80.35259303445315,
              43.754349816718424
            ],
            [
              -80.35258808952118,
              43.75435448880791
            ],
            [
              -80.35258259968859,
              43.75435883040521
            ],
            [
              -80.35257661117276,
              43.754362809336975
            ],
            [
              -80.35257016516269,
              43.75436639410694
            ],
            [
              -80.352563312372,
              43.75436955814629
            ],
            [
              -80.35255610707642,
              43.75437227684611
            ],
            [
              -80.35254860069588,
              43.75437452997429
            ],
            [
              -80.35254085301268,
              43.754376301273695
            ],
            [
              -80.35253292241923,
              43.75437757622683
            ],
            [
              -80.35252486700386,
              43.75437834390587
            ],
            [
              -80.3525167504376,
              43.75437860083725
            ],
            [
              -80.35250863383928,
              43.75437834433463
            ],
            [
              -80.3525005804243,
              43.75437757630889
            ],
            [
              -80.35249264822762,
              43.75437630114263
            ],
            [
              -80.35248489970482,
              43.75437452972049
            ],
            [
              -80.35247739445553,
              43.75437227730384
            ],
            [
              -80.35247018844122,
              43.75436955809154
            ],
            [
              -80.35246919642836,
              43.754369136553265
            ],
            [
              -80.35187569693873,
              43.75411363687691
            ],
            [
              -80.35186936702945,
              43.75411065393751
            ],
            [
              -80.35186339083678,
              43.754107309314236
            ],
            [
              -80.35185740127717,
              43.7541033299625
            ],
            [
              -80.35185191328944,
              43.75409898919849
            ],
            [
              -80.35184696661099,
              43.75409431671349
            ],
            [
              -80.35184260153319,
              43.75408935033012
            ],
            [
              -80.35183885099525,
              43.75408412664321
            ],
            [
              -80.35183574144263,
              43.75407868556178
            ],
            [
              -80.35183329909262,
              43.75407306968698
            ],
            [
              -80.35183154025833,
              43.75406732117936
            ],
            [
              -80.35183048001507,
              43.75406148214444
            ],
            [
              -80.35183012563007,
              43.75405559884413
            ],
            [
              -80.35183047949454,
              43.75404971642276
            ],
            [
              -80.35183157280359,
              43.75404374529132
            ],
            [
              -80.35186950174946,
              43.75389138397532
            ],
            [
              -80.35003109765384,
              43.754293803659856
            ],
            [
              -80.34568664387697,
              43.75721580806561
            ],
            [
              -80.34428879876302,
              43.75863531972565
            ],
            [
              -80.34427450901676,
              43.758894295563515
            ],
            [
              -80.34427404785535,
              43.75889882480378
            ],
            [
              -80.34427316950556,
              43.75890332014475
            ],
            [
              -80.34427141052679,
              43.758909069757294
            ],
            [
              -80.3442689668801,
              43.75891468617936
            ],
            [
              -80.34426585839005,
              43.75892012615634
            ],
            [
              -80.34426210581458,
              43.75892535007849
            ],
            [
              -80.34425774128323,
              43.75893031614013
            ],
            [
              -80.34425279523073,
              43.7589349878648
            ],
            [
              -80.34424730544436,
              43.75893933000437
            ],
            [
              -80.34424131458803,
              43.75894330842868
            ],
            [
              -80.3442348699734,
              43.75894689281779
            ],
            [
              -80.34422801729396,
              43.758950057283464
            ],
            [
              -80.34422080959546,
              43.758952777165824
            ],
            [
              -80.3442133034859,
              43.7589550297652
            ],
            [
              -80.34420942460336,
              43.758955983816485
            ],
            [
              -80.34256402240005,
              43.75933152100605
            ],
            [
              -80.342471199893,
              43.75956377892021
            ],
            [
              -80.34276514253396,
              43.760184588999564
            ],
            [
              -80.34276723019599,
              43.76018963177757
            ],
            [
              -80.34276876969514,
              43.76019477803646
            ],
            [
              -80.34276983040829,
              43.76020061636974
            ],
            [
              -80.34277018517739,
              43.760206498907785
            ],
            [
              -80.34276983138966,
              43.760212383197775
            ],
            [
              -80.34276876944128,
              43.760218220615776
            ],
            [
              -80.34276767361828,
              43.76022206942118
            ],
            [
              -80.34135834445614,
              43.76453081403839
            ],
            [
              -80.34148578551329,
              43.76502171881017
            ],
            [
              -80.34148597715314,
              43.76502247770098
            ],
            [
              -80.34148703782319,
              43.765028316085655
            ],
            [
              -80.34148739233386,
              43.765034200461464
            ],
            [
              -80.34148703853002,
              43.76504008299106
            ],
            [
              -80.34148597751422,
              43.76504592138693
            ],
            [
              -80.34148421936163,
              43.76505167015853
            ],
            [
              -80.3414817751571,
              43.76505728656247
            ],
            [
              -80.34147866596761,
              43.76506272739955
            ],
            [
              -80.34147491394612,
              43.76506795132062
            ],
            [
              -80.34147148531446,
              43.765071927664984
            ],
            [
              -80.34081488539341,
              43.76577789311214
            ],
            [
              -80.33958143337115,
              43.76975609825061
            ],
            [
              -80.33957994086627,
              43.76976028071028
            ],
            [
              -80.33957808188423,
              43.76976438737749
            ],
            [
              -80.33957530796015,
              43.76976929998805
            ],
            [
              -80.33890286791275,
              43.77083817529376
            ],
            [
              -80.33898092814273,
              43.77139669758308
            ],
            [
              -80.33898140220823,
              43.77140349895766
            ],
            [
              -80.33898104794274,
              43.771409383324496
            ],
            [
              -80.33897998661394,
              43.771415220848155
            ],
            [
              -80.33897822799544,
              43.771420969627435
            ],
            [
              -80.33897578448995,
              43.77142658607666
            ],
            [
              -80.33897267469197,
              43.77143202688645
            ],
            [
              -80.33896892207353,
              43.7714372498655
            ],
            [
              -80.33896455599398,
              43.77144221668826
            ],
            [
              -80.3389596095276,
              43.77144688919486
            ],
            [
              -80.33895411938776,
              43.77145123028843
            ],
            [
              -80.33894812670809,
              43.77145520937479
            ],
            [
              -80.33894168020475,
              43.77145879439631
            ],
            [
              -80.33893482573654,
              43.77146195767178
            ],
            [
              -80.33892600091237,
              43.77146520963715
            ],
            [
              -80.33829573798224,
              43.77166766923171
            ],
            [
              -80.33719411862815,
              43.773267415857234
            ],
            [
              -80.33711589395477,
              43.77375942523267
            ],
            [
              -80.33711509091462,
              43.773763419556666
            ],
            [
              -80.3371133318734,
              43.77376917011768
            ],
            [
              -80.33711088938759,
              43.773774785699196
            ],
            [
              -80.33710777934834,
              43.77378022557349
            ],
            [
              -80.33710402623983,
              43.7737854502971
            ],
            [
              -80.33710055547776,
              43.773789473347186
            ],
            [
              -80.33709670158524,
              43.77379330905631
            ],
            [
              -80.33627815413598,
              43.77455093835062
            ],
            [
              -80.33652478108829,
              43.77666882371632
            ],
            [
              -80.33652511064824,
              43.776674499025205
            ],
            [
              -80.33652475623823,
              43.77668038163107
            ],
            [
              -80.33652369563272,
              43.776686221021656
            ],
            [
              -80.33652203339409,
              43.77669170838449
            ],
            [
              -80.33651974598027,
              43.776697076876374
            ],
            [
              -80.33593484653903,
              43.777891177133405
            ],
            [
              -80.3359345944602,
              43.77789168564717
            ],
            [
              -80.33593148391894,
              43.77789712731173
            ],
            [
              -80.33592773180858,
              43.777902350282844
            ],
            [
              -80.33592336494043,
              43.777907317022375
            ],
            [
              -80.33591841654749,
              43.777911987576175
            ],
            [
              -80.33591521875401,
              43.77791460855014
            ],
            [
              -80.33439851869915,
              43.77909431009603
            ],
            [
              -80.33439023531824,
              43.77910000819886
            ],
            [
              -80.33438378762075,
              43.77910359297678
            ],
            [
              -80.33437693186013,
              43.779106756884
            ],
            [
              -80.33437469913385,
              43.77910766162856
            ],
            [
              -80.33293813449684,
              43.77967105617224
            ],
            [
              -80.33151792449303,
              43.780666081187164
            ],
            [
              -80.33085054341655,
              43.78159651893535
            ],
            [
              -80.33073418562458,
              43.782187630311064
            ],
            [
              -80.33073370329973,
              43.78218982115237
            ],
            [
              -80.33073194347358,
              43.78219556987713
            ],
            [
              -80.33072949988454,
              43.782201186271294
            ],
            [
              -80.33072638989887,
              43.78220662697086
            ],
            [
              -80.33072263699944,
              43.7822118497859
            ],
            [
              -80.33072225886083,
              43.78221231933299
            ],
            [
              -80.32932511414134,
              43.78393338458108
            ],
            [
              -80.32934510246199,
              43.78421948695036
            ],
            [
              -80.32934522226816,
              43.78422290007146
            ],
            [
              -80.32934486827934,
              43.784228782768565
            ],
            [
              -80.32934380684142,
              43.78423462124874
            ],
            [
              -80.32934204804305,
              43.78424037002139
            ],
            [
              -80.32933960290593,
              43.784245987240745
            ],
            [
              -80.32933649274327,
              43.7842514270167
            ],
            [
              -80.32933273949565,
              43.7842566506938
            ],
            [
              -80.32932837152623,
              43.78426161720091
            ],
            [
              -80.329323424325,
              43.78426628938867
            ],
            [
              -80.32932156348178,
              43.78426784663167
            ],
            [
              -80.32841856340917,
              43.78500084713723
            ],
            [
              -80.32841392045282,
              43.78500435372392
            ],
            [
              -80.32840894077103,
              43.78500760925131
            ],
            [
              -80.32840249199003,
              43.7850111936895
            ],
            [
              -80.32839563754887,
              43.785014358238335
            ],
            [
              -80.32838842688608,
              43.78501707718166
            ],
            [
              -80.32838091765261,
              43.7850193305751
            ],
            [
              -80.32837316479294,
              43.78502110105588
            ],
            [
              -80.32836523030144,
              43.785022376080285
            ],
            [
              -80.32835717106519,
              43.785023144678
            ],
            [
              -80.32834904978277,
              43.78502340064253
            ],
            [
              -80.32834092978013,
              43.78502314500187
            ],
            [
              -80.32833287089629,
              43.78502237592585
            ],
            [
              -80.3283257984232,
              43.78502126627943
            ],
            [
              -80.32831886655178,
              43.78501976115271
            ],
            [
              -80.32783556460143,
              43.784899860812494
            ],
            [
              -80.3278338840864,
              43.78489943079096
            ],
            [
              -80.32782637436323,
              43.78489717735458
            ],
            [
              -80.3278191641744,
              43.784894458071165
            ],
            [
              -80.32781230889476,
              43.78489129433249
            ],
            [
              -80.32780586003034,
              43.78488770915906
            ],
            [
              -80.32779986739003,
              43.784883730900496
            ],
            [
              -80.32779437575145,
              43.784879388582446
            ],
            [
              -80.32778942819503,
              43.78487471655944
            ],
            [
              -80.32778506029294,
              43.78486974975144
            ],
            [
              -80.32778130731123,
              43.78486452666785
            ],
            [
              -80.32777819700772,
              43.784859086383406
            ],
            [
              -80.32777575195611,
              43.78485347044361
            ],
            [
              -80.3277739934151,
              43.78484772123596
            ],
            [
              -80.32777293250447,
              43.78484188339728
            ],
            [
              -80.32777257809624,
              43.784835998761444
            ],
            [
              -80.32777293225732,
              43.78483011606483
            ],
            [
              -80.32777399263496,
              43.784824277540494
            ],
            [
              -80.327775226948,
              43.784820017807384
            ],
            [
              -80.32777683601817,
              43.78481582526768
            ],
            [
              -80.32810714554171,
              43.78405173219709
            ],
            [
              -80.32741445442707,
              43.783875105869434
            ],
            [
              -80.32702342754385,
              43.784743435747714
            ],
            [
              -80.32702240388339,
              43.78474558617626
            ],
            [
              -80.3270192933865,
              43.78475102678447
            ],
            [
              -80.32701553988447,
              43.784756250381996
            ],
            [
              -80.32700981140174,
              43.78476258918993
            ],
            [
              -80.32649109993004,
              43.785271667852086
            ],
            [
              -80.32697851409368,
              43.78563891292193
            ],
            [
              -80.32698272596116,
              43.785642309881595
            ],
            [
              -80.32698767475672,
              43.785646982002945
            ],
            [
              -80.32699204148632,
              43.78565194789669
            ],
            [
              -80.32699579560908,
              43.785657171966925
            ],
            [
              -80.3269989058803,
              43.7856626122805
            ],
            [
              -80.32700134957337,
              43.78566822908663
            ],
            [
              -80.32700311053725,
              43.78567397842439
            ],
            [
              -80.32700417138204,
              43.785679816277465
            ],
            [
              -80.32700452462764,
              43.78568569907245
            ],
            [
              -80.32700417161749,
              43.785691581828615
            ],
            [
              -80.32700310982615,
              43.78569742119408
            ],
            [
              -80.32700134949732,
              43.78570316988339
            ],
            [
              -80.32699890537094,
              43.78570878621718
            ],
            [
              -80.32699579481728,
              43.785714226831814
            ],
            [
              -80.32699204256228,
              43.78571944959326
            ],
            [
              -80.32698767542736,
              43.78572441696532
            ],
            [
              -80.32698272665665,
              43.78572908899634
            ],
            [
              -80.326977235382,
              43.78573342960108
            ],
            [
              -80.32697124143948,
              43.78573740903145
            ],
            [
              -80.32696479240252,
              43.785740994282015
            ],
            [
              -80.32695793786402,
              43.78574415784248
            ],
            [
              -80.32695072827302,
              43.78574687674481
            ],
            [
              -80.32694321764211,
              43.785749129981994
            ],
            [
              -80.3269420021874,
              43.78574944408771
            ],
            [
              -80.32673685864317,
              43.785801214656665
            ],
            [
              -80.32750274628809,
              43.786333381715394
            ],
            [
              -80.32750962752307,
              43.786338710391185
            ],
            [
              -80.32751457518742,
              43.78634338243667
            ],
            [
              -80.32751894325872,
              43.78634834836851
            ],
            [
              -80.32752269624045,
              43.78635357236938
            ],
            [
              -80.32752580667969,
              43.78635901177501
            ],
            [
              -80.327528250534,
              43.786364627676775
            ],
            [
              -80.32753001026018,
              43.786370377853146
            ],
            [
              -80.32753107117442,
              43.78637621570638
            ],
            [
              -80.32753142571964,
              43.786382098560466
            ],
            [
              -80.32753107144627,
              43.78638798216604
            ],
            [
              -80.32753000977391,
              43.786393820644946
            ],
            [
              -80.3275282506402,
              43.78639957030134
            ],
            [
              -80.32752580661312,
              43.78640518575531
            ],
            [
              -80.32752269599581,
              43.78641062728811
            ],
            [
              -80.32751894250467,
              43.786415850018024
            ],
            [
              -80.32751457536195,
              43.78642081741676
            ],
            [
              -80.32750962664973,
              43.786425488579695
            ],
            [
              -80.32750413650943,
              43.786429830168906
            ],
            [
              -80.3274981426055,
              43.78643380873582
            ],
            [
              -80.32749169359762,
              43.78643739312482
            ],
            [
              -80.32748483768741,
              43.786440557564816
            ],
            [
              -80.32747762795468,
              43.78644327740338
            ],
            [
              -80.32747011856536,
              43.78644552983848
            ],
            [
              -80.32746236539857,
              43.78644730115259
            ],
            [
              -80.32745442944125,
              43.78644857605506
            ],
            [
              -80.3274463712983,
              43.7864493437421
            ],
            [
              -80.32743825096306,
              43.786449600589215
            ],
            [
              -80.32743012959155,
              43.78644934392465
            ],
            [
              -80.32742207043492,
              43.786448575674434
            ],
            [
              -80.32741413519992,
              43.78644730129882
            ],
            [
              -80.3274063828102,
              43.78644552973699
            ],
            [
              -80.327396423117,
              43.78644241730049
            ],
            [
              -80.32670519508723,
              43.78619084323048
            ],
            [
              -80.32654259975558,
              43.786909516768375
            ],
            [
              -80.32654241189628,
              43.78691032090751
            ],
            [
              -80.32654065148047,
              43.786916069598576
            ],
            [
              -80.32653820849178,
              43.786921685986144
            ],
            [
              -80.3265350965851,
              43.78692712654067
            ],
            [
              -80.32653134412702,
              43.786932350191584
            ],
            [
              -80.32652697569173,
              43.786937316599854
            ],
            [
              -80.32652202808767,
              43.78694198777472
            ],
            [
              -80.32651884525524,
              43.78694459659452
            ],
            [
              -80.32529004439367,
              43.787900697187965
            ],
            [
              -80.32528272815094,
              43.78790580200386
            ],
            [
              -80.32395592767905,
              43.788735303068364
            ],
            [
              -80.32395494470482,
              43.78873590859782
            ],
            [
              -80.32394849635786,
              43.78873949373256
            ],
            [
              -80.3239416399562,
              43.78874265795032
            ],
            [
              -80.3239378075972,
              43.78874417469048
            ],
            [
              -80.3225399073578,
              43.78926717468473
            ],
            [
              -80.32253453902625,
              43.78926902893425
            ],
            [
              -80.32252901946582,
              43.78927062959264
            ],
            [
              -80.32252157806812,
              43.78927233975191
            ],
            [
              -80.32251396549088,
              43.78927359274227
            ],
            [
              -80.32098117830122,
              43.78947730812307
            ],
            [
              -80.31980130085438,
              43.79016502224157
            ],
            [
              -80.31987652726161,
              43.79060540888165
            ],
            [
              -80.31987723276873,
              43.790613699233184
            ],
            [
              -80.3198768777249,
              43.79061958194914
            ],
            [
              -80.31987581755841,
              43.790625421392114
            ],
            [
              -80.3198740575647,
              43.790631170055406
            ],
            [
              -80.31987161249046,
              43.79063678626024
            ],
            [
              -80.3198685021907,
              43.790642226754784
            ],
            [
              -80.31986474884509,
              43.790647450193035
            ],
            [
              -80.31986038067392,
              43.790652417300855
            ],
            [
              -80.31985543216857,
              43.790657088184155
            ],
            [
              -80.31984993968526,
              43.790661430238735
            ],
            [
              -80.31984394731937,
              43.79066540760368
            ],
            [
              -80.31983749840121,
              43.79066899339191
            ],
            [
              -80.31983064152197,
              43.790672157348716
            ],
            [
              -80.31982343085502,
              43.7906748766757
            ],
            [
              -80.3198159204204,
              43.79067713036942
            ],
            [
              -80.3198081676485,
              43.79067890118221
            ],
            [
              -80.31980023221769,
              43.79068017466979
            ],
            [
              -80.31979217187867,
              43.79068094440879
            ],
            [
              -80.31978405088232,
              43.790681200663606
            ],
            [
              -80.3197759288445,
              43.790680944301144
            ],
            [
              -80.31976787048949,
              43.790680174615304
            ],
            [
              -80.31975993342894,
              43.79067890139152
            ],
            [
              -80.31975218061241,
              43.79067713015011
            ],
            [
              -80.31974467035445,
              43.79067487701377
            ],
            [
              -80.3197374598074,
              43.79067215715242
            ],
            [
              -80.31973103099999,
              43.790669209242125
            ],
            [
              -80.31972495472034,
              43.79066588975634
            ],
            [
              -80.3193897804565,
              43.790466729974476
            ],
            [
              -80.31862042176073,
              43.79075639437455
            ],
            [
              -80.31861495107464,
              43.79075829340195
            ],
            [
              -80.31860931995234,
              43.790759930311765
            ],
            [
              -80.31860156712978,
              43.790761701035464
            ],
            [
              -80.31859363158246,
              43.79076297532908
            ],
            [
              -80.31858557129095,
              43.79076374407786
            ],
            [
              -80.31857745020017,
              43.79076400113651
            ],
            [
              -80.31856932947115,
              43.790763743838475
            ],
            [
              -80.31856126856667,
              43.790762974846125
            ],
            [
              -80.31855725895073,
              43.790762397154424
            ],
            [
              -80.31774366851545,
              43.79063157942438
            ],
            [
              -80.31778619651017,
              43.79169194253754
            ],
            [
              -80.31800196051549,
              43.79170627875778
            ],
            [
              -80.31800963069425,
              43.79170702308561
            ],
            [
              -80.31801756778617,
              43.791708297341266
            ],
            [
              -80.31802532076887,
              43.79171006781622
            ],
            [
              -80.31803283109782,
              43.79171232107907
            ],
            [
              -80.318040041697,
              43.79171504106163
            ],
            [
              -80.31804689858073,
              43.79171820462762
            ],
            [
              -80.31805334652435,
              43.791721788585086
            ],
            [
              -80.318059340367,
              43.791725768391274
            ],
            [
              -80.31806483338892,
              43.791730108623554
            ],
            [
              -80.31806978197442,
              43.79173478120497
            ],
            [
              -80.31807414962061,
              43.7917397475671
            ],
            [
              -80.3180779033879,
              43.79174497110278
            ],
            [
              -80.31808101435949,
              43.7917504117816
            ],
            [
              -80.31808345872689,
              43.79175602800024
            ],
            [
              -80.31808521779033,
              43.79176177658252
            ],
            [
              -80.3180862788908,
              43.791767616424345
            ],
            [
              -80.31808663369817,
              43.79177349940879
            ],
            [
              -80.31808627845511,
              43.79177938212791
            ],
            [
              -80.31808521822907,
              43.791785219767114
            ],
            [
              -80.31808345909653,
              43.79179097025961
            ],
            [
              -80.31808101378762,
              43.79179658643138
            ],
            [
              -80.31807790332144,
              43.7918020259839
            ],
            [
              -80.31807406203144,
              43.79180735894376
            ],
            [
              -80.31790770647774,
              43.79201429806226
            ],
            [
              -80.31845850371336,
              43.79199696062858
            ],
            [
              -80.31846254950757,
              43.791996896749225
            ],
            [
              -80.31847067041838,
              43.791997154055984
            ],
            [
              -80.31847873150268,
              43.79199792305657
            ],
            [
              -80.31848666740868,
              43.7919991972217
            ],
            [
              -80.31849442044754,
              43.79200096766261
            ],
            [
              -80.31850193083551,
              43.79200322089269
            ],
            [
              -80.3185091414961,
              43.79200594084406
            ],
            [
              -80.31851599836656,
              43.79200910527791
            ],
            [
              -80.31852244761379,
              43.7920126892634
            ],
            [
              -80.31852844159864,
              43.79201666814687
            ],
            [
              -80.31853393337137,
              43.792021009198194
            ],
            [
              -80.31853888209953,
              43.79202568086187
            ],
            [
              -80.3185432497347,
              43.7920306481038
            ],
            [
              -80.31854700364305,
              43.79203587072729
            ],
            [
              -80.31855011336214,
              43.79204131223626
            ],
            [
              -80.31855255910585,
              43.792046927604225
            ],
            [
              -80.31855431815113,
              43.79205267707832
            ],
            [
              -80.31855537938365,
              43.79205851602027
            ],
            [
              -80.31855573424315,
              43.79206439900544
            ],
            [
              -80.31855538135926,
              43.7920702692203
            ],
            [
              -80.31851418240532,
              43.79241216921472
            ],
            [
              -80.31851311858624,
              43.79241802021337
            ],
            [
              -80.31851135839251,
              43.79242376886767
            ],
            [
              -80.31850891550035,
              43.7924293860626
            ],
            [
              -80.31850580380193,
              43.792434825577025
            ],
            [
              -80.31850205012762,
              43.79244004987646
            ],
            [
              -80.31849768176737,
              43.79244501604214
            ],
            [
              -80.31849273414689,
              43.79244968782517
            ],
            [
              -80.3184872426155,
              43.792454029874285
            ],
            [
              -80.31848124740122,
              43.79245800795733
            ],
            [
              -80.31847479949903,
              43.7924615928284
            ],
            [
              -80.31846794231758,
              43.7924647567036
            ],
            [
              -80.31846073258673,
              43.792467475998826
            ],
            [
              -80.31845322061237,
              43.792469729544734
            ],
            [
              -80.31844922969567,
              43.79247070932325
            ],
            [
              -80.31767652883238,
              43.79264621035434
            ],
            [
              -80.31767072594288,
              43.79264738011258
            ],
            [
              -80.31766483197806,
              43.79264827644385
            ],
            [
              -80.31765677139694,
              43.79264904512307
            ],
            [
              -80.31764865009968,
              43.792649301212926
            ],
            [
              -80.31764052901974,
              43.792649044739605
            ],
            [
              -80.3176324690905,
              43.79264827572928
            ],
            [
              -80.31762453187167,
              43.79264700144284
            ],
            [
              -80.31761677876968,
              43.79264523093596
            ],
            [
              -80.31760926840684,
              43.792642976743004
            ],
            [
              -80.3176020576306,
              43.79264025762475
            ],
            [
              -80.31759520065741,
              43.7926370940257
            ],
            [
              -80.31758875147396,
              43.79263350908265
            ],
            [
              -80.31758221437201,
              43.79262913287657
            ],
            [
              -80.31698198285648,
              43.79218705360347
            ],
            [
              -80.31490174255816,
              43.796190415068025
            ],
            [
              -80.3148988764397,
              43.79619533133563
            ],
            [
              -80.31489548209224,
              43.796200068992135
            ],
            [
              -80.31423910087629,
              43.79703394106431
            ],
            [
              -80.31450284134006,
              43.79852846198211
            ],
            [
              -80.3145034044661,
              43.79853273196988
            ],
            [
              -80.31450359291036,
              43.798537020302064
            ],
            [
              -80.31450323840218,
              43.79854290401575
            ],
            [
              -80.31450217642579,
              43.79854874161654
            ],
            [
              -80.3145004167782,
              43.79855449120401
            ],
            [
              -80.31449797327979,
              43.79856010745451
            ],
            [
              -80.31449560918854,
              43.79856435708604
            ],
            [
              -80.31449285294246,
              43.7985684801447
            ],
            [
              -80.31377901621414,
              43.799550007936645
            ],
            [
              -80.3137772708119,
              43.79955229893237
            ],
            [
              -80.31377290262124,
              43.79955726590151
            ],
            [
              -80.31376795279593,
              43.799561936553296
            ],
            [
              -80.31376246010339,
              43.799566279293714
            ],
            [
              -80.31375646617198,
              43.79957025815286
            ],
            [
              -80.31375362823943,
              43.79957191464156
            ],
            [
              -80.31255753155936,
              43.80024289582267
            ],
            [
              -80.31224259191208,
              43.8009872978116
            ],
            [
              -80.31218356113457,
              43.80213846010727
            ],
            [
              -80.31218310246454,
              43.8021430852076
            ],
            [
              -80.31218220887395,
              43.80214767639843
            ],
            [
              -80.3121804489449,
              43.802153425077464
            ],
            [
              -80.31217800373348,
              43.802159042142975
            ],
            [
              -80.3121773645858,
              43.8021602773787
            ],
            [
              -80.31122558172832,
              43.8039448724045
            ],
            [
              -80.31122272097726,
              43.80394967358793
            ],
            [
              -80.31121935648636,
              43.80395429994308
            ],
            [
              -80.31121498647518,
              43.80395926677952
            ],
            [
              -80.31121003836049,
              43.80396393924405
            ],
            [
              -80.3112053360699,
              43.80396770026089
            ],
            [
              -80.30937254094216,
              43.80532751696762
            ],
            [
              -80.30882029062518,
              43.80619949202828
            ],
            [
              -80.3086435475269,
              43.807289411078685
            ],
            [
              -80.30864276938328,
              43.8072932588567
            ],
            [
              -80.30864100884213,
              43.807299008413544
            ],
            [
              -80.30863856303962,
              43.807304625435464
            ],
            [
              -80.30863396906861,
              43.807312263106006
            ],
            [
              -80.30827705039802,
              43.807817898787974
            ],
            [
              -80.30827477897412,
              43.807820923761874
            ],
            [
              -80.30827040962821,
              43.80782589055689
            ],
            [
              -80.30826545967544,
              43.8078305628511
            ],
            [
              -80.30825996587438,
              43.80783490355651
            ],
            [
              -80.30825397056519,
              43.80783888304249
            ],
            [
              -80.30824752011306,
              43.80784246825556
            ],
            [
              -80.30824066166134,
              43.80784563158218
            ],
            [
              -80.30823344932833,
              43.80784835112697
            ],
            [
              -80.30822593730885,
              43.807850604097005
            ],
            [
              -80.30821818166235,
              43.80785237499004
            ],
            [
              -80.30821024325128,
              43.80785365032082
            ],
            [
              -80.30820218154547,
              43.80785441834348
            ],
            [
              -80.30819405787899,
              43.807854674602595
            ],
            [
              -80.30818551388774,
              43.80785439131061
            ],
            [
              -80.30773936354788,
              43.80782464660707
            ],
            [
              -80.3077317232458,
              43.807823905648306
            ],
            [
              -80.3077237853028,
              43.80782263064068
            ],
            [
              -80.30771603030097,
              43.80782086026173
            ],
            [
              -80.30770851687659,
              43.80781860705154
            ],
            [
              -80.30770130452139,
              43.80781588809303
            ],
            [
              -80.30769444746309,
              43.807812723836285
            ],
            [
              -80.30768799582799,
              43.80780913905173
            ],
            [
              -80.30768199958905,
              43.80780516030455
            ],
            [
              -80.30767650709582,
              43.8078008185914
            ],
            [
              -80.3076715565543,
              43.807796147156594
            ],
            [
              -80.30766718857193,
              43.80779118025274
            ],
            [
              -80.30766343338223,
              43.807785957072426
            ],
            [
              -80.30766032253436,
              43.807780515966215
            ],
            [
              -80.3076578759645,
              43.80777490016885
            ],
            [
              -80.30765611624042,
              43.80776915123146
            ],
            [
              -80.30765549811942,
              43.807766241661454
            ],
            [
              -80.30753652581737,
              43.807111890611736
            ],
            [
              -80.30753592796708,
              43.807107493739885
            ],
            [
              -80.3075357284805,
              43.8071030787073
            ],
            [
              -80.30753596932824,
              43.8070982275987
            ],
            [
              -80.30753669066382,
              43.80709340165167
            ],
            [
              -80.30795310046341,
              43.80501137379819
            ],
            [
              -80.30795355411448,
              43.8050093275962
            ],
            [
              -80.30795531457746,
              43.80500357896606
            ],
            [
              -80.30795775903154,
              43.80499796281942
            ],
            [
              -80.30796087000806,
              43.80499252341503
            ],
            [
              -80.30796462554288,
              43.804987299404964
            ],
            [
              -80.3079689934516,
              43.8049823325861
            ],
            [
              -80.30797394433526,
              43.804977661276894
            ],
            [
              -80.30797507356465,
              43.80497670388581
            ],
            [
              -80.31025386775875,
              43.80308264203563
            ],
            [
              -80.3105398053207,
              43.802510770937545
            ],
            [
              -80.31053980637574,
              43.80173100880339
            ],
            [
              -80.31012862507842,
              43.80087927343408
            ],
            [
              -80.31012642613068,
              43.80087404990705
            ],
            [
              -80.31012481754576,
              43.800868715026745
            ],
            [
              -80.31012375696257,
              43.80086287682721
            ],
            [
              -80.3101234017103,
              43.80085699368793
            ],
            [
              -80.31012350961196,
              43.80085373836692
            ],
            [
              -80.31018299942872,
              43.79996144023237
            ],
            [
              -80.31018430649712,
              43.79995297415997
            ],
            [
              -80.3101860666413,
              43.799947224634195
            ],
            [
              -80.31018851056548,
              43.7999416093712
            ],
            [
              -80.31019162235056,
              43.799936169095865
            ],
            [
              -80.31019537608849,
              43.79993094498591
            ],
            [
              -80.31019974455565,
              43.799925979060845
            ],
            [
              -80.31020469363156,
              43.799921306725125
            ],
            [
              -80.3102089586298,
              43.79991787119838
            ],
            [
              -80.31021353942776,
              43.79991465522665
            ],
            [
              -80.31200157091003,
              43.79874217575458
            ],
            [
              -80.31274135551676,
              43.79377086477653
            ],
            [
              -80.31274223631435,
              43.793766377564495
            ],
            [
              -80.3127439947537,
              43.79376062798827
            ],
            [
              -80.31274643945677,
              43.79375501187068
            ],
            [
              -80.31274955063809,
              43.79374957156481
            ],
            [
              -80.31275330363339,
              43.79374434830423
            ],
            [
              -80.31275738468887,
              43.793739681151486
            ],
            [
              -80.31403537346222,
              43.79240226229906
            ],
            [
              -80.31403633959391,
              43.79240123000337
            ],
            [
              -80.31595586613125,
              43.79031081421451
            ]
          ]
        ]
      },
      "properties": {
        "Hylak_id": 110809.0,
        "SubId": 29012889,
        "Lake_Cat": 1,
        "Vol_total": 61.2,
        "Depth_avg": 11.0,
        "Lake_area": 5.54,
        "Lake_type": 2.0,
        "PieceArea_": 5756935.930707565,
        "LakeArea_m": 5540000.0,
        "Lake_name": null,
        "Country": "Canada",
        "Continent": "North America",
        "Poly_src": "Other",
        "Lake_type_": 2.0,
        "Grand_id": 1506.0,
        "Lake_area_": 5.54,
        "Shore_len": 25.99,
        "Shore_dev": 3.12,
        "Vol_total_": 61.2,
        "Vol_res": 61.2,
        "Vol_src": 2.0,
        "Depth_avg_": 11.0,
        "Dis_avg": 5.229,
        "Res_time": 135.5,
        "Elevation": 416.0,
        "Slope_100": 3.32,
        "Wshd_area": 779.8,
        "Pour_long": -80.335417,
        "Pour_lat": 43.735807
      }
    }
  ]
}
